Copyright 1986-2022 Xilinx, Inc. All Rights Reserved.
------------------------------------------------------------------------------------------------------------------------------------------------------------------------------------------------------
| Tool Version : Vivado v.2022.2 (win64) Build 3671981 Fri Oct 14 05:00:03 MDT 2022
| Date         : Sat Jan  3 00:55:16 2026
| Host         : AustinsPC running 64-bit major release  (build 9200)
| Command      : report_timing_summary -max_paths 10 -report_unconstrained -file top_timing_summary_routed.rpt -pb top_timing_summary_routed.pb -rpx top_timing_summary_routed.rpx -warn_on_violation
| Design       : top
| Device       : 7a35t-cpg236
| Speed File   : -1  PRODUCTION 1.23 2018-06-13
------------------------------------------------------------------------------------------------------------------------------------------------------------------------------------------------------

Timing Summary Report

------------------------------------------------------------------------------------------------
| Timer Settings
| --------------
------------------------------------------------------------------------------------------------

  Enable Multi Corner Analysis               :  Yes
  Enable Pessimism Removal                   :  Yes
  Pessimism Removal Resolution               :  Nearest Common Node
  Enable Input Delay Default Clock           :  No
  Enable Preset / Clear Arcs                 :  No
  Disable Flight Delays                      :  No
  Ignore I/O Paths                           :  No
  Timing Early Launch at Borrowing Latches   :  No
  Borrow Time for Max Delay Exceptions       :  Yes
  Merge Timing Exceptions                    :  Yes

  Corner  Analyze    Analyze    
  Name    Max Paths  Min Paths  
  ------  ---------  ---------  
  Slow    Yes        Yes        
  Fast    Yes        Yes        


------------------------------------------------------------------------------------------------
| Report Methodology
| ------------------
------------------------------------------------------------------------------------------------

Rule       Severity          Description                                Violations  
---------  ----------------  -----------------------------------------  ----------  
TIMING-17  Critical Warning  Non-clocked sequential cell                1000        
TIMING-27  Critical Warning  Invalid primary clock on hierarchical pin  1           

Note: This report is based on the most recent report_methodology run and may not be up-to-date. Run report_methodology on the current design for the latest report.



check_timing report

Table of Contents
-----------------
1. checking no_clock (11691)
2. checking constant_clock (0)
3. checking pulse_width_clock (0)
4. checking unconstrained_internal_endpoints (29884)
5. checking no_input_delay (2)
6. checking no_output_delay (9)
7. checking multiple_clock (0)
8. checking generated_clocks (0)
9. checking loops (0)
10. checking partial_input_delay (0)
11. checking partial_output_delay (0)
12. checking latch_loops (0)

1. checking no_clock (11691)
----------------------------
 There are 11691 register/latch pins with no clock driven by root clock pin: clk (HIGH)


2. checking constant_clock (0)
------------------------------
 There are 0 register/latch pins with constant_clock.


3. checking pulse_width_clock (0)
---------------------------------
 There are 0 register/latch pins which need pulse_width check


4. checking unconstrained_internal_endpoints (29884)
----------------------------------------------------
 There are 29884 pins that are not constrained for maximum delay. (HIGH)

 There are 0 pins that are not constrained for maximum delay due to constant clock.


5. checking no_input_delay (2)
------------------------------
 There are 2 input ports with no input delay specified. (HIGH)

 There are 0 input ports with no input delay but user has a false path constraint.


6. checking no_output_delay (9)
-------------------------------
 There are 9 ports with no output delay specified. (HIGH)

 There are 0 ports with no output delay but user has a false path constraint

 There are 0 ports with no output delay but with a timing clock defined on it or propagating through it


7. checking multiple_clock (0)
------------------------------
 There are 0 register/latch pins with multiple clocks.


8. checking generated_clocks (0)
--------------------------------
 There are 0 generated clocks that are not connected to a clock source.


9. checking loops (0)
---------------------
 There are 0 combinational loops in the design.


10. checking partial_input_delay (0)
------------------------------------
 There are 0 input ports with partial input delay specified.


11. checking partial_output_delay (0)
-------------------------------------
 There are 0 ports with partial output delay specified.


12. checking latch_loops (0)
----------------------------
 There are 0 combinational latch loops in the design through latch input



------------------------------------------------------------------------------------------------
| Design Timing Summary
| ---------------------
------------------------------------------------------------------------------------------------

    WNS(ns)      TNS(ns)  TNS Failing Endpoints  TNS Total Endpoints      WHS(ns)      THS(ns)  THS Failing Endpoints  THS Total Endpoints     WPWS(ns)     TPWS(ns)  TPWS Failing Endpoints  TPWS Total Endpoints  
    -------      -------  ---------------------  -------------------      -------      -------  ---------------------  -------------------     --------     --------  ----------------------  --------------------  
    164.851        0.000                      0                  159        0.119        0.000                      0                  143        3.000        0.000                       0                    93  


All user specified timing constraints are met.


------------------------------------------------------------------------------------------------
| Clock Summary
| -------------
------------------------------------------------------------------------------------------------

Clock                      Waveform(ns)         Period(ns)      Frequency(MHz)
-----                      ------------         ----------      --------------
clk_wiz_inst/inst/clk_in1  {0.000 5.000}        10.000          100.000         
  SPI_clk_2x_clk_wiz_0     {0.000 83.333}       166.667         6.000           
  UART_clk_clk_wiz_0       {0.000 86.806}       173.611         5.760           
  clkfbout_clk_wiz_0       {0.000 25.000}       50.000          20.000          


------------------------------------------------------------------------------------------------
| Intra Clock Table
| -----------------
------------------------------------------------------------------------------------------------

Clock                          WNS(ns)      TNS(ns)  TNS Failing Endpoints  TNS Total Endpoints      WHS(ns)      THS(ns)  THS Failing Endpoints  THS Total Endpoints     WPWS(ns)     TPWS(ns)  TPWS Failing Endpoints  TPWS Total Endpoints  
-----                          -------      -------  ---------------------  -------------------      -------      -------  ---------------------  -------------------     --------     --------  ----------------------  --------------------  
clk_wiz_inst/inst/clk_in1                                                                                                                                                    3.000        0.000                       0                     1  
  SPI_clk_2x_clk_wiz_0         164.851        0.000                      0                    2        0.280        0.000                      0                    2       46.693        0.000                       0                     4  
  UART_clk_clk_wiz_0           169.894        0.000                      0                  141        0.119        0.000                      0                  141       39.749        0.000                       0                    85  
  clkfbout_clk_wiz_0                                                                                                                                                        47.845        0.000                       0                     3  


------------------------------------------------------------------------------------------------
| Inter Clock Table
| -----------------
------------------------------------------------------------------------------------------------

From Clock          To Clock                WNS(ns)      TNS(ns)  TNS Failing Endpoints  TNS Total Endpoints      WHS(ns)      THS(ns)  THS Failing Endpoints  THS Total Endpoints  
----------          --------                -------      -------  ---------------------  -------------------      -------      -------  ---------------------  -------------------  
                    UART_clk_clk_wiz_0      998.630        0.000                      0                    8                                                                        


------------------------------------------------------------------------------------------------
| Other Path Groups Table
| -----------------------
------------------------------------------------------------------------------------------------

Path Group          From Clock          To Clock                WNS(ns)      TNS(ns)  TNS Failing Endpoints  TNS Total Endpoints      WHS(ns)      THS(ns)  THS Failing Endpoints  THS Total Endpoints  
----------          ----------          --------                -------      -------  ---------------------  -------------------      -------      -------  ---------------------  -------------------  
**default**         UART_clk_clk_wiz_0                          172.261        0.000                      0                    8                                                                        


------------------------------------------------------------------------------------------------
| User Ignored Path Table
| -----------------------
------------------------------------------------------------------------------------------------

Path Group          From Clock          To Clock          
----------          ----------          --------          
(none)              UART_clk_clk_wiz_0                      
(none)                                  UART_clk_clk_wiz_0  


------------------------------------------------------------------------------------------------
| Unconstrained Path Table
| ------------------------
------------------------------------------------------------------------------------------------

Path Group            From Clock            To Clock            
----------            ----------            --------            
(none)                                                            
(none)                SPI_clk_2x_clk_wiz_0                        
(none)                UART_clk_clk_wiz_0                          
(none)                clkfbout_clk_wiz_0                          
(none)                                      SPI_clk_2x_clk_wiz_0  
(none)                                      UART_clk_clk_wiz_0    


------------------------------------------------------------------------------------------------
| Timing Details
| --------------
------------------------------------------------------------------------------------------------


---------------------------------------------------------------------------------------------------
From Clock:  clk_wiz_inst/inst/clk_in1
  To Clock:  clk_wiz_inst/inst/clk_in1

Setup :           NA  Failing Endpoints,  Worst Slack           NA  ,  Total Violation           NA
Hold  :           NA  Failing Endpoints,  Worst Slack           NA  ,  Total Violation           NA
PW    :            0  Failing Endpoints,  Worst Slack        3.000ns,  Total Violation        0.000ns
---------------------------------------------------------------------------------------------------


Pulse Width Checks
--------------------------------------------------------------------------------------
Clock Name:         clk_wiz_inst/inst/clk_in1
Waveform(ns):       { 0.000 5.000 }
Period(ns):         10.000
Sources:            { clk_wiz_inst/inst/clk_in1 }

Check Type        Corner  Lib Pin            Reference Pin  Required(ns)  Actual(ns)  Slack(ns)  Location         Pin
Min Period        n/a     MMCME2_ADV/CLKIN1  n/a            1.249         10.000      8.751      MMCME2_ADV_X1Y0  clk_wiz_inst/inst/mmcm_adv_inst/CLKIN1
Max Period        n/a     MMCME2_ADV/CLKIN1  n/a            100.000       10.000      90.000     MMCME2_ADV_X1Y0  clk_wiz_inst/inst/mmcm_adv_inst/CLKIN1
Low Pulse Width   Slow    MMCME2_ADV/CLKIN1  n/a            2.000         5.000       3.000      MMCME2_ADV_X1Y0  clk_wiz_inst/inst/mmcm_adv_inst/CLKIN1
Low Pulse Width   Fast    MMCME2_ADV/CLKIN1  n/a            2.000         5.000       3.000      MMCME2_ADV_X1Y0  clk_wiz_inst/inst/mmcm_adv_inst/CLKIN1
High Pulse Width  Slow    MMCME2_ADV/CLKIN1  n/a            2.000         5.000       3.000      MMCME2_ADV_X1Y0  clk_wiz_inst/inst/mmcm_adv_inst/CLKIN1
High Pulse Width  Fast    MMCME2_ADV/CLKIN1  n/a            2.000         5.000       3.000      MMCME2_ADV_X1Y0  clk_wiz_inst/inst/mmcm_adv_inst/CLKIN1



---------------------------------------------------------------------------------------------------
From Clock:  SPI_clk_2x_clk_wiz_0
  To Clock:  SPI_clk_2x_clk_wiz_0

Setup :            0  Failing Endpoints,  Worst Slack      164.851ns,  Total Violation        0.000ns
Hold  :            0  Failing Endpoints,  Worst Slack        0.280ns,  Total Violation        0.000ns
PW    :            0  Failing Endpoints,  Worst Slack       46.693ns,  Total Violation        0.000ns
---------------------------------------------------------------------------------------------------


Max Delay Paths
--------------------------------------------------------------------------------------
Slack (MET) :             164.851ns  (required time - arrival time)
  Source:                 clk_div_inst/count_reg[0]/C
                            (rising edge-triggered cell FDRE clocked by SPI_clk_2x_clk_wiz_0  {rise@0.000ns fall@83.333ns period=166.667ns})
  Destination:            clk_div_inst/clk_out_reg_reg/D
                            (rising edge-triggered cell FDRE clocked by SPI_clk_2x_clk_wiz_0  {rise@0.000ns fall@83.333ns period=166.667ns})
  Path Group:             SPI_clk_2x_clk_wiz_0
  Path Type:              Setup (Max at Slow Process Corner)
  Requirement:            166.667ns  (SPI_clk_2x_clk_wiz_0 rise@166.667ns - SPI_clk_2x_clk_wiz_0 rise@0.000ns)
  Data Path Delay:        1.567ns  (logic 0.718ns (45.831%)  route 0.849ns (54.169%))
  Logic Levels:           1  (LUT3=1)
  Clock Path Skew:        0.000ns (DCD - SCD + CPR)
    Destination Clock Delay (DCD):    1.520ns = ( 168.187 - 166.667 ) 
    Source Clock Delay      (SCD):    1.639ns
    Clock Pessimism Removal (CPR):    0.119ns
  Clock Uncertainty:      0.278ns  ((TSJ^2 + DJ^2)^1/2) / 2 + PE
    Total System Jitter     (TSJ):    0.071ns
    Discrete Jitter          (DJ):    0.551ns
    Phase Error              (PE):    0.000ns

    Location             Delay type                Incr(ns)  Path(ns)    Netlist Resource(s)
  -------------------------------------------------------------------    -------------------
                         (clock SPI_clk_2x_clk_wiz_0 rise edge)
                                                      0.000     0.000 r  
    BUFGCTRL_X0Y0        BUFG                         0.000     0.000 r  clk_IBUF_BUFG_inst/O
                         net (fo=11692, routed)       1.575     1.575    clk_wiz_inst/inst/clk_in1
    MMCME2_ADV_X1Y0      MMCME2_ADV (Prop_mmcme2_adv_CLKIN1_CLKOUT1)
                                                     -3.333    -1.757 r  clk_wiz_inst/inst/mmcm_adv_inst/CLKOUT1
                         net (fo=1, routed)           1.661    -0.096    clk_wiz_inst/inst/SPI_clk_2x_clk_wiz_0
    BUFGCTRL_X0Y2        BUFG (Prop_bufg_I_O)         0.096    -0.000 r  clk_wiz_inst/inst/clkout2_buf/O
                         net (fo=2, routed)           1.639     1.639    clk_div_inst/SPI_clk_2x
    SLICE_X0Y2           FDRE                                         r  clk_div_inst/count_reg[0]/C
  -------------------------------------------------------------------    -------------------
    SLICE_X0Y2           FDRE (Prop_fdre_C_Q)         0.419     2.058 r  clk_div_inst/count_reg[0]/Q
                         net (fo=2, routed)           0.849     2.907    clk_div_inst/count
    SLICE_X0Y2           LUT3 (Prop_lut3_I1_O)        0.299     3.206 r  clk_div_inst/clk_out_reg_i_1/O
                         net (fo=1, routed)           0.000     3.206    clk_div_inst/clk_out_reg_i_1_n_0
    SLICE_X0Y2           FDRE                                         r  clk_div_inst/clk_out_reg_reg/D
  -------------------------------------------------------------------    -------------------

                         (clock SPI_clk_2x_clk_wiz_0 rise edge)
                                                    166.667   166.667 r  
    BUFGCTRL_X0Y0        BUFG                         0.000   166.667 r  clk_IBUF_BUFG_inst/O
                         net (fo=11692, routed)       1.457   168.124    clk_wiz_inst/inst/clk_in1
    MMCME2_ADV_X1Y0      MMCME2_ADV (Prop_mmcme2_adv_CLKIN1_CLKOUT1)
                                                     -3.129   164.995 r  clk_wiz_inst/inst/mmcm_adv_inst/CLKOUT1
                         net (fo=1, routed)           1.581   166.576    clk_wiz_inst/inst/SPI_clk_2x_clk_wiz_0
    BUFGCTRL_X0Y2        BUFG (Prop_bufg_I_O)         0.091   166.667 r  clk_wiz_inst/inst/clkout2_buf/O
                         net (fo=2, routed)           1.520   168.187    clk_div_inst/SPI_clk_2x
    SLICE_X0Y2           FDRE                                         r  clk_div_inst/clk_out_reg_reg/C
                         clock pessimism              0.119   168.306    
                         clock uncertainty           -0.278   168.028    
    SLICE_X0Y2           FDRE (Setup_fdre_C_D)        0.029   168.057    clk_div_inst/clk_out_reg_reg
  -------------------------------------------------------------------
                         required time                        168.057    
                         arrival time                          -3.206    
  -------------------------------------------------------------------
                         slack                                164.851    

Slack (MET) :             164.869ns  (required time - arrival time)
  Source:                 clk_div_inst/count_reg[0]/C
                            (rising edge-triggered cell FDRE clocked by SPI_clk_2x_clk_wiz_0  {rise@0.000ns fall@83.333ns period=166.667ns})
  Destination:            clk_div_inst/count_reg[0]/D
                            (rising edge-triggered cell FDRE clocked by SPI_clk_2x_clk_wiz_0  {rise@0.000ns fall@83.333ns period=166.667ns})
  Path Group:             SPI_clk_2x_clk_wiz_0
  Path Type:              Setup (Max at Slow Process Corner)
  Requirement:            166.667ns  (SPI_clk_2x_clk_wiz_0 rise@166.667ns - SPI_clk_2x_clk_wiz_0 rise@0.000ns)
  Data Path Delay:        1.595ns  (logic 0.746ns (46.782%)  route 0.849ns (53.218%))
  Logic Levels:           1  (LUT2=1)
  Clock Path Skew:        0.000ns (DCD - SCD + CPR)
    Destination Clock Delay (DCD):    1.520ns = ( 168.187 - 166.667 ) 
    Source Clock Delay      (SCD):    1.639ns
    Clock Pessimism Removal (CPR):    0.119ns
  Clock Uncertainty:      0.278ns  ((TSJ^2 + DJ^2)^1/2) / 2 + PE
    Total System Jitter     (TSJ):    0.071ns
    Discrete Jitter          (DJ):    0.551ns
    Phase Error              (PE):    0.000ns

    Location             Delay type                Incr(ns)  Path(ns)    Netlist Resource(s)
  -------------------------------------------------------------------    -------------------
                         (clock SPI_clk_2x_clk_wiz_0 rise edge)
                                                      0.000     0.000 r  
    BUFGCTRL_X0Y0        BUFG                         0.000     0.000 r  clk_IBUF_BUFG_inst/O
                         net (fo=11692, routed)       1.575     1.575    clk_wiz_inst/inst/clk_in1
    MMCME2_ADV_X1Y0      MMCME2_ADV (Prop_mmcme2_adv_CLKIN1_CLKOUT1)
                                                     -3.333    -1.757 r  clk_wiz_inst/inst/mmcm_adv_inst/CLKOUT1
                         net (fo=1, routed)           1.661    -0.096    clk_wiz_inst/inst/SPI_clk_2x_clk_wiz_0
    BUFGCTRL_X0Y2        BUFG (Prop_bufg_I_O)         0.096    -0.000 r  clk_wiz_inst/inst/clkout2_buf/O
                         net (fo=2, routed)           1.639     1.639    clk_div_inst/SPI_clk_2x
    SLICE_X0Y2           FDRE                                         r  clk_div_inst/count_reg[0]/C
  -------------------------------------------------------------------    -------------------
    SLICE_X0Y2           FDRE (Prop_fdre_C_Q)         0.419     2.058 f  clk_div_inst/count_reg[0]/Q
                         net (fo=2, routed)           0.849     2.907    clk_div_inst/count
    SLICE_X0Y2           LUT2 (Prop_lut2_I0_O)        0.327     3.234 r  clk_div_inst/count[0]_i_1/O
                         net (fo=1, routed)           0.000     3.234    clk_div_inst/count[0]_i_1_n_0
    SLICE_X0Y2           FDRE                                         r  clk_div_inst/count_reg[0]/D
  -------------------------------------------------------------------    -------------------

                         (clock SPI_clk_2x_clk_wiz_0 rise edge)
                                                    166.667   166.667 r  
    BUFGCTRL_X0Y0        BUFG                         0.000   166.667 r  clk_IBUF_BUFG_inst/O
                         net (fo=11692, routed)       1.457   168.124    clk_wiz_inst/inst/clk_in1
    MMCME2_ADV_X1Y0      MMCME2_ADV (Prop_mmcme2_adv_CLKIN1_CLKOUT1)
                                                     -3.129   164.995 r  clk_wiz_inst/inst/mmcm_adv_inst/CLKOUT1
                         net (fo=1, routed)           1.581   166.576    clk_wiz_inst/inst/SPI_clk_2x_clk_wiz_0
    BUFGCTRL_X0Y2        BUFG (Prop_bufg_I_O)         0.091   166.667 r  clk_wiz_inst/inst/clkout2_buf/O
                         net (fo=2, routed)           1.520   168.187    clk_div_inst/SPI_clk_2x
    SLICE_X0Y2           FDRE                                         r  clk_div_inst/count_reg[0]/C
                         clock pessimism              0.119   168.306    
                         clock uncertainty           -0.278   168.028    
    SLICE_X0Y2           FDRE (Setup_fdre_C_D)        0.075   168.103    clk_div_inst/count_reg[0]
  -------------------------------------------------------------------
                         required time                        168.103    
                         arrival time                          -3.234    
  -------------------------------------------------------------------
                         slack                                164.869    





Min Delay Paths
--------------------------------------------------------------------------------------
Slack (MET) :             0.280ns  (arrival time - required time)
  Source:                 clk_div_inst/clk_out_reg_reg/C
                            (rising edge-triggered cell FDRE clocked by SPI_clk_2x_clk_wiz_0  {rise@0.000ns fall@83.333ns period=166.667ns})
  Destination:            clk_div_inst/clk_out_reg_reg/D
                            (rising edge-triggered cell FDRE clocked by SPI_clk_2x_clk_wiz_0  {rise@0.000ns fall@83.333ns period=166.667ns})
  Path Group:             SPI_clk_2x_clk_wiz_0
  Path Type:              Hold (Min at Fast Process Corner)
  Requirement:            0.000ns  (SPI_clk_2x_clk_wiz_0 rise@0.000ns - SPI_clk_2x_clk_wiz_0 rise@0.000ns)
  Data Path Delay:        0.371ns  (logic 0.186ns (50.162%)  route 0.185ns (49.838%))
  Logic Levels:           1  (LUT3=1)
  Clock Path Skew:        0.000ns (DCD - SCD - CPR)
    Destination Clock Delay (DCD):    0.867ns
    Source Clock Delay      (SCD):    0.596ns
    Clock Pessimism Removal (CPR):    0.271ns

    Location             Delay type                Incr(ns)  Path(ns)    Netlist Resource(s)
  -------------------------------------------------------------------    -------------------
                         (clock SPI_clk_2x_clk_wiz_0 rise edge)
                                                      0.000     0.000 r  
    BUFGCTRL_X0Y0        BUFG                         0.000     0.000 r  clk_IBUF_BUFG_inst/O
                         net (fo=11692, routed)       0.549     0.549    clk_wiz_inst/inst/clk_in1
    MMCME2_ADV_X1Y0      MMCME2_ADV (Prop_mmcme2_adv_CLKIN1_CLKOUT1)
                                                     -1.061    -0.512 r  clk_wiz_inst/inst/mmcm_adv_inst/CLKOUT1
                         net (fo=1, routed)           0.486    -0.026    clk_wiz_inst/inst/SPI_clk_2x_clk_wiz_0
    BUFGCTRL_X0Y2        BUFG (Prop_bufg_I_O)         0.026     0.000 r  clk_wiz_inst/inst/clkout2_buf/O
                         net (fo=2, routed)           0.596     0.596    clk_div_inst/SPI_clk_2x
    SLICE_X0Y2           FDRE                                         r  clk_div_inst/clk_out_reg_reg/C
  -------------------------------------------------------------------    -------------------
    SLICE_X0Y2           FDRE (Prop_fdre_C_Q)         0.141     0.737 r  clk_div_inst/clk_out_reg_reg/Q
                         net (fo=5, routed)           0.185     0.921    clk_div_inst/ADC_clk4_OBUF
    SLICE_X0Y2           LUT3 (Prop_lut3_I0_O)        0.045     0.966 r  clk_div_inst/clk_out_reg_i_1/O
                         net (fo=1, routed)           0.000     0.966    clk_div_inst/clk_out_reg_i_1_n_0
    SLICE_X0Y2           FDRE                                         r  clk_div_inst/clk_out_reg_reg/D
  -------------------------------------------------------------------    -------------------

                         (clock SPI_clk_2x_clk_wiz_0 rise edge)
                                                      0.000     0.000 r  
    BUFGCTRL_X0Y0        BUFG                         0.000     0.000 r  clk_IBUF_BUFG_inst/O
                         net (fo=11692, routed)       0.817     0.817    clk_wiz_inst/inst/clk_in1
    MMCME2_ADV_X1Y0      MMCME2_ADV (Prop_mmcme2_adv_CLKIN1_CLKOUT1)
                                                     -1.375    -0.559 r  clk_wiz_inst/inst/mmcm_adv_inst/CLKOUT1
                         net (fo=1, routed)           0.530    -0.029    clk_wiz_inst/inst/SPI_clk_2x_clk_wiz_0
    BUFGCTRL_X0Y2        BUFG (Prop_bufg_I_O)         0.029     0.000 r  clk_wiz_inst/inst/clkout2_buf/O
                         net (fo=2, routed)           0.867     0.867    clk_div_inst/SPI_clk_2x
    SLICE_X0Y2           FDRE                                         r  clk_div_inst/clk_out_reg_reg/C
                         clock pessimism             -0.271     0.596    
    SLICE_X0Y2           FDRE (Hold_fdre_C_D)         0.091     0.687    clk_div_inst/clk_out_reg_reg
  -------------------------------------------------------------------
                         required time                         -0.687    
                         arrival time                           0.966    
  -------------------------------------------------------------------
                         slack                                  0.280    

Slack (MET) :             0.402ns  (arrival time - required time)
  Source:                 clk_div_inst/count_reg[0]/C
                            (rising edge-triggered cell FDRE clocked by SPI_clk_2x_clk_wiz_0  {rise@0.000ns fall@83.333ns period=166.667ns})
  Destination:            clk_div_inst/count_reg[0]/D
                            (rising edge-triggered cell FDRE clocked by SPI_clk_2x_clk_wiz_0  {rise@0.000ns fall@83.333ns period=166.667ns})
  Path Group:             SPI_clk_2x_clk_wiz_0
  Path Type:              Hold (Min at Fast Process Corner)
  Requirement:            0.000ns  (SPI_clk_2x_clk_wiz_0 rise@0.000ns - SPI_clk_2x_clk_wiz_0 rise@0.000ns)
  Data Path Delay:        0.509ns  (logic 0.226ns (44.434%)  route 0.283ns (55.566%))
  Logic Levels:           1  (LUT2=1)
  Clock Path Skew:        0.000ns (DCD - SCD - CPR)
    Destination Clock Delay (DCD):    0.867ns
    Source Clock Delay      (SCD):    0.596ns
    Clock Pessimism Removal (CPR):    0.271ns

    Location             Delay type                Incr(ns)  Path(ns)    Netlist Resource(s)
  -------------------------------------------------------------------    -------------------
                         (clock SPI_clk_2x_clk_wiz_0 rise edge)
                                                      0.000     0.000 r  
    BUFGCTRL_X0Y0        BUFG                         0.000     0.000 r  clk_IBUF_BUFG_inst/O
                         net (fo=11692, routed)       0.549     0.549    clk_wiz_inst/inst/clk_in1
    MMCME2_ADV_X1Y0      MMCME2_ADV (Prop_mmcme2_adv_CLKIN1_CLKOUT1)
                                                     -1.061    -0.512 r  clk_wiz_inst/inst/mmcm_adv_inst/CLKOUT1
                         net (fo=1, routed)           0.486    -0.026    clk_wiz_inst/inst/SPI_clk_2x_clk_wiz_0
    BUFGCTRL_X0Y2        BUFG (Prop_bufg_I_O)         0.026     0.000 r  clk_wiz_inst/inst/clkout2_buf/O
                         net (fo=2, routed)           0.596     0.596    clk_div_inst/SPI_clk_2x
    SLICE_X0Y2           FDRE                                         r  clk_div_inst/count_reg[0]/C
  -------------------------------------------------------------------    -------------------
    SLICE_X0Y2           FDRE (Prop_fdre_C_Q)         0.128     0.724 f  clk_div_inst/count_reg[0]/Q
                         net (fo=2, routed)           0.283     1.006    clk_div_inst/count
    SLICE_X0Y2           LUT2 (Prop_lut2_I0_O)        0.098     1.104 r  clk_div_inst/count[0]_i_1/O
                         net (fo=1, routed)           0.000     1.104    clk_div_inst/count[0]_i_1_n_0
    SLICE_X0Y2           FDRE                                         r  clk_div_inst/count_reg[0]/D
  -------------------------------------------------------------------    -------------------

                         (clock SPI_clk_2x_clk_wiz_0 rise edge)
                                                      0.000     0.000 r  
    BUFGCTRL_X0Y0        BUFG                         0.000     0.000 r  clk_IBUF_BUFG_inst/O
                         net (fo=11692, routed)       0.817     0.817    clk_wiz_inst/inst/clk_in1
    MMCME2_ADV_X1Y0      MMCME2_ADV (Prop_mmcme2_adv_CLKIN1_CLKOUT1)
                                                     -1.375    -0.559 r  clk_wiz_inst/inst/mmcm_adv_inst/CLKOUT1
                         net (fo=1, routed)           0.530    -0.029    clk_wiz_inst/inst/SPI_clk_2x_clk_wiz_0
    BUFGCTRL_X0Y2        BUFG (Prop_bufg_I_O)         0.029     0.000 r  clk_wiz_inst/inst/clkout2_buf/O
                         net (fo=2, routed)           0.867     0.867    clk_div_inst/SPI_clk_2x
    SLICE_X0Y2           FDRE                                         r  clk_div_inst/count_reg[0]/C
                         clock pessimism             -0.271     0.596    
    SLICE_X0Y2           FDRE (Hold_fdre_C_D)         0.107     0.703    clk_div_inst/count_reg[0]
  -------------------------------------------------------------------
                         required time                         -0.703    
                         arrival time                           1.104    
  -------------------------------------------------------------------
                         slack                                  0.402    





Pulse Width Checks
--------------------------------------------------------------------------------------
Clock Name:         SPI_clk_2x_clk_wiz_0
Waveform(ns):       { 0.000 83.333 }
Period(ns):         166.667
Sources:            { clk_wiz_inst/inst/mmcm_adv_inst/CLKOUT1 }

Check Type        Corner  Lib Pin             Reference Pin  Required(ns)  Actual(ns)  Slack(ns)  Location         Pin
Min Period        n/a     BUFG/I              n/a            2.155         166.667     164.511    BUFGCTRL_X0Y2    clk_wiz_inst/inst/clkout2_buf/I
Min Period        n/a     MMCME2_ADV/CLKOUT1  n/a            1.249         166.667     165.418    MMCME2_ADV_X1Y0  clk_wiz_inst/inst/mmcm_adv_inst/CLKOUT1
Min Period        n/a     FDRE/C              n/a            1.000         166.667     165.667    SLICE_X0Y2       clk_div_inst/clk_out_reg_reg/C
Min Period        n/a     FDRE/C              n/a            1.000         166.667     165.667    SLICE_X0Y2       clk_div_inst/count_reg[0]/C
Max Period        n/a     MMCME2_ADV/CLKOUT1  n/a            213.360       166.667     46.693     MMCME2_ADV_X1Y0  clk_wiz_inst/inst/mmcm_adv_inst/CLKOUT1
Low Pulse Width   Slow    FDRE/C              n/a            0.500         83.333      82.833     SLICE_X0Y2       clk_div_inst/clk_out_reg_reg/C
Low Pulse Width   Fast    FDRE/C              n/a            0.500         83.333      82.833     SLICE_X0Y2       clk_div_inst/clk_out_reg_reg/C
Low Pulse Width   Slow    FDRE/C              n/a            0.500         83.333      82.833     SLICE_X0Y2       clk_div_inst/count_reg[0]/C
Low Pulse Width   Fast    FDRE/C              n/a            0.500         83.333      82.833     SLICE_X0Y2       clk_div_inst/count_reg[0]/C
High Pulse Width  Slow    FDRE/C              n/a            0.500         83.333      82.833     SLICE_X0Y2       clk_div_inst/clk_out_reg_reg/C
High Pulse Width  Fast    FDRE/C              n/a            0.500         83.333      82.833     SLICE_X0Y2       clk_div_inst/clk_out_reg_reg/C
High Pulse Width  Slow    FDRE/C              n/a            0.500         83.333      82.833     SLICE_X0Y2       clk_div_inst/count_reg[0]/C
High Pulse Width  Fast    FDRE/C              n/a            0.500         83.333      82.833     SLICE_X0Y2       clk_div_inst/count_reg[0]/C



---------------------------------------------------------------------------------------------------
From Clock:  UART_clk_clk_wiz_0
  To Clock:  UART_clk_clk_wiz_0

Setup :            0  Failing Endpoints,  Worst Slack      169.894ns,  Total Violation        0.000ns
Hold  :            0  Failing Endpoints,  Worst Slack        0.119ns,  Total Violation        0.000ns
PW    :            0  Failing Endpoints,  Worst Slack       39.749ns,  Total Violation        0.000ns
---------------------------------------------------------------------------------------------------


Max Delay Paths
--------------------------------------------------------------------------------------
Slack (MET) :             169.894ns  (required time - arrival time)
  Source:                 UART_inst/UART_TX_inst/MASTER_TO_UART/gnuram_async_fifo.xpm_fifo_base_inst/gen_sdpram.xpm_memory_base_inst/gen_wr_a.gen_word_narrow.mem_reg/CLKBWRCLK
                            (rising edge-triggered cell RAMB18E1 clocked by UART_clk_clk_wiz_0  {rise@0.000ns fall@86.806ns period=173.611ns})
  Destination:            UART_inst/UART_TX_inst/UART_TX_DATAPATH_inst/tx_bits_register_reg[7]/D
                            (rising edge-triggered cell FDPE clocked by UART_clk_clk_wiz_0  {rise@0.000ns fall@86.806ns period=173.611ns})
  Path Group:             UART_clk_clk_wiz_0
  Path Type:              Setup (Max at Slow Process Corner)
  Requirement:            173.611ns  (UART_clk_clk_wiz_0 rise@173.611ns - UART_clk_clk_wiz_0 rise@0.000ns)
  Data Path Delay:        3.361ns  (logic 2.454ns (73.020%)  route 0.907ns (26.980%))
  Logic Levels:           0  
  Clock Path Skew:        -0.015ns (DCD - SCD + CPR)
    Destination Clock Delay (DCD):    1.503ns = ( 175.114 - 173.611 ) 
    Source Clock Delay      (SCD):    1.596ns
    Clock Pessimism Removal (CPR):    0.078ns
  Clock Uncertainty:      0.280ns  ((TSJ^2 + DJ^2)^1/2) / 2 + PE
    Total System Jitter     (TSJ):    0.071ns
    Discrete Jitter          (DJ):    0.555ns
    Phase Error              (PE):    0.000ns

    Location             Delay type                Incr(ns)  Path(ns)    Netlist Resource(s)
  -------------------------------------------------------------------    -------------------
                         (clock UART_clk_clk_wiz_0 rise edge)
                                                      0.000     0.000 r  
    BUFGCTRL_X0Y0        BUFG                         0.000     0.000 r  clk_IBUF_BUFG_inst/O
                         net (fo=11692, routed)       1.575     1.575    clk_wiz_inst/inst/clk_in1
    MMCME2_ADV_X1Y0      MMCME2_ADV (Prop_mmcme2_adv_CLKIN1_CLKOUT0)
                                                     -3.333    -1.757 r  clk_wiz_inst/inst/mmcm_adv_inst/CLKOUT0
                         net (fo=1, routed)           1.661    -0.096    clk_wiz_inst/inst/UART_clk_clk_wiz_0
    BUFGCTRL_X0Y1        BUFG (Prop_bufg_I_O)         0.096    -0.000 r  clk_wiz_inst/inst/clkout1_buf/O
                         net (fo=83, routed)          1.596     1.596    UART_inst/UART_TX_inst/MASTER_TO_UART/gnuram_async_fifo.xpm_fifo_base_inst/gen_sdpram.xpm_memory_base_inst/clkb
    RAMB18_X0Y24         RAMB18E1                                     r  UART_inst/UART_TX_inst/MASTER_TO_UART/gnuram_async_fifo.xpm_fifo_base_inst/gen_sdpram.xpm_memory_base_inst/gen_wr_a.gen_word_narrow.mem_reg/CLKBWRCLK
  -------------------------------------------------------------------    -------------------
    RAMB18_X0Y24         RAMB18E1 (Prop_ramb18e1_CLKBWRCLK_DOBDO[6])
                                                      2.454     4.050 r  UART_inst/UART_TX_inst/MASTER_TO_UART/gnuram_async_fifo.xpm_fifo_base_inst/gen_sdpram.xpm_memory_base_inst/gen_wr_a.gen_word_narrow.mem_reg/DOBDO[6]
                         net (fo=1, routed)           0.907     4.957    UART_inst/UART_TX_inst/UART_TX_DATAPATH_inst/tx_bits_register_reg[8]_1[6]
    SLICE_X5Y62          FDPE                                         r  UART_inst/UART_TX_inst/UART_TX_DATAPATH_inst/tx_bits_register_reg[7]/D
  -------------------------------------------------------------------    -------------------

                         (clock UART_clk_clk_wiz_0 rise edge)
                                                    173.611   173.611 r  
    BUFGCTRL_X0Y0        BUFG                         0.000   173.611 r  clk_IBUF_BUFG_inst/O
                         net (fo=11692, routed)       1.457   175.069    clk_wiz_inst/inst/clk_in1
    MMCME2_ADV_X1Y0      MMCME2_ADV (Prop_mmcme2_adv_CLKIN1_CLKOUT0)
                                                     -3.129   171.939 r  clk_wiz_inst/inst/mmcm_adv_inst/CLKOUT0
                         net (fo=1, routed)           1.581   173.520    clk_wiz_inst/inst/UART_clk_clk_wiz_0
    BUFGCTRL_X0Y1        BUFG (Prop_bufg_I_O)         0.091   173.611 r  clk_wiz_inst/inst/clkout1_buf/O
                         net (fo=83, routed)          1.503   175.114    UART_inst/UART_TX_inst/UART_TX_DATAPATH_inst/UART_clk
    SLICE_X5Y62          FDPE                                         r  UART_inst/UART_TX_inst/UART_TX_DATAPATH_inst/tx_bits_register_reg[7]/C
                         clock pessimism              0.078   175.192    
                         clock uncertainty           -0.280   174.912    
    SLICE_X5Y62          FDPE (Setup_fdpe_C_D)       -0.061   174.851    UART_inst/UART_TX_inst/UART_TX_DATAPATH_inst/tx_bits_register_reg[7]
  -------------------------------------------------------------------
                         required time                        174.852    
                         arrival time                          -4.957    
  -------------------------------------------------------------------
                         slack                                169.894    

Slack (MET) :             169.895ns  (required time - arrival time)
  Source:                 UART_inst/UART_TX_inst/MASTER_TO_UART/gnuram_async_fifo.xpm_fifo_base_inst/gen_sdpram.xpm_memory_base_inst/gen_wr_a.gen_word_narrow.mem_reg/CLKBWRCLK
                            (rising edge-triggered cell RAMB18E1 clocked by UART_clk_clk_wiz_0  {rise@0.000ns fall@86.806ns period=173.611ns})
  Destination:            UART_inst/UART_TX_inst/UART_TX_DATAPATH_inst/tx_bits_register_reg[5]/D
                            (rising edge-triggered cell FDPE clocked by UART_clk_clk_wiz_0  {rise@0.000ns fall@86.806ns period=173.611ns})
  Path Group:             UART_clk_clk_wiz_0
  Path Type:              Setup (Max at Slow Process Corner)
  Requirement:            173.611ns  (UART_clk_clk_wiz_0 rise@173.611ns - UART_clk_clk_wiz_0 rise@0.000ns)
  Data Path Delay:        3.363ns  (logic 2.454ns (72.978%)  route 0.909ns (27.022%))
  Logic Levels:           0  
  Clock Path Skew:        -0.015ns (DCD - SCD + CPR)
    Destination Clock Delay (DCD):    1.503ns = ( 175.114 - 173.611 ) 
    Source Clock Delay      (SCD):    1.596ns
    Clock Pessimism Removal (CPR):    0.078ns
  Clock Uncertainty:      0.280ns  ((TSJ^2 + DJ^2)^1/2) / 2 + PE
    Total System Jitter     (TSJ):    0.071ns
    Discrete Jitter          (DJ):    0.555ns
    Phase Error              (PE):    0.000ns

    Location             Delay type                Incr(ns)  Path(ns)    Netlist Resource(s)
  -------------------------------------------------------------------    -------------------
                         (clock UART_clk_clk_wiz_0 rise edge)
                                                      0.000     0.000 r  
    BUFGCTRL_X0Y0        BUFG                         0.000     0.000 r  clk_IBUF_BUFG_inst/O
                         net (fo=11692, routed)       1.575     1.575    clk_wiz_inst/inst/clk_in1
    MMCME2_ADV_X1Y0      MMCME2_ADV (Prop_mmcme2_adv_CLKIN1_CLKOUT0)
                                                     -3.333    -1.757 r  clk_wiz_inst/inst/mmcm_adv_inst/CLKOUT0
                         net (fo=1, routed)           1.661    -0.096    clk_wiz_inst/inst/UART_clk_clk_wiz_0
    BUFGCTRL_X0Y1        BUFG (Prop_bufg_I_O)         0.096    -0.000 r  clk_wiz_inst/inst/clkout1_buf/O
                         net (fo=83, routed)          1.596     1.596    UART_inst/UART_TX_inst/MASTER_TO_UART/gnuram_async_fifo.xpm_fifo_base_inst/gen_sdpram.xpm_memory_base_inst/clkb
    RAMB18_X0Y24         RAMB18E1                                     r  UART_inst/UART_TX_inst/MASTER_TO_UART/gnuram_async_fifo.xpm_fifo_base_inst/gen_sdpram.xpm_memory_base_inst/gen_wr_a.gen_word_narrow.mem_reg/CLKBWRCLK
  -------------------------------------------------------------------    -------------------
    RAMB18_X0Y24         RAMB18E1 (Prop_ramb18e1_CLKBWRCLK_DOBDO[4])
                                                      2.454     4.050 r  UART_inst/UART_TX_inst/MASTER_TO_UART/gnuram_async_fifo.xpm_fifo_base_inst/gen_sdpram.xpm_memory_base_inst/gen_wr_a.gen_word_narrow.mem_reg/DOBDO[4]
                         net (fo=1, routed)           0.909     4.959    UART_inst/UART_TX_inst/UART_TX_DATAPATH_inst/tx_bits_register_reg[8]_1[4]
    SLICE_X4Y62          FDPE                                         r  UART_inst/UART_TX_inst/UART_TX_DATAPATH_inst/tx_bits_register_reg[5]/D
  -------------------------------------------------------------------    -------------------

                         (clock UART_clk_clk_wiz_0 rise edge)
                                                    173.611   173.611 r  
    BUFGCTRL_X0Y0        BUFG                         0.000   173.611 r  clk_IBUF_BUFG_inst/O
                         net (fo=11692, routed)       1.457   175.069    clk_wiz_inst/inst/clk_in1
    MMCME2_ADV_X1Y0      MMCME2_ADV (Prop_mmcme2_adv_CLKIN1_CLKOUT0)
                                                     -3.129   171.939 r  clk_wiz_inst/inst/mmcm_adv_inst/CLKOUT0
                         net (fo=1, routed)           1.581   173.520    clk_wiz_inst/inst/UART_clk_clk_wiz_0
    BUFGCTRL_X0Y1        BUFG (Prop_bufg_I_O)         0.091   173.611 r  clk_wiz_inst/inst/clkout1_buf/O
                         net (fo=83, routed)          1.503   175.114    UART_inst/UART_TX_inst/UART_TX_DATAPATH_inst/UART_clk
    SLICE_X4Y62          FDPE                                         r  UART_inst/UART_TX_inst/UART_TX_DATAPATH_inst/tx_bits_register_reg[5]/C
                         clock pessimism              0.078   175.192    
                         clock uncertainty           -0.280   174.912    
    SLICE_X4Y62          FDPE (Setup_fdpe_C_D)       -0.058   174.854    UART_inst/UART_TX_inst/UART_TX_DATAPATH_inst/tx_bits_register_reg[5]
  -------------------------------------------------------------------
                         required time                        174.855    
                         arrival time                          -4.959    
  -------------------------------------------------------------------
                         slack                                169.895    

Slack (MET) :             170.000ns  (required time - arrival time)
  Source:                 UART_inst/UART_TX_inst/MASTER_TO_UART/gnuram_async_fifo.xpm_fifo_base_inst/gen_sdpram.xpm_memory_base_inst/gen_wr_a.gen_word_narrow.mem_reg/CLKBWRCLK
                            (rising edge-triggered cell RAMB18E1 clocked by UART_clk_clk_wiz_0  {rise@0.000ns fall@86.806ns period=173.611ns})
  Destination:            UART_inst/UART_TX_inst/UART_TX_DATAPATH_inst/tx_bits_register_reg[6]/D
                            (rising edge-triggered cell FDPE clocked by UART_clk_clk_wiz_0  {rise@0.000ns fall@86.806ns period=173.611ns})
  Path Group:             UART_clk_clk_wiz_0
  Path Type:              Setup (Max at Slow Process Corner)
  Requirement:            173.611ns  (UART_clk_clk_wiz_0 rise@173.611ns - UART_clk_clk_wiz_0 rise@0.000ns)
  Data Path Delay:        3.235ns  (logic 2.454ns (75.860%)  route 0.781ns (24.140%))
  Logic Levels:           0  
  Clock Path Skew:        -0.015ns (DCD - SCD + CPR)
    Destination Clock Delay (DCD):    1.503ns = ( 175.114 - 173.611 ) 
    Source Clock Delay      (SCD):    1.596ns
    Clock Pessimism Removal (CPR):    0.078ns
  Clock Uncertainty:      0.280ns  ((TSJ^2 + DJ^2)^1/2) / 2 + PE
    Total System Jitter     (TSJ):    0.071ns
    Discrete Jitter          (DJ):    0.555ns
    Phase Error              (PE):    0.000ns

    Location             Delay type                Incr(ns)  Path(ns)    Netlist Resource(s)
  -------------------------------------------------------------------    -------------------
                         (clock UART_clk_clk_wiz_0 rise edge)
                                                      0.000     0.000 r  
    BUFGCTRL_X0Y0        BUFG                         0.000     0.000 r  clk_IBUF_BUFG_inst/O
                         net (fo=11692, routed)       1.575     1.575    clk_wiz_inst/inst/clk_in1
    MMCME2_ADV_X1Y0      MMCME2_ADV (Prop_mmcme2_adv_CLKIN1_CLKOUT0)
                                                     -3.333    -1.757 r  clk_wiz_inst/inst/mmcm_adv_inst/CLKOUT0
                         net (fo=1, routed)           1.661    -0.096    clk_wiz_inst/inst/UART_clk_clk_wiz_0
    BUFGCTRL_X0Y1        BUFG (Prop_bufg_I_O)         0.096    -0.000 r  clk_wiz_inst/inst/clkout1_buf/O
                         net (fo=83, routed)          1.596     1.596    UART_inst/UART_TX_inst/MASTER_TO_UART/gnuram_async_fifo.xpm_fifo_base_inst/gen_sdpram.xpm_memory_base_inst/clkb
    RAMB18_X0Y24         RAMB18E1                                     r  UART_inst/UART_TX_inst/MASTER_TO_UART/gnuram_async_fifo.xpm_fifo_base_inst/gen_sdpram.xpm_memory_base_inst/gen_wr_a.gen_word_narrow.mem_reg/CLKBWRCLK
  -------------------------------------------------------------------    -------------------
    RAMB18_X0Y24         RAMB18E1 (Prop_ramb18e1_CLKBWRCLK_DOBDO[5])
                                                      2.454     4.050 r  UART_inst/UART_TX_inst/MASTER_TO_UART/gnuram_async_fifo.xpm_fifo_base_inst/gen_sdpram.xpm_memory_base_inst/gen_wr_a.gen_word_narrow.mem_reg/DOBDO[5]
                         net (fo=1, routed)           0.781     4.831    UART_inst/UART_TX_inst/UART_TX_DATAPATH_inst/tx_bits_register_reg[8]_1[5]
    SLICE_X5Y62          FDPE                                         r  UART_inst/UART_TX_inst/UART_TX_DATAPATH_inst/tx_bits_register_reg[6]/D
  -------------------------------------------------------------------    -------------------

                         (clock UART_clk_clk_wiz_0 rise edge)
                                                    173.611   173.611 r  
    BUFGCTRL_X0Y0        BUFG                         0.000   173.611 r  clk_IBUF_BUFG_inst/O
                         net (fo=11692, routed)       1.457   175.069    clk_wiz_inst/inst/clk_in1
    MMCME2_ADV_X1Y0      MMCME2_ADV (Prop_mmcme2_adv_CLKIN1_CLKOUT0)
                                                     -3.129   171.939 r  clk_wiz_inst/inst/mmcm_adv_inst/CLKOUT0
                         net (fo=1, routed)           1.581   173.520    clk_wiz_inst/inst/UART_clk_clk_wiz_0
    BUFGCTRL_X0Y1        BUFG (Prop_bufg_I_O)         0.091   173.611 r  clk_wiz_inst/inst/clkout1_buf/O
                         net (fo=83, routed)          1.503   175.114    UART_inst/UART_TX_inst/UART_TX_DATAPATH_inst/UART_clk
    SLICE_X5Y62          FDPE                                         r  UART_inst/UART_TX_inst/UART_TX_DATAPATH_inst/tx_bits_register_reg[6]/C
                         clock pessimism              0.078   175.192    
                         clock uncertainty           -0.280   174.912    
    SLICE_X5Y62          FDPE (Setup_fdpe_C_D)       -0.081   174.831    UART_inst/UART_TX_inst/UART_TX_DATAPATH_inst/tx_bits_register_reg[6]
  -------------------------------------------------------------------
                         required time                        174.831    
                         arrival time                          -4.831    
  -------------------------------------------------------------------
                         slack                                170.000    

Slack (MET) :             170.001ns  (required time - arrival time)
  Source:                 UART_inst/UART_TX_inst/MASTER_TO_UART/gnuram_async_fifo.xpm_fifo_base_inst/gen_sdpram.xpm_memory_base_inst/gen_wr_a.gen_word_narrow.mem_reg/CLKBWRCLK
                            (rising edge-triggered cell RAMB18E1 clocked by UART_clk_clk_wiz_0  {rise@0.000ns fall@86.806ns period=173.611ns})
  Destination:            UART_inst/UART_TX_inst/UART_TX_DATAPATH_inst/tx_bits_register_reg[2]/D
                            (rising edge-triggered cell FDPE clocked by UART_clk_clk_wiz_0  {rise@0.000ns fall@86.806ns period=173.611ns})
  Path Group:             UART_clk_clk_wiz_0
  Path Type:              Setup (Max at Slow Process Corner)
  Requirement:            173.611ns  (UART_clk_clk_wiz_0 rise@173.611ns - UART_clk_clk_wiz_0 rise@0.000ns)
  Data Path Delay:        3.234ns  (logic 2.454ns (75.879%)  route 0.780ns (24.121%))
  Logic Levels:           0  
  Clock Path Skew:        -0.015ns (DCD - SCD + CPR)
    Destination Clock Delay (DCD):    1.503ns = ( 175.114 - 173.611 ) 
    Source Clock Delay      (SCD):    1.596ns
    Clock Pessimism Removal (CPR):    0.078ns
  Clock Uncertainty:      0.280ns  ((TSJ^2 + DJ^2)^1/2) / 2 + PE
    Total System Jitter     (TSJ):    0.071ns
    Discrete Jitter          (DJ):    0.555ns
    Phase Error              (PE):    0.000ns

    Location             Delay type                Incr(ns)  Path(ns)    Netlist Resource(s)
  -------------------------------------------------------------------    -------------------
                         (clock UART_clk_clk_wiz_0 rise edge)
                                                      0.000     0.000 r  
    BUFGCTRL_X0Y0        BUFG                         0.000     0.000 r  clk_IBUF_BUFG_inst/O
                         net (fo=11692, routed)       1.575     1.575    clk_wiz_inst/inst/clk_in1
    MMCME2_ADV_X1Y0      MMCME2_ADV (Prop_mmcme2_adv_CLKIN1_CLKOUT0)
                                                     -3.333    -1.757 r  clk_wiz_inst/inst/mmcm_adv_inst/CLKOUT0
                         net (fo=1, routed)           1.661    -0.096    clk_wiz_inst/inst/UART_clk_clk_wiz_0
    BUFGCTRL_X0Y1        BUFG (Prop_bufg_I_O)         0.096    -0.000 r  clk_wiz_inst/inst/clkout1_buf/O
                         net (fo=83, routed)          1.596     1.596    UART_inst/UART_TX_inst/MASTER_TO_UART/gnuram_async_fifo.xpm_fifo_base_inst/gen_sdpram.xpm_memory_base_inst/clkb
    RAMB18_X0Y24         RAMB18E1                                     r  UART_inst/UART_TX_inst/MASTER_TO_UART/gnuram_async_fifo.xpm_fifo_base_inst/gen_sdpram.xpm_memory_base_inst/gen_wr_a.gen_word_narrow.mem_reg/CLKBWRCLK
  -------------------------------------------------------------------    -------------------
    RAMB18_X0Y24         RAMB18E1 (Prop_ramb18e1_CLKBWRCLK_DOBDO[1])
                                                      2.454     4.050 r  UART_inst/UART_TX_inst/MASTER_TO_UART/gnuram_async_fifo.xpm_fifo_base_inst/gen_sdpram.xpm_memory_base_inst/gen_wr_a.gen_word_narrow.mem_reg/DOBDO[1]
                         net (fo=1, routed)           0.780     4.831    UART_inst/UART_TX_inst/UART_TX_DATAPATH_inst/tx_bits_register_reg[8]_1[1]
    SLICE_X4Y62          FDPE                                         r  UART_inst/UART_TX_inst/UART_TX_DATAPATH_inst/tx_bits_register_reg[2]/D
  -------------------------------------------------------------------    -------------------

                         (clock UART_clk_clk_wiz_0 rise edge)
                                                    173.611   173.611 r  
    BUFGCTRL_X0Y0        BUFG                         0.000   173.611 r  clk_IBUF_BUFG_inst/O
                         net (fo=11692, routed)       1.457   175.069    clk_wiz_inst/inst/clk_in1
    MMCME2_ADV_X1Y0      MMCME2_ADV (Prop_mmcme2_adv_CLKIN1_CLKOUT0)
                                                     -3.129   171.939 r  clk_wiz_inst/inst/mmcm_adv_inst/CLKOUT0
                         net (fo=1, routed)           1.581   173.520    clk_wiz_inst/inst/UART_clk_clk_wiz_0
    BUFGCTRL_X0Y1        BUFG (Prop_bufg_I_O)         0.091   173.611 r  clk_wiz_inst/inst/clkout1_buf/O
                         net (fo=83, routed)          1.503   175.114    UART_inst/UART_TX_inst/UART_TX_DATAPATH_inst/UART_clk
    SLICE_X4Y62          FDPE                                         r  UART_inst/UART_TX_inst/UART_TX_DATAPATH_inst/tx_bits_register_reg[2]/C
                         clock pessimism              0.078   175.192    
                         clock uncertainty           -0.280   174.912    
    SLICE_X4Y62          FDPE (Setup_fdpe_C_D)       -0.081   174.831    UART_inst/UART_TX_inst/UART_TX_DATAPATH_inst/tx_bits_register_reg[2]
  -------------------------------------------------------------------
                         required time                        174.831    
                         arrival time                          -4.831    
  -------------------------------------------------------------------
                         slack                                170.001    

Slack (MET) :             170.006ns  (required time - arrival time)
  Source:                 UART_inst/UART_TX_inst/MASTER_TO_UART/gnuram_async_fifo.xpm_fifo_base_inst/gen_sdpram.xpm_memory_base_inst/gen_wr_a.gen_word_narrow.mem_reg/CLKBWRCLK
                            (rising edge-triggered cell RAMB18E1 clocked by UART_clk_clk_wiz_0  {rise@0.000ns fall@86.806ns period=173.611ns})
  Destination:            UART_inst/UART_TX_inst/UART_TX_DATAPATH_inst/tx_bits_register_reg[1]/D
                            (rising edge-triggered cell FDPE clocked by UART_clk_clk_wiz_0  {rise@0.000ns fall@86.806ns period=173.611ns})
  Path Group:             UART_clk_clk_wiz_0
  Path Type:              Setup (Max at Slow Process Corner)
  Requirement:            173.611ns  (UART_clk_clk_wiz_0 rise@173.611ns - UART_clk_clk_wiz_0 rise@0.000ns)
  Data Path Delay:        3.243ns  (logic 2.454ns (75.672%)  route 0.789ns (24.328%))
  Logic Levels:           0  
  Clock Path Skew:        -0.015ns (DCD - SCD + CPR)
    Destination Clock Delay (DCD):    1.503ns = ( 175.114 - 173.611 ) 
    Source Clock Delay      (SCD):    1.596ns
    Clock Pessimism Removal (CPR):    0.078ns
  Clock Uncertainty:      0.280ns  ((TSJ^2 + DJ^2)^1/2) / 2 + PE
    Total System Jitter     (TSJ):    0.071ns
    Discrete Jitter          (DJ):    0.555ns
    Phase Error              (PE):    0.000ns

    Location             Delay type                Incr(ns)  Path(ns)    Netlist Resource(s)
  -------------------------------------------------------------------    -------------------
                         (clock UART_clk_clk_wiz_0 rise edge)
                                                      0.000     0.000 r  
    BUFGCTRL_X0Y0        BUFG                         0.000     0.000 r  clk_IBUF_BUFG_inst/O
                         net (fo=11692, routed)       1.575     1.575    clk_wiz_inst/inst/clk_in1
    MMCME2_ADV_X1Y0      MMCME2_ADV (Prop_mmcme2_adv_CLKIN1_CLKOUT0)
                                                     -3.333    -1.757 r  clk_wiz_inst/inst/mmcm_adv_inst/CLKOUT0
                         net (fo=1, routed)           1.661    -0.096    clk_wiz_inst/inst/UART_clk_clk_wiz_0
    BUFGCTRL_X0Y1        BUFG (Prop_bufg_I_O)         0.096    -0.000 r  clk_wiz_inst/inst/clkout1_buf/O
                         net (fo=83, routed)          1.596     1.596    UART_inst/UART_TX_inst/MASTER_TO_UART/gnuram_async_fifo.xpm_fifo_base_inst/gen_sdpram.xpm_memory_base_inst/clkb
    RAMB18_X0Y24         RAMB18E1                                     r  UART_inst/UART_TX_inst/MASTER_TO_UART/gnuram_async_fifo.xpm_fifo_base_inst/gen_sdpram.xpm_memory_base_inst/gen_wr_a.gen_word_narrow.mem_reg/CLKBWRCLK
  -------------------------------------------------------------------    -------------------
    RAMB18_X0Y24         RAMB18E1 (Prop_ramb18e1_CLKBWRCLK_DOBDO[0])
                                                      2.454     4.050 r  UART_inst/UART_TX_inst/MASTER_TO_UART/gnuram_async_fifo.xpm_fifo_base_inst/gen_sdpram.xpm_memory_base_inst/gen_wr_a.gen_word_narrow.mem_reg/DOBDO[0]
                         net (fo=1, routed)           0.789     4.839    UART_inst/UART_TX_inst/UART_TX_DATAPATH_inst/tx_bits_register_reg[8]_1[0]
    SLICE_X5Y62          FDPE                                         r  UART_inst/UART_TX_inst/UART_TX_DATAPATH_inst/tx_bits_register_reg[1]/D
  -------------------------------------------------------------------    -------------------

                         (clock UART_clk_clk_wiz_0 rise edge)
                                                    173.611   173.611 r  
    BUFGCTRL_X0Y0        BUFG                         0.000   173.611 r  clk_IBUF_BUFG_inst/O
                         net (fo=11692, routed)       1.457   175.069    clk_wiz_inst/inst/clk_in1
    MMCME2_ADV_X1Y0      MMCME2_ADV (Prop_mmcme2_adv_CLKIN1_CLKOUT0)
                                                     -3.129   171.939 r  clk_wiz_inst/inst/mmcm_adv_inst/CLKOUT0
                         net (fo=1, routed)           1.581   173.520    clk_wiz_inst/inst/UART_clk_clk_wiz_0
    BUFGCTRL_X0Y1        BUFG (Prop_bufg_I_O)         0.091   173.611 r  clk_wiz_inst/inst/clkout1_buf/O
                         net (fo=83, routed)          1.503   175.114    UART_inst/UART_TX_inst/UART_TX_DATAPATH_inst/UART_clk
    SLICE_X5Y62          FDPE                                         r  UART_inst/UART_TX_inst/UART_TX_DATAPATH_inst/tx_bits_register_reg[1]/C
                         clock pessimism              0.078   175.192    
                         clock uncertainty           -0.280   174.912    
    SLICE_X5Y62          FDPE (Setup_fdpe_C_D)       -0.067   174.845    UART_inst/UART_TX_inst/UART_TX_DATAPATH_inst/tx_bits_register_reg[1]
  -------------------------------------------------------------------
                         required time                        174.845    
                         arrival time                          -4.839    
  -------------------------------------------------------------------
                         slack                                170.006    

Slack (MET) :             170.021ns  (required time - arrival time)
  Source:                 UART_inst/UART_TX_inst/MASTER_TO_UART/gnuram_async_fifo.xpm_fifo_base_inst/gen_sdpram.xpm_memory_base_inst/gen_wr_a.gen_word_narrow.mem_reg/CLKBWRCLK
                            (rising edge-triggered cell RAMB18E1 clocked by UART_clk_clk_wiz_0  {rise@0.000ns fall@86.806ns period=173.611ns})
  Destination:            UART_inst/UART_TX_inst/UART_TX_DATAPATH_inst/tx_bits_register_reg[4]/D
                            (rising edge-triggered cell FDPE clocked by UART_clk_clk_wiz_0  {rise@0.000ns fall@86.806ns period=173.611ns})
  Path Group:             UART_clk_clk_wiz_0
  Path Type:              Setup (Max at Slow Process Corner)
  Requirement:            173.611ns  (UART_clk_clk_wiz_0 rise@173.611ns - UART_clk_clk_wiz_0 rise@0.000ns)
  Data Path Delay:        3.234ns  (logic 2.454ns (75.879%)  route 0.780ns (24.121%))
  Logic Levels:           0  
  Clock Path Skew:        -0.015ns (DCD - SCD + CPR)
    Destination Clock Delay (DCD):    1.503ns = ( 175.114 - 173.611 ) 
    Source Clock Delay      (SCD):    1.596ns
    Clock Pessimism Removal (CPR):    0.078ns
  Clock Uncertainty:      0.280ns  ((TSJ^2 + DJ^2)^1/2) / 2 + PE
    Total System Jitter     (TSJ):    0.071ns
    Discrete Jitter          (DJ):    0.555ns
    Phase Error              (PE):    0.000ns

    Location             Delay type                Incr(ns)  Path(ns)    Netlist Resource(s)
  -------------------------------------------------------------------    -------------------
                         (clock UART_clk_clk_wiz_0 rise edge)
                                                      0.000     0.000 r  
    BUFGCTRL_X0Y0        BUFG                         0.000     0.000 r  clk_IBUF_BUFG_inst/O
                         net (fo=11692, routed)       1.575     1.575    clk_wiz_inst/inst/clk_in1
    MMCME2_ADV_X1Y0      MMCME2_ADV (Prop_mmcme2_adv_CLKIN1_CLKOUT0)
                                                     -3.333    -1.757 r  clk_wiz_inst/inst/mmcm_adv_inst/CLKOUT0
                         net (fo=1, routed)           1.661    -0.096    clk_wiz_inst/inst/UART_clk_clk_wiz_0
    BUFGCTRL_X0Y1        BUFG (Prop_bufg_I_O)         0.096    -0.000 r  clk_wiz_inst/inst/clkout1_buf/O
                         net (fo=83, routed)          1.596     1.596    UART_inst/UART_TX_inst/MASTER_TO_UART/gnuram_async_fifo.xpm_fifo_base_inst/gen_sdpram.xpm_memory_base_inst/clkb
    RAMB18_X0Y24         RAMB18E1                                     r  UART_inst/UART_TX_inst/MASTER_TO_UART/gnuram_async_fifo.xpm_fifo_base_inst/gen_sdpram.xpm_memory_base_inst/gen_wr_a.gen_word_narrow.mem_reg/CLKBWRCLK
  -------------------------------------------------------------------    -------------------
    RAMB18_X0Y24         RAMB18E1 (Prop_ramb18e1_CLKBWRCLK_DOBDO[3])
                                                      2.454     4.050 r  UART_inst/UART_TX_inst/MASTER_TO_UART/gnuram_async_fifo.xpm_fifo_base_inst/gen_sdpram.xpm_memory_base_inst/gen_wr_a.gen_word_narrow.mem_reg/DOBDO[3]
                         net (fo=1, routed)           0.780     4.831    UART_inst/UART_TX_inst/UART_TX_DATAPATH_inst/tx_bits_register_reg[8]_1[3]
    SLICE_X4Y62          FDPE                                         r  UART_inst/UART_TX_inst/UART_TX_DATAPATH_inst/tx_bits_register_reg[4]/D
  -------------------------------------------------------------------    -------------------

                         (clock UART_clk_clk_wiz_0 rise edge)
                                                    173.611   173.611 r  
    BUFGCTRL_X0Y0        BUFG                         0.000   173.611 r  clk_IBUF_BUFG_inst/O
                         net (fo=11692, routed)       1.457   175.069    clk_wiz_inst/inst/clk_in1
    MMCME2_ADV_X1Y0      MMCME2_ADV (Prop_mmcme2_adv_CLKIN1_CLKOUT0)
                                                     -3.129   171.939 r  clk_wiz_inst/inst/mmcm_adv_inst/CLKOUT0
                         net (fo=1, routed)           1.581   173.520    clk_wiz_inst/inst/UART_clk_clk_wiz_0
    BUFGCTRL_X0Y1        BUFG (Prop_bufg_I_O)         0.091   173.611 r  clk_wiz_inst/inst/clkout1_buf/O
                         net (fo=83, routed)          1.503   175.114    UART_inst/UART_TX_inst/UART_TX_DATAPATH_inst/UART_clk
    SLICE_X4Y62          FDPE                                         r  UART_inst/UART_TX_inst/UART_TX_DATAPATH_inst/tx_bits_register_reg[4]/C
                         clock pessimism              0.078   175.192    
                         clock uncertainty           -0.280   174.912    
    SLICE_X4Y62          FDPE (Setup_fdpe_C_D)       -0.061   174.851    UART_inst/UART_TX_inst/UART_TX_DATAPATH_inst/tx_bits_register_reg[4]
  -------------------------------------------------------------------
                         required time                        174.852    
                         arrival time                          -4.831    
  -------------------------------------------------------------------
                         slack                                170.021    

Slack (MET) :             170.025ns  (required time - arrival time)
  Source:                 UART_inst/UART_TX_inst/MASTER_TO_UART/gnuram_async_fifo.xpm_fifo_base_inst/gen_sdpram.xpm_memory_base_inst/gen_wr_a.gen_word_narrow.mem_reg/CLKBWRCLK
                            (rising edge-triggered cell RAMB18E1 clocked by UART_clk_clk_wiz_0  {rise@0.000ns fall@86.806ns period=173.611ns})
  Destination:            UART_inst/UART_TX_inst/UART_TX_DATAPATH_inst/tx_bits_register_reg[8]/D
                            (rising edge-triggered cell FDPE clocked by UART_clk_clk_wiz_0  {rise@0.000ns fall@86.806ns period=173.611ns})
  Path Group:             UART_clk_clk_wiz_0
  Path Type:              Setup (Max at Slow Process Corner)
  Requirement:            173.611ns  (UART_clk_clk_wiz_0 rise@173.611ns - UART_clk_clk_wiz_0 rise@0.000ns)
  Data Path Delay:        3.233ns  (logic 2.454ns (75.907%)  route 0.779ns (24.093%))
  Logic Levels:           0  
  Clock Path Skew:        -0.015ns (DCD - SCD + CPR)
    Destination Clock Delay (DCD):    1.503ns = ( 175.114 - 173.611 ) 
    Source Clock Delay      (SCD):    1.596ns
    Clock Pessimism Removal (CPR):    0.078ns
  Clock Uncertainty:      0.280ns  ((TSJ^2 + DJ^2)^1/2) / 2 + PE
    Total System Jitter     (TSJ):    0.071ns
    Discrete Jitter          (DJ):    0.555ns
    Phase Error              (PE):    0.000ns

    Location             Delay type                Incr(ns)  Path(ns)    Netlist Resource(s)
  -------------------------------------------------------------------    -------------------
                         (clock UART_clk_clk_wiz_0 rise edge)
                                                      0.000     0.000 r  
    BUFGCTRL_X0Y0        BUFG                         0.000     0.000 r  clk_IBUF_BUFG_inst/O
                         net (fo=11692, routed)       1.575     1.575    clk_wiz_inst/inst/clk_in1
    MMCME2_ADV_X1Y0      MMCME2_ADV (Prop_mmcme2_adv_CLKIN1_CLKOUT0)
                                                     -3.333    -1.757 r  clk_wiz_inst/inst/mmcm_adv_inst/CLKOUT0
                         net (fo=1, routed)           1.661    -0.096    clk_wiz_inst/inst/UART_clk_clk_wiz_0
    BUFGCTRL_X0Y1        BUFG (Prop_bufg_I_O)         0.096    -0.000 r  clk_wiz_inst/inst/clkout1_buf/O
                         net (fo=83, routed)          1.596     1.596    UART_inst/UART_TX_inst/MASTER_TO_UART/gnuram_async_fifo.xpm_fifo_base_inst/gen_sdpram.xpm_memory_base_inst/clkb
    RAMB18_X0Y24         RAMB18E1                                     r  UART_inst/UART_TX_inst/MASTER_TO_UART/gnuram_async_fifo.xpm_fifo_base_inst/gen_sdpram.xpm_memory_base_inst/gen_wr_a.gen_word_narrow.mem_reg/CLKBWRCLK
  -------------------------------------------------------------------    -------------------
    RAMB18_X0Y24         RAMB18E1 (Prop_ramb18e1_CLKBWRCLK_DOBDO[7])
                                                      2.454     4.050 r  UART_inst/UART_TX_inst/MASTER_TO_UART/gnuram_async_fifo.xpm_fifo_base_inst/gen_sdpram.xpm_memory_base_inst/gen_wr_a.gen_word_narrow.mem_reg/DOBDO[7]
                         net (fo=1, routed)           0.779     4.829    UART_inst/UART_TX_inst/UART_TX_DATAPATH_inst/tx_bits_register_reg[8]_1[7]
    SLICE_X5Y62          FDPE                                         r  UART_inst/UART_TX_inst/UART_TX_DATAPATH_inst/tx_bits_register_reg[8]/D
  -------------------------------------------------------------------    -------------------

                         (clock UART_clk_clk_wiz_0 rise edge)
                                                    173.611   173.611 r  
    BUFGCTRL_X0Y0        BUFG                         0.000   173.611 r  clk_IBUF_BUFG_inst/O
                         net (fo=11692, routed)       1.457   175.069    clk_wiz_inst/inst/clk_in1
    MMCME2_ADV_X1Y0      MMCME2_ADV (Prop_mmcme2_adv_CLKIN1_CLKOUT0)
                                                     -3.129   171.939 r  clk_wiz_inst/inst/mmcm_adv_inst/CLKOUT0
                         net (fo=1, routed)           1.581   173.520    clk_wiz_inst/inst/UART_clk_clk_wiz_0
    BUFGCTRL_X0Y1        BUFG (Prop_bufg_I_O)         0.091   173.611 r  clk_wiz_inst/inst/clkout1_buf/O
                         net (fo=83, routed)          1.503   175.114    UART_inst/UART_TX_inst/UART_TX_DATAPATH_inst/UART_clk
    SLICE_X5Y62          FDPE                                         r  UART_inst/UART_TX_inst/UART_TX_DATAPATH_inst/tx_bits_register_reg[8]/C
                         clock pessimism              0.078   175.192    
                         clock uncertainty           -0.280   174.912    
    SLICE_X5Y62          FDPE (Setup_fdpe_C_D)       -0.058   174.854    UART_inst/UART_TX_inst/UART_TX_DATAPATH_inst/tx_bits_register_reg[8]
  -------------------------------------------------------------------
                         required time                        174.855    
                         arrival time                          -4.829    
  -------------------------------------------------------------------
                         slack                                170.025    

Slack (MET) :             170.029ns  (required time - arrival time)
  Source:                 UART_inst/UART_TX_inst/MASTER_TO_UART/gnuram_async_fifo.xpm_fifo_base_inst/gen_cdc_pntr.wpr_gray_reg/reg_out_i_reg[2]/C
                            (rising edge-triggered cell FDRE clocked by UART_clk_clk_wiz_0  {rise@0.000ns fall@86.806ns period=173.611ns})
  Destination:            UART_inst/UART_TX_inst/MASTER_TO_UART/gnuram_async_fifo.xpm_fifo_base_inst/gen_pf_ic_rc.ram_empty_i_reg/D
                            (rising edge-triggered cell FDSE clocked by UART_clk_clk_wiz_0  {rise@0.000ns fall@86.806ns period=173.611ns})
  Path Group:             UART_clk_clk_wiz_0
  Path Type:              Setup (Max at Slow Process Corner)
  Requirement:            173.611ns  (UART_clk_clk_wiz_0 rise@173.611ns - UART_clk_clk_wiz_0 rise@0.000ns)
  Data Path Delay:        3.310ns  (logic 0.966ns (29.188%)  route 2.344ns (70.812%))
  Logic Levels:           3  (LUT4=1 LUT6=2)
  Clock Path Skew:        -0.024ns (DCD - SCD + CPR)
    Destination Clock Delay (DCD):    1.506ns = ( 175.117 - 173.611 ) 
    Source Clock Delay      (SCD):    1.621ns
    Clock Pessimism Removal (CPR):    0.091ns
  Clock Uncertainty:      0.280ns  ((TSJ^2 + DJ^2)^1/2) / 2 + PE
    Total System Jitter     (TSJ):    0.071ns
    Discrete Jitter          (DJ):    0.555ns
    Phase Error              (PE):    0.000ns

    Location             Delay type                Incr(ns)  Path(ns)    Netlist Resource(s)
  -------------------------------------------------------------------    -------------------
                         (clock UART_clk_clk_wiz_0 rise edge)
                                                      0.000     0.000 r  
    BUFGCTRL_X0Y0        BUFG                         0.000     0.000 r  clk_IBUF_BUFG_inst/O
                         net (fo=11692, routed)       1.575     1.575    clk_wiz_inst/inst/clk_in1
    MMCME2_ADV_X1Y0      MMCME2_ADV (Prop_mmcme2_adv_CLKIN1_CLKOUT0)
                                                     -3.333    -1.757 r  clk_wiz_inst/inst/mmcm_adv_inst/CLKOUT0
                         net (fo=1, routed)           1.661    -0.096    clk_wiz_inst/inst/UART_clk_clk_wiz_0
    BUFGCTRL_X0Y1        BUFG (Prop_bufg_I_O)         0.096    -0.000 r  clk_wiz_inst/inst/clkout1_buf/O
                         net (fo=83, routed)          1.621     1.621    UART_inst/UART_TX_inst/MASTER_TO_UART/gnuram_async_fifo.xpm_fifo_base_inst/gen_cdc_pntr.wpr_gray_reg/rd_clk
    SLICE_X5Y59          FDRE                                         r  UART_inst/UART_TX_inst/MASTER_TO_UART/gnuram_async_fifo.xpm_fifo_base_inst/gen_cdc_pntr.wpr_gray_reg/reg_out_i_reg[2]/C
  -------------------------------------------------------------------    -------------------
    SLICE_X5Y59          FDRE (Prop_fdre_C_Q)         0.419     2.040 r  UART_inst/UART_TX_inst/MASTER_TO_UART/gnuram_async_fifo.xpm_fifo_base_inst/gen_cdc_pntr.wpr_gray_reg/reg_out_i_reg[2]/Q
                         net (fo=2, routed)           1.130     3.170    UART_inst/UART_TX_inst/MASTER_TO_UART/gnuram_async_fifo.xpm_fifo_base_inst/gen_cdc_pntr.wpr_gray_reg/reg_out_i_reg[7]_0[1]
    SLICE_X4Y59          LUT6 (Prop_lut6_I3_O)        0.299     3.469 r  UART_inst/UART_TX_inst/MASTER_TO_UART/gnuram_async_fifo.xpm_fifo_base_inst/gen_cdc_pntr.wpr_gray_reg/gen_pf_ic_rc.ram_empty_i_i_5/O
                         net (fo=1, routed)           0.574     4.043    UART_inst/UART_TX_inst/MASTER_TO_UART/gnuram_async_fifo.xpm_fifo_base_inst/gen_cdc_pntr.wpr_gray_reg/gen_pf_ic_rc.ram_empty_i_i_5_n_0
    SLICE_X4Y58          LUT6 (Prop_lut6_I5_O)        0.124     4.167 r  UART_inst/UART_TX_inst/MASTER_TO_UART/gnuram_async_fifo.xpm_fifo_base_inst/gen_cdc_pntr.wpr_gray_reg/gen_pf_ic_rc.ram_empty_i_i_2/O
                         net (fo=1, routed)           0.640     4.807    UART_inst/UART_TX_inst/MASTER_TO_UART/gnuram_async_fifo.xpm_fifo_base_inst/gen_cdc_pntr.wpr_gray_reg/going_empty0
    SLICE_X5Y58          LUT4 (Prop_lut4_I2_O)        0.124     4.931 r  UART_inst/UART_TX_inst/MASTER_TO_UART/gnuram_async_fifo.xpm_fifo_base_inst/gen_cdc_pntr.wpr_gray_reg/gen_pf_ic_rc.ram_empty_i_i_1/O
                         net (fo=1, routed)           0.000     4.931    UART_inst/UART_TX_inst/MASTER_TO_UART/gnuram_async_fifo.xpm_fifo_base_inst/empty_i0
    SLICE_X5Y58          FDSE                                         r  UART_inst/UART_TX_inst/MASTER_TO_UART/gnuram_async_fifo.xpm_fifo_base_inst/gen_pf_ic_rc.ram_empty_i_reg/D
  -------------------------------------------------------------------    -------------------

                         (clock UART_clk_clk_wiz_0 rise edge)
                                                    173.611   173.611 r  
    BUFGCTRL_X0Y0        BUFG                         0.000   173.611 r  clk_IBUF_BUFG_inst/O
                         net (fo=11692, routed)       1.457   175.069    clk_wiz_inst/inst/clk_in1
    MMCME2_ADV_X1Y0      MMCME2_ADV (Prop_mmcme2_adv_CLKIN1_CLKOUT0)
                                                     -3.129   171.939 r  clk_wiz_inst/inst/mmcm_adv_inst/CLKOUT0
                         net (fo=1, routed)           1.581   173.520    clk_wiz_inst/inst/UART_clk_clk_wiz_0
    BUFGCTRL_X0Y1        BUFG (Prop_bufg_I_O)         0.091   173.611 r  clk_wiz_inst/inst/clkout1_buf/O
                         net (fo=83, routed)          1.506   175.117    UART_inst/UART_TX_inst/MASTER_TO_UART/gnuram_async_fifo.xpm_fifo_base_inst/rd_clk
    SLICE_X5Y58          FDSE                                         r  UART_inst/UART_TX_inst/MASTER_TO_UART/gnuram_async_fifo.xpm_fifo_base_inst/gen_pf_ic_rc.ram_empty_i_reg/C
                         clock pessimism              0.091   175.208    
                         clock uncertainty           -0.280   174.928    
    SLICE_X5Y58          FDSE (Setup_fdse_C_D)        0.031   174.960    UART_inst/UART_TX_inst/MASTER_TO_UART/gnuram_async_fifo.xpm_fifo_base_inst/gen_pf_ic_rc.ram_empty_i_reg
  -------------------------------------------------------------------
                         required time                        174.960    
                         arrival time                          -4.931    
  -------------------------------------------------------------------
                         slack                                170.029    

Slack (MET) :             170.050ns  (required time - arrival time)
  Source:                 UART_inst/UART_TX_inst/MASTER_TO_UART/gnuram_async_fifo.xpm_fifo_base_inst/gen_sdpram.xpm_memory_base_inst/gen_wr_a.gen_word_narrow.mem_reg/CLKBWRCLK
                            (rising edge-triggered cell RAMB18E1 clocked by UART_clk_clk_wiz_0  {rise@0.000ns fall@86.806ns period=173.611ns})
  Destination:            UART_inst/UART_TX_inst/UART_TX_DATAPATH_inst/tx_bits_register_reg[3]/D
                            (rising edge-triggered cell FDPE clocked by UART_clk_clk_wiz_0  {rise@0.000ns fall@86.806ns period=173.611ns})
  Path Group:             UART_clk_clk_wiz_0
  Path Type:              Setup (Max at Slow Process Corner)
  Requirement:            173.611ns  (UART_clk_clk_wiz_0 rise@173.611ns - UART_clk_clk_wiz_0 rise@0.000ns)
  Data Path Delay:        3.235ns  (logic 2.454ns (75.847%)  route 0.781ns (24.153%))
  Logic Levels:           0  
  Clock Path Skew:        -0.015ns (DCD - SCD + CPR)
    Destination Clock Delay (DCD):    1.503ns = ( 175.114 - 173.611 ) 
    Source Clock Delay      (SCD):    1.596ns
    Clock Pessimism Removal (CPR):    0.078ns
  Clock Uncertainty:      0.280ns  ((TSJ^2 + DJ^2)^1/2) / 2 + PE
    Total System Jitter     (TSJ):    0.071ns
    Discrete Jitter          (DJ):    0.555ns
    Phase Error              (PE):    0.000ns

    Location             Delay type                Incr(ns)  Path(ns)    Netlist Resource(s)
  -------------------------------------------------------------------    -------------------
                         (clock UART_clk_clk_wiz_0 rise edge)
                                                      0.000     0.000 r  
    BUFGCTRL_X0Y0        BUFG                         0.000     0.000 r  clk_IBUF_BUFG_inst/O
                         net (fo=11692, routed)       1.575     1.575    clk_wiz_inst/inst/clk_in1
    MMCME2_ADV_X1Y0      MMCME2_ADV (Prop_mmcme2_adv_CLKIN1_CLKOUT0)
                                                     -3.333    -1.757 r  clk_wiz_inst/inst/mmcm_adv_inst/CLKOUT0
                         net (fo=1, routed)           1.661    -0.096    clk_wiz_inst/inst/UART_clk_clk_wiz_0
    BUFGCTRL_X0Y1        BUFG (Prop_bufg_I_O)         0.096    -0.000 r  clk_wiz_inst/inst/clkout1_buf/O
                         net (fo=83, routed)          1.596     1.596    UART_inst/UART_TX_inst/MASTER_TO_UART/gnuram_async_fifo.xpm_fifo_base_inst/gen_sdpram.xpm_memory_base_inst/clkb
    RAMB18_X0Y24         RAMB18E1                                     r  UART_inst/UART_TX_inst/MASTER_TO_UART/gnuram_async_fifo.xpm_fifo_base_inst/gen_sdpram.xpm_memory_base_inst/gen_wr_a.gen_word_narrow.mem_reg/CLKBWRCLK
  -------------------------------------------------------------------    -------------------
    RAMB18_X0Y24         RAMB18E1 (Prop_ramb18e1_CLKBWRCLK_DOBDO[2])
                                                      2.454     4.050 r  UART_inst/UART_TX_inst/MASTER_TO_UART/gnuram_async_fifo.xpm_fifo_base_inst/gen_sdpram.xpm_memory_base_inst/gen_wr_a.gen_word_narrow.mem_reg/DOBDO[2]
                         net (fo=1, routed)           0.781     4.832    UART_inst/UART_TX_inst/UART_TX_DATAPATH_inst/tx_bits_register_reg[8]_1[2]
    SLICE_X6Y62          FDPE                                         r  UART_inst/UART_TX_inst/UART_TX_DATAPATH_inst/tx_bits_register_reg[3]/D
  -------------------------------------------------------------------    -------------------

                         (clock UART_clk_clk_wiz_0 rise edge)
                                                    173.611   173.611 r  
    BUFGCTRL_X0Y0        BUFG                         0.000   173.611 r  clk_IBUF_BUFG_inst/O
                         net (fo=11692, routed)       1.457   175.069    clk_wiz_inst/inst/clk_in1
    MMCME2_ADV_X1Y0      MMCME2_ADV (Prop_mmcme2_adv_CLKIN1_CLKOUT0)
                                                     -3.129   171.939 r  clk_wiz_inst/inst/mmcm_adv_inst/CLKOUT0
                         net (fo=1, routed)           1.581   173.520    clk_wiz_inst/inst/UART_clk_clk_wiz_0
    BUFGCTRL_X0Y1        BUFG (Prop_bufg_I_O)         0.091   173.611 r  clk_wiz_inst/inst/clkout1_buf/O
                         net (fo=83, routed)          1.503   175.114    UART_inst/UART_TX_inst/UART_TX_DATAPATH_inst/UART_clk
    SLICE_X6Y62          FDPE                                         r  UART_inst/UART_TX_inst/UART_TX_DATAPATH_inst/tx_bits_register_reg[3]/C
                         clock pessimism              0.078   175.192    
                         clock uncertainty           -0.280   174.912    
    SLICE_X6Y62          FDPE (Setup_fdpe_C_D)       -0.031   174.881    UART_inst/UART_TX_inst/UART_TX_DATAPATH_inst/tx_bits_register_reg[3]
  -------------------------------------------------------------------
                         required time                        174.882    
                         arrival time                          -4.832    
  -------------------------------------------------------------------
                         slack                                170.050    

Slack (MET) :             170.392ns  (required time - arrival time)
  Source:                 UART_inst/UART_TX_inst/MASTER_TO_UART/gnuram_async_fifo.xpm_fifo_base_inst/gen_pf_ic_rc.ram_empty_i_reg/C
                            (rising edge-triggered cell FDSE clocked by UART_clk_clk_wiz_0  {rise@0.000ns fall@86.806ns period=173.611ns})
  Destination:            UART_inst/UART_TX_inst/MASTER_TO_UART/gnuram_async_fifo.xpm_fifo_base_inst/gen_sdpram.xpm_memory_base_inst/gen_wr_a.gen_word_narrow.mem_reg/ENBWREN
                            (rising edge-triggered cell RAMB18E1 clocked by UART_clk_clk_wiz_0  {rise@0.000ns fall@86.806ns period=173.611ns})
  Path Group:             UART_clk_clk_wiz_0
  Path Type:              Setup (Max at Slow Process Corner)
  Requirement:            173.611ns  (UART_clk_clk_wiz_0 rise@173.611ns - UART_clk_clk_wiz_0 rise@0.000ns)
  Data Path Delay:        2.432ns  (logic 0.704ns (28.950%)  route 1.728ns (71.050%))
  Logic Levels:           2  (LUT2=2)
  Clock Path Skew:        -0.065ns (DCD - SCD + CPR)
    Destination Clock Delay (DCD):    1.479ns = ( 175.090 - 173.611 ) 
    Source Clock Delay      (SCD):    1.622ns
    Clock Pessimism Removal (CPR):    0.078ns
  Clock Uncertainty:      0.280ns  ((TSJ^2 + DJ^2)^1/2) / 2 + PE
    Total System Jitter     (TSJ):    0.071ns
    Discrete Jitter          (DJ):    0.555ns
    Phase Error              (PE):    0.000ns

    Location             Delay type                Incr(ns)  Path(ns)    Netlist Resource(s)
  -------------------------------------------------------------------    -------------------
                         (clock UART_clk_clk_wiz_0 rise edge)
                                                      0.000     0.000 r  
    BUFGCTRL_X0Y0        BUFG                         0.000     0.000 r  clk_IBUF_BUFG_inst/O
                         net (fo=11692, routed)       1.575     1.575    clk_wiz_inst/inst/clk_in1
    MMCME2_ADV_X1Y0      MMCME2_ADV (Prop_mmcme2_adv_CLKIN1_CLKOUT0)
                                                     -3.333    -1.757 r  clk_wiz_inst/inst/mmcm_adv_inst/CLKOUT0
                         net (fo=1, routed)           1.661    -0.096    clk_wiz_inst/inst/UART_clk_clk_wiz_0
    BUFGCTRL_X0Y1        BUFG (Prop_bufg_I_O)         0.096    -0.000 r  clk_wiz_inst/inst/clkout1_buf/O
                         net (fo=83, routed)          1.622     1.622    UART_inst/UART_TX_inst/MASTER_TO_UART/gnuram_async_fifo.xpm_fifo_base_inst/rd_clk
    SLICE_X5Y58          FDSE                                         r  UART_inst/UART_TX_inst/MASTER_TO_UART/gnuram_async_fifo.xpm_fifo_base_inst/gen_pf_ic_rc.ram_empty_i_reg/C
  -------------------------------------------------------------------    -------------------
    SLICE_X5Y58          FDSE (Prop_fdse_C_Q)         0.456     2.078 f  UART_inst/UART_TX_inst/MASTER_TO_UART/gnuram_async_fifo.xpm_fifo_base_inst/gen_pf_ic_rc.ram_empty_i_reg/Q
                         net (fo=7, routed)           0.601     2.679    UART_inst/UART_TX_inst/MASTER_TO_UART/gnuram_async_fifo.xpm_fifo_base_inst/rdp_inst/count_value_i_reg[0]_0
    SLICE_X5Y61          LUT2 (Prop_lut2_I1_O)        0.124     2.803 r  UART_inst/UART_TX_inst/MASTER_TO_UART/gnuram_async_fifo.xpm_fifo_base_inst/rdp_inst/gen_sdpram.xpm_memory_base_inst_i_2/O
                         net (fo=17, routed)          0.689     3.492    UART_inst/UART_TX_inst/MASTER_TO_UART/gnuram_async_fifo.xpm_fifo_base_inst/gen_sdpram.xpm_memory_base_inst/enb
    SLICE_X6Y61          LUT2 (Prop_lut2_I1_O)        0.124     3.616 r  UART_inst/UART_TX_inst/MASTER_TO_UART/gnuram_async_fifo.xpm_fifo_base_inst/gen_sdpram.xpm_memory_base_inst/gen_wr_a.gen_word_narrow.mem_reg_i_1/O
                         net (fo=1, routed)           0.438     4.054    UART_inst/UART_TX_inst/MASTER_TO_UART/gnuram_async_fifo.xpm_fifo_base_inst/gen_sdpram.xpm_memory_base_inst/gen_wr_a.gen_word_narrow.mem_reg_i_1_n_0
    RAMB18_X0Y24         RAMB18E1                                     r  UART_inst/UART_TX_inst/MASTER_TO_UART/gnuram_async_fifo.xpm_fifo_base_inst/gen_sdpram.xpm_memory_base_inst/gen_wr_a.gen_word_narrow.mem_reg/ENBWREN
  -------------------------------------------------------------------    -------------------

                         (clock UART_clk_clk_wiz_0 rise edge)
                                                    173.611   173.611 r  
    BUFGCTRL_X0Y0        BUFG                         0.000   173.611 r  clk_IBUF_BUFG_inst/O
                         net (fo=11692, routed)       1.457   175.069    clk_wiz_inst/inst/clk_in1
    MMCME2_ADV_X1Y0      MMCME2_ADV (Prop_mmcme2_adv_CLKIN1_CLKOUT0)
                                                     -3.129   171.939 r  clk_wiz_inst/inst/mmcm_adv_inst/CLKOUT0
                         net (fo=1, routed)           1.581   173.520    clk_wiz_inst/inst/UART_clk_clk_wiz_0
    BUFGCTRL_X0Y1        BUFG (Prop_bufg_I_O)         0.091   173.611 r  clk_wiz_inst/inst/clkout1_buf/O
                         net (fo=83, routed)          1.479   175.090    UART_inst/UART_TX_inst/MASTER_TO_UART/gnuram_async_fifo.xpm_fifo_base_inst/gen_sdpram.xpm_memory_base_inst/clkb
    RAMB18_X0Y24         RAMB18E1                                     r  UART_inst/UART_TX_inst/MASTER_TO_UART/gnuram_async_fifo.xpm_fifo_base_inst/gen_sdpram.xpm_memory_base_inst/gen_wr_a.gen_word_narrow.mem_reg/CLKBWRCLK
                         clock pessimism              0.078   175.169    
                         clock uncertainty           -0.280   174.889    
    RAMB18_X0Y24         RAMB18E1 (Setup_ramb18e1_CLKBWRCLK_ENBWREN)
                                                     -0.443   174.446    UART_inst/UART_TX_inst/MASTER_TO_UART/gnuram_async_fifo.xpm_fifo_base_inst/gen_sdpram.xpm_memory_base_inst/gen_wr_a.gen_word_narrow.mem_reg
  -------------------------------------------------------------------
                         required time                        174.446    
                         arrival time                          -4.054    
  -------------------------------------------------------------------
                         slack                                170.392    





Min Delay Paths
--------------------------------------------------------------------------------------
Slack (MET) :             0.119ns  (arrival time - required time)
  Source:                 UART_inst/UART_TX_inst/MASTER_TO_UART/gnuram_async_fifo.xpm_fifo_base_inst/gen_cdc_pntr.wr_pntr_cdc_inst/dest_graysync_ff_reg[0][6]/C
                            (rising edge-triggered cell FDRE clocked by UART_clk_clk_wiz_0  {rise@0.000ns fall@86.806ns period=173.611ns})
  Destination:            UART_inst/UART_TX_inst/MASTER_TO_UART/gnuram_async_fifo.xpm_fifo_base_inst/gen_cdc_pntr.wr_pntr_cdc_inst/dest_graysync_ff_reg[1][6]/D
                            (rising edge-triggered cell FDRE clocked by UART_clk_clk_wiz_0  {rise@0.000ns fall@86.806ns period=173.611ns})
  Path Group:             UART_clk_clk_wiz_0
  Path Type:              Hold (Min at Fast Process Corner)
  Requirement:            0.000ns  (UART_clk_clk_wiz_0 rise@0.000ns - UART_clk_clk_wiz_0 rise@0.000ns)
  Data Path Delay:        0.197ns  (logic 0.141ns (71.611%)  route 0.056ns (28.389%))
  Logic Levels:           0  
  Clock Path Skew:        0.000ns (DCD - SCD - CPR)
    Destination Clock Delay (DCD):    0.860ns
    Source Clock Delay      (SCD):    0.590ns
    Clock Pessimism Removal (CPR):    0.271ns

    Location             Delay type                Incr(ns)  Path(ns)    Netlist Resource(s)
  -------------------------------------------------------------------    -------------------
                         (clock UART_clk_clk_wiz_0 rise edge)
                                                      0.000     0.000 r  
    BUFGCTRL_X0Y0        BUFG                         0.000     0.000 r  clk_IBUF_BUFG_inst/O
                         net (fo=11692, routed)       0.549     0.549    clk_wiz_inst/inst/clk_in1
    MMCME2_ADV_X1Y0      MMCME2_ADV (Prop_mmcme2_adv_CLKIN1_CLKOUT0)
                                                     -1.061    -0.512 r  clk_wiz_inst/inst/mmcm_adv_inst/CLKOUT0
                         net (fo=1, routed)           0.486    -0.026    clk_wiz_inst/inst/UART_clk_clk_wiz_0
    BUFGCTRL_X0Y1        BUFG (Prop_bufg_I_O)         0.026     0.000 r  clk_wiz_inst/inst/clkout1_buf/O
                         net (fo=83, routed)          0.590     0.590    UART_inst/UART_TX_inst/MASTER_TO_UART/gnuram_async_fifo.xpm_fifo_base_inst/gen_cdc_pntr.wr_pntr_cdc_inst/dest_clk
    SLICE_X7Y59          FDRE                                         r  UART_inst/UART_TX_inst/MASTER_TO_UART/gnuram_async_fifo.xpm_fifo_base_inst/gen_cdc_pntr.wr_pntr_cdc_inst/dest_graysync_ff_reg[0][6]/C
  -------------------------------------------------------------------    -------------------
    SLICE_X7Y59          FDRE (Prop_fdre_C_Q)         0.141     0.731 r  UART_inst/UART_TX_inst/MASTER_TO_UART/gnuram_async_fifo.xpm_fifo_base_inst/gen_cdc_pntr.wr_pntr_cdc_inst/dest_graysync_ff_reg[0][6]/Q
                         net (fo=1, routed)           0.056     0.787    UART_inst/UART_TX_inst/MASTER_TO_UART/gnuram_async_fifo.xpm_fifo_base_inst/gen_cdc_pntr.wr_pntr_cdc_inst/dest_graysync_ff[0][6]
    SLICE_X7Y59          FDRE                                         r  UART_inst/UART_TX_inst/MASTER_TO_UART/gnuram_async_fifo.xpm_fifo_base_inst/gen_cdc_pntr.wr_pntr_cdc_inst/dest_graysync_ff_reg[1][6]/D
  -------------------------------------------------------------------    -------------------

                         (clock UART_clk_clk_wiz_0 rise edge)
                                                      0.000     0.000 r  
    BUFGCTRL_X0Y0        BUFG                         0.000     0.000 r  clk_IBUF_BUFG_inst/O
                         net (fo=11692, routed)       0.817     0.817    clk_wiz_inst/inst/clk_in1
    MMCME2_ADV_X1Y0      MMCME2_ADV (Prop_mmcme2_adv_CLKIN1_CLKOUT0)
                                                     -1.375    -0.559 r  clk_wiz_inst/inst/mmcm_adv_inst/CLKOUT0
                         net (fo=1, routed)           0.530    -0.029    clk_wiz_inst/inst/UART_clk_clk_wiz_0
    BUFGCTRL_X0Y1        BUFG (Prop_bufg_I_O)         0.029     0.000 r  clk_wiz_inst/inst/clkout1_buf/O
                         net (fo=83, routed)          0.860     0.860    UART_inst/UART_TX_inst/MASTER_TO_UART/gnuram_async_fifo.xpm_fifo_base_inst/gen_cdc_pntr.wr_pntr_cdc_inst/dest_clk
    SLICE_X7Y59          FDRE                                         r  UART_inst/UART_TX_inst/MASTER_TO_UART/gnuram_async_fifo.xpm_fifo_base_inst/gen_cdc_pntr.wr_pntr_cdc_inst/dest_graysync_ff_reg[1][6]/C
                         clock pessimism             -0.271     0.590    
    SLICE_X7Y59          FDRE (Hold_fdre_C_D)         0.078     0.668    UART_inst/UART_TX_inst/MASTER_TO_UART/gnuram_async_fifo.xpm_fifo_base_inst/gen_cdc_pntr.wr_pntr_cdc_inst/dest_graysync_ff_reg[1][6]
  -------------------------------------------------------------------
                         required time                         -0.668    
                         arrival time                           0.787    
  -------------------------------------------------------------------
                         slack                                  0.119    

Slack (MET) :             0.121ns  (arrival time - required time)
  Source:                 UART_inst/UART_TX_inst/MASTER_TO_UART/gnuram_async_fifo.xpm_fifo_base_inst/gen_cdc_pntr.wr_pntr_cdc_inst/dest_graysync_ff_reg[0][5]/C
                            (rising edge-triggered cell FDRE clocked by UART_clk_clk_wiz_0  {rise@0.000ns fall@86.806ns period=173.611ns})
  Destination:            UART_inst/UART_TX_inst/MASTER_TO_UART/gnuram_async_fifo.xpm_fifo_base_inst/gen_cdc_pntr.wr_pntr_cdc_inst/dest_graysync_ff_reg[1][5]/D
                            (rising edge-triggered cell FDRE clocked by UART_clk_clk_wiz_0  {rise@0.000ns fall@86.806ns period=173.611ns})
  Path Group:             UART_clk_clk_wiz_0
  Path Type:              Hold (Min at Fast Process Corner)
  Requirement:            0.000ns  (UART_clk_clk_wiz_0 rise@0.000ns - UART_clk_clk_wiz_0 rise@0.000ns)
  Data Path Delay:        0.197ns  (logic 0.141ns (71.611%)  route 0.056ns (28.389%))
  Logic Levels:           0  
  Clock Path Skew:        0.000ns (DCD - SCD - CPR)
    Destination Clock Delay (DCD):    0.860ns
    Source Clock Delay      (SCD):    0.590ns
    Clock Pessimism Removal (CPR):    0.271ns

    Location             Delay type                Incr(ns)  Path(ns)    Netlist Resource(s)
  -------------------------------------------------------------------    -------------------
                         (clock UART_clk_clk_wiz_0 rise edge)
                                                      0.000     0.000 r  
    BUFGCTRL_X0Y0        BUFG                         0.000     0.000 r  clk_IBUF_BUFG_inst/O
                         net (fo=11692, routed)       0.549     0.549    clk_wiz_inst/inst/clk_in1
    MMCME2_ADV_X1Y0      MMCME2_ADV (Prop_mmcme2_adv_CLKIN1_CLKOUT0)
                                                     -1.061    -0.512 r  clk_wiz_inst/inst/mmcm_adv_inst/CLKOUT0
                         net (fo=1, routed)           0.486    -0.026    clk_wiz_inst/inst/UART_clk_clk_wiz_0
    BUFGCTRL_X0Y1        BUFG (Prop_bufg_I_O)         0.026     0.000 r  clk_wiz_inst/inst/clkout1_buf/O
                         net (fo=83, routed)          0.590     0.590    UART_inst/UART_TX_inst/MASTER_TO_UART/gnuram_async_fifo.xpm_fifo_base_inst/gen_cdc_pntr.wr_pntr_cdc_inst/dest_clk
    SLICE_X7Y59          FDRE                                         r  UART_inst/UART_TX_inst/MASTER_TO_UART/gnuram_async_fifo.xpm_fifo_base_inst/gen_cdc_pntr.wr_pntr_cdc_inst/dest_graysync_ff_reg[0][5]/C
  -------------------------------------------------------------------    -------------------
    SLICE_X7Y59          FDRE (Prop_fdre_C_Q)         0.141     0.731 r  UART_inst/UART_TX_inst/MASTER_TO_UART/gnuram_async_fifo.xpm_fifo_base_inst/gen_cdc_pntr.wr_pntr_cdc_inst/dest_graysync_ff_reg[0][5]/Q
                         net (fo=1, routed)           0.056     0.787    UART_inst/UART_TX_inst/MASTER_TO_UART/gnuram_async_fifo.xpm_fifo_base_inst/gen_cdc_pntr.wr_pntr_cdc_inst/dest_graysync_ff[0][5]
    SLICE_X7Y59          FDRE                                         r  UART_inst/UART_TX_inst/MASTER_TO_UART/gnuram_async_fifo.xpm_fifo_base_inst/gen_cdc_pntr.wr_pntr_cdc_inst/dest_graysync_ff_reg[1][5]/D
  -------------------------------------------------------------------    -------------------

                         (clock UART_clk_clk_wiz_0 rise edge)
                                                      0.000     0.000 r  
    BUFGCTRL_X0Y0        BUFG                         0.000     0.000 r  clk_IBUF_BUFG_inst/O
                         net (fo=11692, routed)       0.817     0.817    clk_wiz_inst/inst/clk_in1
    MMCME2_ADV_X1Y0      MMCME2_ADV (Prop_mmcme2_adv_CLKIN1_CLKOUT0)
                                                     -1.375    -0.559 r  clk_wiz_inst/inst/mmcm_adv_inst/CLKOUT0
                         net (fo=1, routed)           0.530    -0.029    clk_wiz_inst/inst/UART_clk_clk_wiz_0
    BUFGCTRL_X0Y1        BUFG (Prop_bufg_I_O)         0.029     0.000 r  clk_wiz_inst/inst/clkout1_buf/O
                         net (fo=83, routed)          0.860     0.860    UART_inst/UART_TX_inst/MASTER_TO_UART/gnuram_async_fifo.xpm_fifo_base_inst/gen_cdc_pntr.wr_pntr_cdc_inst/dest_clk
    SLICE_X7Y59          FDRE                                         r  UART_inst/UART_TX_inst/MASTER_TO_UART/gnuram_async_fifo.xpm_fifo_base_inst/gen_cdc_pntr.wr_pntr_cdc_inst/dest_graysync_ff_reg[1][5]/C
                         clock pessimism             -0.271     0.590    
    SLICE_X7Y59          FDRE (Hold_fdre_C_D)         0.076     0.666    UART_inst/UART_TX_inst/MASTER_TO_UART/gnuram_async_fifo.xpm_fifo_base_inst/gen_cdc_pntr.wr_pntr_cdc_inst/dest_graysync_ff_reg[1][5]
  -------------------------------------------------------------------
                         required time                         -0.666    
                         arrival time                           0.787    
  -------------------------------------------------------------------
                         slack                                  0.121    

Slack (MET) :             0.122ns  (arrival time - required time)
  Source:                 UART_inst/UART_TX_inst/MASTER_TO_UART/gnuram_async_fifo.xpm_fifo_base_inst/xpm_fifo_rst_inst/gen_rst_ic.wrst_rd_inst/syncstages_ff_reg[0]/C
                            (rising edge-triggered cell FDRE clocked by UART_clk_clk_wiz_0  {rise@0.000ns fall@86.806ns period=173.611ns})
  Destination:            UART_inst/UART_TX_inst/MASTER_TO_UART/gnuram_async_fifo.xpm_fifo_base_inst/xpm_fifo_rst_inst/gen_rst_ic.wrst_rd_inst/syncstages_ff_reg[1]/D
                            (rising edge-triggered cell FDRE clocked by UART_clk_clk_wiz_0  {rise@0.000ns fall@86.806ns period=173.611ns})
  Path Group:             UART_clk_clk_wiz_0
  Path Type:              Hold (Min at Fast Process Corner)
  Requirement:            0.000ns  (UART_clk_clk_wiz_0 rise@0.000ns - UART_clk_clk_wiz_0 rise@0.000ns)
  Data Path Delay:        0.197ns  (logic 0.141ns (71.611%)  route 0.056ns (28.389%))
  Logic Levels:           0  
  Clock Path Skew:        0.000ns (DCD - SCD - CPR)
    Destination Clock Delay (DCD):    0.849ns
    Source Clock Delay      (SCD):    0.581ns
    Clock Pessimism Removal (CPR):    0.268ns

    Location             Delay type                Incr(ns)  Path(ns)    Netlist Resource(s)
  -------------------------------------------------------------------    -------------------
                         (clock UART_clk_clk_wiz_0 rise edge)
                                                      0.000     0.000 r  
    BUFGCTRL_X0Y0        BUFG                         0.000     0.000 r  clk_IBUF_BUFG_inst/O
                         net (fo=11692, routed)       0.549     0.549    clk_wiz_inst/inst/clk_in1
    MMCME2_ADV_X1Y0      MMCME2_ADV (Prop_mmcme2_adv_CLKIN1_CLKOUT0)
                                                     -1.061    -0.512 r  clk_wiz_inst/inst/mmcm_adv_inst/CLKOUT0
                         net (fo=1, routed)           0.486    -0.026    clk_wiz_inst/inst/UART_clk_clk_wiz_0
    BUFGCTRL_X0Y1        BUFG (Prop_bufg_I_O)         0.026     0.000 r  clk_wiz_inst/inst/clkout1_buf/O
                         net (fo=83, routed)          0.581     0.581    UART_inst/UART_TX_inst/MASTER_TO_UART/gnuram_async_fifo.xpm_fifo_base_inst/xpm_fifo_rst_inst/gen_rst_ic.wrst_rd_inst/dest_clk
    SLICE_X1Y76          FDRE                                         r  UART_inst/UART_TX_inst/MASTER_TO_UART/gnuram_async_fifo.xpm_fifo_base_inst/xpm_fifo_rst_inst/gen_rst_ic.wrst_rd_inst/syncstages_ff_reg[0]/C
  -------------------------------------------------------------------    -------------------
    SLICE_X1Y76          FDRE (Prop_fdre_C_Q)         0.141     0.722 r  UART_inst/UART_TX_inst/MASTER_TO_UART/gnuram_async_fifo.xpm_fifo_base_inst/xpm_fifo_rst_inst/gen_rst_ic.wrst_rd_inst/syncstages_ff_reg[0]/Q
                         net (fo=1, routed)           0.056     0.778    UART_inst/UART_TX_inst/MASTER_TO_UART/gnuram_async_fifo.xpm_fifo_base_inst/xpm_fifo_rst_inst/gen_rst_ic.wrst_rd_inst/syncstages_ff[0]
    SLICE_X1Y76          FDRE                                         r  UART_inst/UART_TX_inst/MASTER_TO_UART/gnuram_async_fifo.xpm_fifo_base_inst/xpm_fifo_rst_inst/gen_rst_ic.wrst_rd_inst/syncstages_ff_reg[1]/D
  -------------------------------------------------------------------    -------------------

                         (clock UART_clk_clk_wiz_0 rise edge)
                                                      0.000     0.000 r  
    BUFGCTRL_X0Y0        BUFG                         0.000     0.000 r  clk_IBUF_BUFG_inst/O
                         net (fo=11692, routed)       0.817     0.817    clk_wiz_inst/inst/clk_in1
    MMCME2_ADV_X1Y0      MMCME2_ADV (Prop_mmcme2_adv_CLKIN1_CLKOUT0)
                                                     -1.375    -0.559 r  clk_wiz_inst/inst/mmcm_adv_inst/CLKOUT0
                         net (fo=1, routed)           0.530    -0.029    clk_wiz_inst/inst/UART_clk_clk_wiz_0
    BUFGCTRL_X0Y1        BUFG (Prop_bufg_I_O)         0.029     0.000 r  clk_wiz_inst/inst/clkout1_buf/O
                         net (fo=83, routed)          0.848     0.848    UART_inst/UART_TX_inst/MASTER_TO_UART/gnuram_async_fifo.xpm_fifo_base_inst/xpm_fifo_rst_inst/gen_rst_ic.wrst_rd_inst/dest_clk
    SLICE_X1Y76          FDRE                                         r  UART_inst/UART_TX_inst/MASTER_TO_UART/gnuram_async_fifo.xpm_fifo_base_inst/xpm_fifo_rst_inst/gen_rst_ic.wrst_rd_inst/syncstages_ff_reg[1]/C
                         clock pessimism             -0.268     0.581    
    SLICE_X1Y76          FDRE (Hold_fdre_C_D)         0.075     0.656    UART_inst/UART_TX_inst/MASTER_TO_UART/gnuram_async_fifo.xpm_fifo_base_inst/xpm_fifo_rst_inst/gen_rst_ic.wrst_rd_inst/syncstages_ff_reg[1]
  -------------------------------------------------------------------
                         required time                         -0.656    
                         arrival time                           0.778    
  -------------------------------------------------------------------
                         slack                                  0.122    

Slack (MET) :             0.122ns  (arrival time - required time)
  Source:                 UART_inst/UART_TX_inst/MASTER_TO_UART/gnuram_async_fifo.xpm_fifo_base_inst/gen_cdc_pntr.wr_pntr_cdc_inst/dest_graysync_ff_reg[0][0]/C
                            (rising edge-triggered cell FDRE clocked by UART_clk_clk_wiz_0  {rise@0.000ns fall@86.806ns period=173.611ns})
  Destination:            UART_inst/UART_TX_inst/MASTER_TO_UART/gnuram_async_fifo.xpm_fifo_base_inst/gen_cdc_pntr.wr_pntr_cdc_inst/dest_graysync_ff_reg[1][0]/D
                            (rising edge-triggered cell FDRE clocked by UART_clk_clk_wiz_0  {rise@0.000ns fall@86.806ns period=173.611ns})
  Path Group:             UART_clk_clk_wiz_0
  Path Type:              Hold (Min at Fast Process Corner)
  Requirement:            0.000ns  (UART_clk_clk_wiz_0 rise@0.000ns - UART_clk_clk_wiz_0 rise@0.000ns)
  Data Path Delay:        0.197ns  (logic 0.141ns (71.611%)  route 0.056ns (28.389%))
  Logic Levels:           0  
  Clock Path Skew:        0.000ns (DCD - SCD - CPR)
    Destination Clock Delay (DCD):    0.860ns
    Source Clock Delay      (SCD):    0.590ns
    Clock Pessimism Removal (CPR):    0.271ns

    Location             Delay type                Incr(ns)  Path(ns)    Netlist Resource(s)
  -------------------------------------------------------------------    -------------------
                         (clock UART_clk_clk_wiz_0 rise edge)
                                                      0.000     0.000 r  
    BUFGCTRL_X0Y0        BUFG                         0.000     0.000 r  clk_IBUF_BUFG_inst/O
                         net (fo=11692, routed)       0.549     0.549    clk_wiz_inst/inst/clk_in1
    MMCME2_ADV_X1Y0      MMCME2_ADV (Prop_mmcme2_adv_CLKIN1_CLKOUT0)
                                                     -1.061    -0.512 r  clk_wiz_inst/inst/mmcm_adv_inst/CLKOUT0
                         net (fo=1, routed)           0.486    -0.026    clk_wiz_inst/inst/UART_clk_clk_wiz_0
    BUFGCTRL_X0Y1        BUFG (Prop_bufg_I_O)         0.026     0.000 r  clk_wiz_inst/inst/clkout1_buf/O
                         net (fo=83, routed)          0.590     0.590    UART_inst/UART_TX_inst/MASTER_TO_UART/gnuram_async_fifo.xpm_fifo_base_inst/gen_cdc_pntr.wr_pntr_cdc_inst/dest_clk
    SLICE_X7Y59          FDRE                                         r  UART_inst/UART_TX_inst/MASTER_TO_UART/gnuram_async_fifo.xpm_fifo_base_inst/gen_cdc_pntr.wr_pntr_cdc_inst/dest_graysync_ff_reg[0][0]/C
  -------------------------------------------------------------------    -------------------
    SLICE_X7Y59          FDRE (Prop_fdre_C_Q)         0.141     0.731 r  UART_inst/UART_TX_inst/MASTER_TO_UART/gnuram_async_fifo.xpm_fifo_base_inst/gen_cdc_pntr.wr_pntr_cdc_inst/dest_graysync_ff_reg[0][0]/Q
                         net (fo=1, routed)           0.056     0.787    UART_inst/UART_TX_inst/MASTER_TO_UART/gnuram_async_fifo.xpm_fifo_base_inst/gen_cdc_pntr.wr_pntr_cdc_inst/dest_graysync_ff[0][0]
    SLICE_X7Y59          FDRE                                         r  UART_inst/UART_TX_inst/MASTER_TO_UART/gnuram_async_fifo.xpm_fifo_base_inst/gen_cdc_pntr.wr_pntr_cdc_inst/dest_graysync_ff_reg[1][0]/D
  -------------------------------------------------------------------    -------------------

                         (clock UART_clk_clk_wiz_0 rise edge)
                                                      0.000     0.000 r  
    BUFGCTRL_X0Y0        BUFG                         0.000     0.000 r  clk_IBUF_BUFG_inst/O
                         net (fo=11692, routed)       0.817     0.817    clk_wiz_inst/inst/clk_in1
    MMCME2_ADV_X1Y0      MMCME2_ADV (Prop_mmcme2_adv_CLKIN1_CLKOUT0)
                                                     -1.375    -0.559 r  clk_wiz_inst/inst/mmcm_adv_inst/CLKOUT0
                         net (fo=1, routed)           0.530    -0.029    clk_wiz_inst/inst/UART_clk_clk_wiz_0
    BUFGCTRL_X0Y1        BUFG (Prop_bufg_I_O)         0.029     0.000 r  clk_wiz_inst/inst/clkout1_buf/O
                         net (fo=83, routed)          0.860     0.860    UART_inst/UART_TX_inst/MASTER_TO_UART/gnuram_async_fifo.xpm_fifo_base_inst/gen_cdc_pntr.wr_pntr_cdc_inst/dest_clk
    SLICE_X7Y59          FDRE                                         r  UART_inst/UART_TX_inst/MASTER_TO_UART/gnuram_async_fifo.xpm_fifo_base_inst/gen_cdc_pntr.wr_pntr_cdc_inst/dest_graysync_ff_reg[1][0]/C
                         clock pessimism             -0.271     0.590    
    SLICE_X7Y59          FDRE (Hold_fdre_C_D)         0.075     0.665    UART_inst/UART_TX_inst/MASTER_TO_UART/gnuram_async_fifo.xpm_fifo_base_inst/gen_cdc_pntr.wr_pntr_cdc_inst/dest_graysync_ff_reg[1][0]
  -------------------------------------------------------------------
                         required time                         -0.665    
                         arrival time                           0.787    
  -------------------------------------------------------------------
                         slack                                  0.122    

Slack (MET) :             0.126ns  (arrival time - required time)
  Source:                 UART_inst/UART_TX_inst/MASTER_TO_UART/gnuram_async_fifo.xpm_fifo_base_inst/gen_cdc_pntr.wr_pntr_cdc_inst/dest_graysync_ff_reg[0][2]/C
                            (rising edge-triggered cell FDRE clocked by UART_clk_clk_wiz_0  {rise@0.000ns fall@86.806ns period=173.611ns})
  Destination:            UART_inst/UART_TX_inst/MASTER_TO_UART/gnuram_async_fifo.xpm_fifo_base_inst/gen_cdc_pntr.wr_pntr_cdc_inst/dest_graysync_ff_reg[1][2]/D
                            (rising edge-triggered cell FDRE clocked by UART_clk_clk_wiz_0  {rise@0.000ns fall@86.806ns period=173.611ns})
  Path Group:             UART_clk_clk_wiz_0
  Path Type:              Hold (Min at Fast Process Corner)
  Requirement:            0.000ns  (UART_clk_clk_wiz_0 rise@0.000ns - UART_clk_clk_wiz_0 rise@0.000ns)
  Data Path Delay:        0.197ns  (logic 0.141ns (71.611%)  route 0.056ns (28.389%))
  Logic Levels:           0  
  Clock Path Skew:        0.000ns (DCD - SCD - CPR)
    Destination Clock Delay (DCD):    0.860ns
    Source Clock Delay      (SCD):    0.590ns
    Clock Pessimism Removal (CPR):    0.271ns

    Location             Delay type                Incr(ns)  Path(ns)    Netlist Resource(s)
  -------------------------------------------------------------------    -------------------
                         (clock UART_clk_clk_wiz_0 rise edge)
                                                      0.000     0.000 r  
    BUFGCTRL_X0Y0        BUFG                         0.000     0.000 r  clk_IBUF_BUFG_inst/O
                         net (fo=11692, routed)       0.549     0.549    clk_wiz_inst/inst/clk_in1
    MMCME2_ADV_X1Y0      MMCME2_ADV (Prop_mmcme2_adv_CLKIN1_CLKOUT0)
                                                     -1.061    -0.512 r  clk_wiz_inst/inst/mmcm_adv_inst/CLKOUT0
                         net (fo=1, routed)           0.486    -0.026    clk_wiz_inst/inst/UART_clk_clk_wiz_0
    BUFGCTRL_X0Y1        BUFG (Prop_bufg_I_O)         0.026     0.000 r  clk_wiz_inst/inst/clkout1_buf/O
                         net (fo=83, routed)          0.590     0.590    UART_inst/UART_TX_inst/MASTER_TO_UART/gnuram_async_fifo.xpm_fifo_base_inst/gen_cdc_pntr.wr_pntr_cdc_inst/dest_clk
    SLICE_X7Y59          FDRE                                         r  UART_inst/UART_TX_inst/MASTER_TO_UART/gnuram_async_fifo.xpm_fifo_base_inst/gen_cdc_pntr.wr_pntr_cdc_inst/dest_graysync_ff_reg[0][2]/C
  -------------------------------------------------------------------    -------------------
    SLICE_X7Y59          FDRE (Prop_fdre_C_Q)         0.141     0.731 r  UART_inst/UART_TX_inst/MASTER_TO_UART/gnuram_async_fifo.xpm_fifo_base_inst/gen_cdc_pntr.wr_pntr_cdc_inst/dest_graysync_ff_reg[0][2]/Q
                         net (fo=1, routed)           0.056     0.787    UART_inst/UART_TX_inst/MASTER_TO_UART/gnuram_async_fifo.xpm_fifo_base_inst/gen_cdc_pntr.wr_pntr_cdc_inst/dest_graysync_ff[0][2]
    SLICE_X7Y59          FDRE                                         r  UART_inst/UART_TX_inst/MASTER_TO_UART/gnuram_async_fifo.xpm_fifo_base_inst/gen_cdc_pntr.wr_pntr_cdc_inst/dest_graysync_ff_reg[1][2]/D
  -------------------------------------------------------------------    -------------------

                         (clock UART_clk_clk_wiz_0 rise edge)
                                                      0.000     0.000 r  
    BUFGCTRL_X0Y0        BUFG                         0.000     0.000 r  clk_IBUF_BUFG_inst/O
                         net (fo=11692, routed)       0.817     0.817    clk_wiz_inst/inst/clk_in1
    MMCME2_ADV_X1Y0      MMCME2_ADV (Prop_mmcme2_adv_CLKIN1_CLKOUT0)
                                                     -1.375    -0.559 r  clk_wiz_inst/inst/mmcm_adv_inst/CLKOUT0
                         net (fo=1, routed)           0.530    -0.029    clk_wiz_inst/inst/UART_clk_clk_wiz_0
    BUFGCTRL_X0Y1        BUFG (Prop_bufg_I_O)         0.029     0.000 r  clk_wiz_inst/inst/clkout1_buf/O
                         net (fo=83, routed)          0.860     0.860    UART_inst/UART_TX_inst/MASTER_TO_UART/gnuram_async_fifo.xpm_fifo_base_inst/gen_cdc_pntr.wr_pntr_cdc_inst/dest_clk
    SLICE_X7Y59          FDRE                                         r  UART_inst/UART_TX_inst/MASTER_TO_UART/gnuram_async_fifo.xpm_fifo_base_inst/gen_cdc_pntr.wr_pntr_cdc_inst/dest_graysync_ff_reg[1][2]/C
                         clock pessimism             -0.271     0.590    
    SLICE_X7Y59          FDRE (Hold_fdre_C_D)         0.071     0.661    UART_inst/UART_TX_inst/MASTER_TO_UART/gnuram_async_fifo.xpm_fifo_base_inst/gen_cdc_pntr.wr_pntr_cdc_inst/dest_graysync_ff_reg[1][2]
  -------------------------------------------------------------------
                         required time                         -0.661    
                         arrival time                           0.787    
  -------------------------------------------------------------------
                         slack                                  0.126    

Slack (MET) :             0.154ns  (arrival time - required time)
  Source:                 UART_inst/UART_TX_inst/UART_TX_CONTROLLER_inst/FSM_onehot_current_state_reg[12]/C
                            (rising edge-triggered cell FDCE clocked by UART_clk_clk_wiz_0  {rise@0.000ns fall@86.806ns period=173.611ns})
  Destination:            UART_inst/UART_TX_inst/UART_TX_CONTROLLER_inst/FSM_onehot_current_state_reg[0]/D
                            (rising edge-triggered cell FDPE clocked by UART_clk_clk_wiz_0  {rise@0.000ns fall@86.806ns period=173.611ns})
  Path Group:             UART_clk_clk_wiz_0
  Path Type:              Hold (Min at Fast Process Corner)
  Requirement:            0.000ns  (UART_clk_clk_wiz_0 rise@0.000ns - UART_clk_clk_wiz_0 rise@0.000ns)
  Data Path Delay:        0.288ns  (logic 0.186ns (64.537%)  route 0.102ns (35.463%))
  Logic Levels:           1  (LUT5=1)
  Clock Path Skew:        0.013ns (DCD - SCD - CPR)
    Destination Clock Delay (DCD):    0.859ns
    Source Clock Delay      (SCD):    0.590ns
    Clock Pessimism Removal (CPR):    0.257ns

    Location             Delay type                Incr(ns)  Path(ns)    Netlist Resource(s)
  -------------------------------------------------------------------    -------------------
                         (clock UART_clk_clk_wiz_0 rise edge)
                                                      0.000     0.000 r  
    BUFGCTRL_X0Y0        BUFG                         0.000     0.000 r  clk_IBUF_BUFG_inst/O
                         net (fo=11692, routed)       0.549     0.549    clk_wiz_inst/inst/clk_in1
    MMCME2_ADV_X1Y0      MMCME2_ADV (Prop_mmcme2_adv_CLKIN1_CLKOUT0)
                                                     -1.061    -0.512 r  clk_wiz_inst/inst/mmcm_adv_inst/CLKOUT0
                         net (fo=1, routed)           0.486    -0.026    clk_wiz_inst/inst/UART_clk_clk_wiz_0
    BUFGCTRL_X0Y1        BUFG (Prop_bufg_I_O)         0.026     0.000 r  clk_wiz_inst/inst/clkout1_buf/O
                         net (fo=83, routed)          0.590     0.590    UART_inst/UART_TX_inst/UART_TX_CONTROLLER_inst/UART_clk
    SLICE_X3Y62          FDCE                                         r  UART_inst/UART_TX_inst/UART_TX_CONTROLLER_inst/FSM_onehot_current_state_reg[12]/C
  -------------------------------------------------------------------    -------------------
    SLICE_X3Y62          FDCE (Prop_fdce_C_Q)         0.141     0.731 r  UART_inst/UART_TX_inst/UART_TX_CONTROLLER_inst/FSM_onehot_current_state_reg[12]/Q
                         net (fo=2, routed)           0.102     0.833    UART_inst/UART_TX_inst/UART_TX_CONTROLLER_inst/FSM_onehot_current_state_reg_n_0_[12]
    SLICE_X2Y62          LUT5 (Prop_lut5_I1_O)        0.045     0.878 r  UART_inst/UART_TX_inst/UART_TX_CONTROLLER_inst/FSM_onehot_current_state[0]_i_1/O
                         net (fo=1, routed)           0.000     0.878    UART_inst/UART_TX_inst/UART_TX_CONTROLLER_inst/FSM_onehot_current_state[0]_i_1_n_0
    SLICE_X2Y62          FDPE                                         r  UART_inst/UART_TX_inst/UART_TX_CONTROLLER_inst/FSM_onehot_current_state_reg[0]/D
  -------------------------------------------------------------------    -------------------

                         (clock UART_clk_clk_wiz_0 rise edge)
                                                      0.000     0.000 r  
    BUFGCTRL_X0Y0        BUFG                         0.000     0.000 r  clk_IBUF_BUFG_inst/O
                         net (fo=11692, routed)       0.817     0.817    clk_wiz_inst/inst/clk_in1
    MMCME2_ADV_X1Y0      MMCME2_ADV (Prop_mmcme2_adv_CLKIN1_CLKOUT0)
                                                     -1.375    -0.559 r  clk_wiz_inst/inst/mmcm_adv_inst/CLKOUT0
                         net (fo=1, routed)           0.530    -0.029    clk_wiz_inst/inst/UART_clk_clk_wiz_0
    BUFGCTRL_X0Y1        BUFG (Prop_bufg_I_O)         0.029     0.000 r  clk_wiz_inst/inst/clkout1_buf/O
                         net (fo=83, routed)          0.859     0.859    UART_inst/UART_TX_inst/UART_TX_CONTROLLER_inst/UART_clk
    SLICE_X2Y62          FDPE                                         r  UART_inst/UART_TX_inst/UART_TX_CONTROLLER_inst/FSM_onehot_current_state_reg[0]/C
                         clock pessimism             -0.257     0.603    
    SLICE_X2Y62          FDPE (Hold_fdpe_C_D)         0.121     0.724    UART_inst/UART_TX_inst/UART_TX_CONTROLLER_inst/FSM_onehot_current_state_reg[0]
  -------------------------------------------------------------------
                         required time                         -0.724    
                         arrival time                           0.878    
  -------------------------------------------------------------------
                         slack                                  0.154    

Slack (MET) :             0.156ns  (arrival time - required time)
  Source:                 UART_inst/UART_TX_inst/MASTER_TO_UART/gnuram_async_fifo.xpm_fifo_base_inst/gen_cdc_pntr.wr_pntr_cdc_inst/dest_graysync_ff_reg[0][4]/C
                            (rising edge-triggered cell FDRE clocked by UART_clk_clk_wiz_0  {rise@0.000ns fall@86.806ns period=173.611ns})
  Destination:            UART_inst/UART_TX_inst/MASTER_TO_UART/gnuram_async_fifo.xpm_fifo_base_inst/gen_cdc_pntr.wr_pntr_cdc_inst/dest_graysync_ff_reg[1][4]/D
                            (rising edge-triggered cell FDRE clocked by UART_clk_clk_wiz_0  {rise@0.000ns fall@86.806ns period=173.611ns})
  Path Group:             UART_clk_clk_wiz_0
  Path Type:              Hold (Min at Fast Process Corner)
  Requirement:            0.000ns  (UART_clk_clk_wiz_0 rise@0.000ns - UART_clk_clk_wiz_0 rise@0.000ns)
  Data Path Delay:        0.220ns  (logic 0.164ns (74.580%)  route 0.056ns (25.420%))
  Logic Levels:           0  
  Clock Path Skew:        0.000ns (DCD - SCD - CPR)
    Destination Clock Delay (DCD):    0.860ns
    Source Clock Delay      (SCD):    0.590ns
    Clock Pessimism Removal (CPR):    0.271ns

    Location             Delay type                Incr(ns)  Path(ns)    Netlist Resource(s)
  -------------------------------------------------------------------    -------------------
                         (clock UART_clk_clk_wiz_0 rise edge)
                                                      0.000     0.000 r  
    BUFGCTRL_X0Y0        BUFG                         0.000     0.000 r  clk_IBUF_BUFG_inst/O
                         net (fo=11692, routed)       0.549     0.549    clk_wiz_inst/inst/clk_in1
    MMCME2_ADV_X1Y0      MMCME2_ADV (Prop_mmcme2_adv_CLKIN1_CLKOUT0)
                                                     -1.061    -0.512 r  clk_wiz_inst/inst/mmcm_adv_inst/CLKOUT0
                         net (fo=1, routed)           0.486    -0.026    clk_wiz_inst/inst/UART_clk_clk_wiz_0
    BUFGCTRL_X0Y1        BUFG (Prop_bufg_I_O)         0.026     0.000 r  clk_wiz_inst/inst/clkout1_buf/O
                         net (fo=83, routed)          0.590     0.590    UART_inst/UART_TX_inst/MASTER_TO_UART/gnuram_async_fifo.xpm_fifo_base_inst/gen_cdc_pntr.wr_pntr_cdc_inst/dest_clk
    SLICE_X6Y59          FDRE                                         r  UART_inst/UART_TX_inst/MASTER_TO_UART/gnuram_async_fifo.xpm_fifo_base_inst/gen_cdc_pntr.wr_pntr_cdc_inst/dest_graysync_ff_reg[0][4]/C
  -------------------------------------------------------------------    -------------------
    SLICE_X6Y59          FDRE (Prop_fdre_C_Q)         0.164     0.754 r  UART_inst/UART_TX_inst/MASTER_TO_UART/gnuram_async_fifo.xpm_fifo_base_inst/gen_cdc_pntr.wr_pntr_cdc_inst/dest_graysync_ff_reg[0][4]/Q
                         net (fo=1, routed)           0.056     0.810    UART_inst/UART_TX_inst/MASTER_TO_UART/gnuram_async_fifo.xpm_fifo_base_inst/gen_cdc_pntr.wr_pntr_cdc_inst/dest_graysync_ff[0][4]
    SLICE_X6Y59          FDRE                                         r  UART_inst/UART_TX_inst/MASTER_TO_UART/gnuram_async_fifo.xpm_fifo_base_inst/gen_cdc_pntr.wr_pntr_cdc_inst/dest_graysync_ff_reg[1][4]/D
  -------------------------------------------------------------------    -------------------

                         (clock UART_clk_clk_wiz_0 rise edge)
                                                      0.000     0.000 r  
    BUFGCTRL_X0Y0        BUFG                         0.000     0.000 r  clk_IBUF_BUFG_inst/O
                         net (fo=11692, routed)       0.817     0.817    clk_wiz_inst/inst/clk_in1
    MMCME2_ADV_X1Y0      MMCME2_ADV (Prop_mmcme2_adv_CLKIN1_CLKOUT0)
                                                     -1.375    -0.559 r  clk_wiz_inst/inst/mmcm_adv_inst/CLKOUT0
                         net (fo=1, routed)           0.530    -0.029    clk_wiz_inst/inst/UART_clk_clk_wiz_0
    BUFGCTRL_X0Y1        BUFG (Prop_bufg_I_O)         0.029     0.000 r  clk_wiz_inst/inst/clkout1_buf/O
                         net (fo=83, routed)          0.860     0.860    UART_inst/UART_TX_inst/MASTER_TO_UART/gnuram_async_fifo.xpm_fifo_base_inst/gen_cdc_pntr.wr_pntr_cdc_inst/dest_clk
    SLICE_X6Y59          FDRE                                         r  UART_inst/UART_TX_inst/MASTER_TO_UART/gnuram_async_fifo.xpm_fifo_base_inst/gen_cdc_pntr.wr_pntr_cdc_inst/dest_graysync_ff_reg[1][4]/C
                         clock pessimism             -0.271     0.590    
    SLICE_X6Y59          FDRE (Hold_fdre_C_D)         0.064     0.654    UART_inst/UART_TX_inst/MASTER_TO_UART/gnuram_async_fifo.xpm_fifo_base_inst/gen_cdc_pntr.wr_pntr_cdc_inst/dest_graysync_ff_reg[1][4]
  -------------------------------------------------------------------
                         required time                         -0.654    
                         arrival time                           0.810    
  -------------------------------------------------------------------
                         slack                                  0.156    

Slack (MET) :             0.160ns  (arrival time - required time)
  Source:                 UART_inst/UART_TX_inst/MASTER_TO_UART/gnuram_async_fifo.xpm_fifo_base_inst/gen_cdc_pntr.wr_pntr_cdc_inst/dest_graysync_ff_reg[0][1]/C
                            (rising edge-triggered cell FDRE clocked by UART_clk_clk_wiz_0  {rise@0.000ns fall@86.806ns period=173.611ns})
  Destination:            UART_inst/UART_TX_inst/MASTER_TO_UART/gnuram_async_fifo.xpm_fifo_base_inst/gen_cdc_pntr.wr_pntr_cdc_inst/dest_graysync_ff_reg[1][1]/D
                            (rising edge-triggered cell FDRE clocked by UART_clk_clk_wiz_0  {rise@0.000ns fall@86.806ns period=173.611ns})
  Path Group:             UART_clk_clk_wiz_0
  Path Type:              Hold (Min at Fast Process Corner)
  Requirement:            0.000ns  (UART_clk_clk_wiz_0 rise@0.000ns - UART_clk_clk_wiz_0 rise@0.000ns)
  Data Path Delay:        0.220ns  (logic 0.164ns (74.580%)  route 0.056ns (25.420%))
  Logic Levels:           0  
  Clock Path Skew:        0.000ns (DCD - SCD - CPR)
    Destination Clock Delay (DCD):    0.860ns
    Source Clock Delay      (SCD):    0.590ns
    Clock Pessimism Removal (CPR):    0.271ns

    Location             Delay type                Incr(ns)  Path(ns)    Netlist Resource(s)
  -------------------------------------------------------------------    -------------------
                         (clock UART_clk_clk_wiz_0 rise edge)
                                                      0.000     0.000 r  
    BUFGCTRL_X0Y0        BUFG                         0.000     0.000 r  clk_IBUF_BUFG_inst/O
                         net (fo=11692, routed)       0.549     0.549    clk_wiz_inst/inst/clk_in1
    MMCME2_ADV_X1Y0      MMCME2_ADV (Prop_mmcme2_adv_CLKIN1_CLKOUT0)
                                                     -1.061    -0.512 r  clk_wiz_inst/inst/mmcm_adv_inst/CLKOUT0
                         net (fo=1, routed)           0.486    -0.026    clk_wiz_inst/inst/UART_clk_clk_wiz_0
    BUFGCTRL_X0Y1        BUFG (Prop_bufg_I_O)         0.026     0.000 r  clk_wiz_inst/inst/clkout1_buf/O
                         net (fo=83, routed)          0.590     0.590    UART_inst/UART_TX_inst/MASTER_TO_UART/gnuram_async_fifo.xpm_fifo_base_inst/gen_cdc_pntr.wr_pntr_cdc_inst/dest_clk
    SLICE_X6Y59          FDRE                                         r  UART_inst/UART_TX_inst/MASTER_TO_UART/gnuram_async_fifo.xpm_fifo_base_inst/gen_cdc_pntr.wr_pntr_cdc_inst/dest_graysync_ff_reg[0][1]/C
  -------------------------------------------------------------------    -------------------
    SLICE_X6Y59          FDRE (Prop_fdre_C_Q)         0.164     0.754 r  UART_inst/UART_TX_inst/MASTER_TO_UART/gnuram_async_fifo.xpm_fifo_base_inst/gen_cdc_pntr.wr_pntr_cdc_inst/dest_graysync_ff_reg[0][1]/Q
                         net (fo=1, routed)           0.056     0.810    UART_inst/UART_TX_inst/MASTER_TO_UART/gnuram_async_fifo.xpm_fifo_base_inst/gen_cdc_pntr.wr_pntr_cdc_inst/dest_graysync_ff[0][1]
    SLICE_X6Y59          FDRE                                         r  UART_inst/UART_TX_inst/MASTER_TO_UART/gnuram_async_fifo.xpm_fifo_base_inst/gen_cdc_pntr.wr_pntr_cdc_inst/dest_graysync_ff_reg[1][1]/D
  -------------------------------------------------------------------    -------------------

                         (clock UART_clk_clk_wiz_0 rise edge)
                                                      0.000     0.000 r  
    BUFGCTRL_X0Y0        BUFG                         0.000     0.000 r  clk_IBUF_BUFG_inst/O
                         net (fo=11692, routed)       0.817     0.817    clk_wiz_inst/inst/clk_in1
    MMCME2_ADV_X1Y0      MMCME2_ADV (Prop_mmcme2_adv_CLKIN1_CLKOUT0)
                                                     -1.375    -0.559 r  clk_wiz_inst/inst/mmcm_adv_inst/CLKOUT0
                         net (fo=1, routed)           0.530    -0.029    clk_wiz_inst/inst/UART_clk_clk_wiz_0
    BUFGCTRL_X0Y1        BUFG (Prop_bufg_I_O)         0.029     0.000 r  clk_wiz_inst/inst/clkout1_buf/O
                         net (fo=83, routed)          0.860     0.860    UART_inst/UART_TX_inst/MASTER_TO_UART/gnuram_async_fifo.xpm_fifo_base_inst/gen_cdc_pntr.wr_pntr_cdc_inst/dest_clk
    SLICE_X6Y59          FDRE                                         r  UART_inst/UART_TX_inst/MASTER_TO_UART/gnuram_async_fifo.xpm_fifo_base_inst/gen_cdc_pntr.wr_pntr_cdc_inst/dest_graysync_ff_reg[1][1]/C
                         clock pessimism             -0.271     0.590    
    SLICE_X6Y59          FDRE (Hold_fdre_C_D)         0.060     0.650    UART_inst/UART_TX_inst/MASTER_TO_UART/gnuram_async_fifo.xpm_fifo_base_inst/gen_cdc_pntr.wr_pntr_cdc_inst/dest_graysync_ff_reg[1][1]
  -------------------------------------------------------------------
                         required time                         -0.650    
                         arrival time                           0.810    
  -------------------------------------------------------------------
                         slack                                  0.160    

Slack (MET) :             0.160ns  (arrival time - required time)
  Source:                 UART_inst/UART_TX_inst/MASTER_TO_UART/gnuram_async_fifo.xpm_fifo_base_inst/gen_cdc_pntr.wr_pntr_cdc_inst/dest_graysync_ff_reg[0][7]/C
                            (rising edge-triggered cell FDRE clocked by UART_clk_clk_wiz_0  {rise@0.000ns fall@86.806ns period=173.611ns})
  Destination:            UART_inst/UART_TX_inst/MASTER_TO_UART/gnuram_async_fifo.xpm_fifo_base_inst/gen_cdc_pntr.wr_pntr_cdc_inst/dest_graysync_ff_reg[1][7]/D
                            (rising edge-triggered cell FDRE clocked by UART_clk_clk_wiz_0  {rise@0.000ns fall@86.806ns period=173.611ns})
  Path Group:             UART_clk_clk_wiz_0
  Path Type:              Hold (Min at Fast Process Corner)
  Requirement:            0.000ns  (UART_clk_clk_wiz_0 rise@0.000ns - UART_clk_clk_wiz_0 rise@0.000ns)
  Data Path Delay:        0.220ns  (logic 0.164ns (74.580%)  route 0.056ns (25.420%))
  Logic Levels:           0  
  Clock Path Skew:        0.000ns (DCD - SCD - CPR)
    Destination Clock Delay (DCD):    0.860ns
    Source Clock Delay      (SCD):    0.590ns
    Clock Pessimism Removal (CPR):    0.271ns

    Location             Delay type                Incr(ns)  Path(ns)    Netlist Resource(s)
  -------------------------------------------------------------------    -------------------
                         (clock UART_clk_clk_wiz_0 rise edge)
                                                      0.000     0.000 r  
    BUFGCTRL_X0Y0        BUFG                         0.000     0.000 r  clk_IBUF_BUFG_inst/O
                         net (fo=11692, routed)       0.549     0.549    clk_wiz_inst/inst/clk_in1
    MMCME2_ADV_X1Y0      MMCME2_ADV (Prop_mmcme2_adv_CLKIN1_CLKOUT0)
                                                     -1.061    -0.512 r  clk_wiz_inst/inst/mmcm_adv_inst/CLKOUT0
                         net (fo=1, routed)           0.486    -0.026    clk_wiz_inst/inst/UART_clk_clk_wiz_0
    BUFGCTRL_X0Y1        BUFG (Prop_bufg_I_O)         0.026     0.000 r  clk_wiz_inst/inst/clkout1_buf/O
                         net (fo=83, routed)          0.590     0.590    UART_inst/UART_TX_inst/MASTER_TO_UART/gnuram_async_fifo.xpm_fifo_base_inst/gen_cdc_pntr.wr_pntr_cdc_inst/dest_clk
    SLICE_X6Y58          FDRE                                         r  UART_inst/UART_TX_inst/MASTER_TO_UART/gnuram_async_fifo.xpm_fifo_base_inst/gen_cdc_pntr.wr_pntr_cdc_inst/dest_graysync_ff_reg[0][7]/C
  -------------------------------------------------------------------    -------------------
    SLICE_X6Y58          FDRE (Prop_fdre_C_Q)         0.164     0.754 r  UART_inst/UART_TX_inst/MASTER_TO_UART/gnuram_async_fifo.xpm_fifo_base_inst/gen_cdc_pntr.wr_pntr_cdc_inst/dest_graysync_ff_reg[0][7]/Q
                         net (fo=1, routed)           0.056     0.810    UART_inst/UART_TX_inst/MASTER_TO_UART/gnuram_async_fifo.xpm_fifo_base_inst/gen_cdc_pntr.wr_pntr_cdc_inst/dest_graysync_ff[0][7]
    SLICE_X6Y58          FDRE                                         r  UART_inst/UART_TX_inst/MASTER_TO_UART/gnuram_async_fifo.xpm_fifo_base_inst/gen_cdc_pntr.wr_pntr_cdc_inst/dest_graysync_ff_reg[1][7]/D
  -------------------------------------------------------------------    -------------------

                         (clock UART_clk_clk_wiz_0 rise edge)
                                                      0.000     0.000 r  
    BUFGCTRL_X0Y0        BUFG                         0.000     0.000 r  clk_IBUF_BUFG_inst/O
                         net (fo=11692, routed)       0.817     0.817    clk_wiz_inst/inst/clk_in1
    MMCME2_ADV_X1Y0      MMCME2_ADV (Prop_mmcme2_adv_CLKIN1_CLKOUT0)
                                                     -1.375    -0.559 r  clk_wiz_inst/inst/mmcm_adv_inst/CLKOUT0
                         net (fo=1, routed)           0.530    -0.029    clk_wiz_inst/inst/UART_clk_clk_wiz_0
    BUFGCTRL_X0Y1        BUFG (Prop_bufg_I_O)         0.029     0.000 r  clk_wiz_inst/inst/clkout1_buf/O
                         net (fo=83, routed)          0.860     0.860    UART_inst/UART_TX_inst/MASTER_TO_UART/gnuram_async_fifo.xpm_fifo_base_inst/gen_cdc_pntr.wr_pntr_cdc_inst/dest_clk
    SLICE_X6Y58          FDRE                                         r  UART_inst/UART_TX_inst/MASTER_TO_UART/gnuram_async_fifo.xpm_fifo_base_inst/gen_cdc_pntr.wr_pntr_cdc_inst/dest_graysync_ff_reg[1][7]/C
                         clock pessimism             -0.271     0.590    
    SLICE_X6Y58          FDRE (Hold_fdre_C_D)         0.060     0.650    UART_inst/UART_TX_inst/MASTER_TO_UART/gnuram_async_fifo.xpm_fifo_base_inst/gen_cdc_pntr.wr_pntr_cdc_inst/dest_graysync_ff_reg[1][7]
  -------------------------------------------------------------------
                         required time                         -0.650    
                         arrival time                           0.810    
  -------------------------------------------------------------------
                         slack                                  0.160    

Slack (MET) :             0.167ns  (arrival time - required time)
  Source:                 UART_inst/UART_TX_inst/MASTER_TO_UART/gnuram_async_fifo.xpm_fifo_base_inst/gen_cdc_pntr.wr_pntr_cdc_inst/dest_graysync_ff_reg[0][3]/C
                            (rising edge-triggered cell FDRE clocked by UART_clk_clk_wiz_0  {rise@0.000ns fall@86.806ns period=173.611ns})
  Destination:            UART_inst/UART_TX_inst/MASTER_TO_UART/gnuram_async_fifo.xpm_fifo_base_inst/gen_cdc_pntr.wr_pntr_cdc_inst/dest_graysync_ff_reg[1][3]/D
                            (rising edge-triggered cell FDRE clocked by UART_clk_clk_wiz_0  {rise@0.000ns fall@86.806ns period=173.611ns})
  Path Group:             UART_clk_clk_wiz_0
  Path Type:              Hold (Min at Fast Process Corner)
  Requirement:            0.000ns  (UART_clk_clk_wiz_0 rise@0.000ns - UART_clk_clk_wiz_0 rise@0.000ns)
  Data Path Delay:        0.220ns  (logic 0.164ns (74.580%)  route 0.056ns (25.420%))
  Logic Levels:           0  
  Clock Path Skew:        0.000ns (DCD - SCD - CPR)
    Destination Clock Delay (DCD):    0.860ns
    Source Clock Delay      (SCD):    0.590ns
    Clock Pessimism Removal (CPR):    0.271ns

    Location             Delay type                Incr(ns)  Path(ns)    Netlist Resource(s)
  -------------------------------------------------------------------    -------------------
                         (clock UART_clk_clk_wiz_0 rise edge)
                                                      0.000     0.000 r  
    BUFGCTRL_X0Y0        BUFG                         0.000     0.000 r  clk_IBUF_BUFG_inst/O
                         net (fo=11692, routed)       0.549     0.549    clk_wiz_inst/inst/clk_in1
    MMCME2_ADV_X1Y0      MMCME2_ADV (Prop_mmcme2_adv_CLKIN1_CLKOUT0)
                                                     -1.061    -0.512 r  clk_wiz_inst/inst/mmcm_adv_inst/CLKOUT0
                         net (fo=1, routed)           0.486    -0.026    clk_wiz_inst/inst/UART_clk_clk_wiz_0
    BUFGCTRL_X0Y1        BUFG (Prop_bufg_I_O)         0.026     0.000 r  clk_wiz_inst/inst/clkout1_buf/O
                         net (fo=83, routed)          0.590     0.590    UART_inst/UART_TX_inst/MASTER_TO_UART/gnuram_async_fifo.xpm_fifo_base_inst/gen_cdc_pntr.wr_pntr_cdc_inst/dest_clk
    SLICE_X6Y59          FDRE                                         r  UART_inst/UART_TX_inst/MASTER_TO_UART/gnuram_async_fifo.xpm_fifo_base_inst/gen_cdc_pntr.wr_pntr_cdc_inst/dest_graysync_ff_reg[0][3]/C
  -------------------------------------------------------------------    -------------------
    SLICE_X6Y59          FDRE (Prop_fdre_C_Q)         0.164     0.754 r  UART_inst/UART_TX_inst/MASTER_TO_UART/gnuram_async_fifo.xpm_fifo_base_inst/gen_cdc_pntr.wr_pntr_cdc_inst/dest_graysync_ff_reg[0][3]/Q
                         net (fo=1, routed)           0.056     0.810    UART_inst/UART_TX_inst/MASTER_TO_UART/gnuram_async_fifo.xpm_fifo_base_inst/gen_cdc_pntr.wr_pntr_cdc_inst/dest_graysync_ff[0][3]
    SLICE_X6Y59          FDRE                                         r  UART_inst/UART_TX_inst/MASTER_TO_UART/gnuram_async_fifo.xpm_fifo_base_inst/gen_cdc_pntr.wr_pntr_cdc_inst/dest_graysync_ff_reg[1][3]/D
  -------------------------------------------------------------------    -------------------

                         (clock UART_clk_clk_wiz_0 rise edge)
                                                      0.000     0.000 r  
    BUFGCTRL_X0Y0        BUFG                         0.000     0.000 r  clk_IBUF_BUFG_inst/O
                         net (fo=11692, routed)       0.817     0.817    clk_wiz_inst/inst/clk_in1
    MMCME2_ADV_X1Y0      MMCME2_ADV (Prop_mmcme2_adv_CLKIN1_CLKOUT0)
                                                     -1.375    -0.559 r  clk_wiz_inst/inst/mmcm_adv_inst/CLKOUT0
                         net (fo=1, routed)           0.530    -0.029    clk_wiz_inst/inst/UART_clk_clk_wiz_0
    BUFGCTRL_X0Y1        BUFG (Prop_bufg_I_O)         0.029     0.000 r  clk_wiz_inst/inst/clkout1_buf/O
                         net (fo=83, routed)          0.860     0.860    UART_inst/UART_TX_inst/MASTER_TO_UART/gnuram_async_fifo.xpm_fifo_base_inst/gen_cdc_pntr.wr_pntr_cdc_inst/dest_clk
    SLICE_X6Y59          FDRE                                         r  UART_inst/UART_TX_inst/MASTER_TO_UART/gnuram_async_fifo.xpm_fifo_base_inst/gen_cdc_pntr.wr_pntr_cdc_inst/dest_graysync_ff_reg[1][3]/C
                         clock pessimism             -0.271     0.590    
    SLICE_X6Y59          FDRE (Hold_fdre_C_D)         0.053     0.643    UART_inst/UART_TX_inst/MASTER_TO_UART/gnuram_async_fifo.xpm_fifo_base_inst/gen_cdc_pntr.wr_pntr_cdc_inst/dest_graysync_ff_reg[1][3]
  -------------------------------------------------------------------
                         required time                         -0.643    
                         arrival time                           0.810    
  -------------------------------------------------------------------
                         slack                                  0.167    





Pulse Width Checks
--------------------------------------------------------------------------------------
Clock Name:         UART_clk_clk_wiz_0
Waveform(ns):       { 0.000 86.806 }
Period(ns):         173.611
Sources:            { clk_wiz_inst/inst/mmcm_adv_inst/CLKOUT0 }

Check Type        Corner  Lib Pin             Reference Pin  Required(ns)  Actual(ns)  Slack(ns)  Location         Pin
Min Period        n/a     RAMB18E1/CLKBWRCLK  n/a            2.576         173.611     171.035    RAMB18_X0Y24     UART_inst/UART_TX_inst/MASTER_TO_UART/gnuram_async_fifo.xpm_fifo_base_inst/gen_sdpram.xpm_memory_base_inst/gen_wr_a.gen_word_narrow.mem_reg/CLKBWRCLK
Min Period        n/a     BUFG/I              n/a            2.155         173.611     171.456    BUFGCTRL_X0Y1    clk_wiz_inst/inst/clkout1_buf/I
Min Period        n/a     MMCME2_ADV/CLKOUT0  n/a            1.249         173.611     172.362    MMCME2_ADV_X1Y0  clk_wiz_inst/inst/mmcm_adv_inst/CLKOUT0
Min Period        n/a     FDSE/C              n/a            1.000         173.611     172.611    SLICE_X5Y58      UART_inst/UART_TX_inst/MASTER_TO_UART/gnuram_async_fifo.xpm_fifo_base_inst/gen_pf_ic_rc.ram_empty_i_reg/C
Min Period        n/a     FDRE/C              n/a            1.000         173.611     172.611    SLICE_X2Y59      UART_inst/UART_TX_inst/MASTER_TO_UART/gnuram_async_fifo.xpm_fifo_base_inst/gen_cdc_pntr.rd_pntr_cdc_inst/src_gray_ff_reg[0]/C
Min Period        n/a     FDRE/C              n/a            1.000         173.611     172.611    SLICE_X2Y59      UART_inst/UART_TX_inst/MASTER_TO_UART/gnuram_async_fifo.xpm_fifo_base_inst/gen_cdc_pntr.rd_pntr_cdc_inst/src_gray_ff_reg[1]/C
Min Period        n/a     FDRE/C              n/a            1.000         173.611     172.611    SLICE_X2Y59      UART_inst/UART_TX_inst/MASTER_TO_UART/gnuram_async_fifo.xpm_fifo_base_inst/gen_cdc_pntr.rd_pntr_cdc_inst/src_gray_ff_reg[2]/C
Min Period        n/a     FDRE/C              n/a            1.000         173.611     172.611    SLICE_X2Y59      UART_inst/UART_TX_inst/MASTER_TO_UART/gnuram_async_fifo.xpm_fifo_base_inst/gen_cdc_pntr.rd_pntr_cdc_inst/src_gray_ff_reg[3]/C
Min Period        n/a     FDRE/C              n/a            1.000         173.611     172.611    SLICE_X2Y59      UART_inst/UART_TX_inst/MASTER_TO_UART/gnuram_async_fifo.xpm_fifo_base_inst/gen_cdc_pntr.rd_pntr_cdc_inst/src_gray_ff_reg[4]/C
Min Period        n/a     FDRE/C              n/a            1.000         173.611     172.611    SLICE_X2Y59      UART_inst/UART_TX_inst/MASTER_TO_UART/gnuram_async_fifo.xpm_fifo_base_inst/gen_cdc_pntr.rd_pntr_cdc_inst/src_gray_ff_reg[5]/C
Max Period        n/a     MMCME2_ADV/CLKOUT0  n/a            213.360       173.611     39.749     MMCME2_ADV_X1Y0  clk_wiz_inst/inst/mmcm_adv_inst/CLKOUT0
Low Pulse Width   Slow    FDSE/C              n/a            0.500         86.806      86.306     SLICE_X5Y58      UART_inst/UART_TX_inst/MASTER_TO_UART/gnuram_async_fifo.xpm_fifo_base_inst/gen_pf_ic_rc.ram_empty_i_reg/C
Low Pulse Width   Fast    FDSE/C              n/a            0.500         86.806      86.306     SLICE_X5Y58      UART_inst/UART_TX_inst/MASTER_TO_UART/gnuram_async_fifo.xpm_fifo_base_inst/gen_pf_ic_rc.ram_empty_i_reg/C
Low Pulse Width   Slow    FDRE/C              n/a            0.500         86.806      86.306     SLICE_X2Y59      UART_inst/UART_TX_inst/MASTER_TO_UART/gnuram_async_fifo.xpm_fifo_base_inst/gen_cdc_pntr.rd_pntr_cdc_inst/src_gray_ff_reg[0]/C
Low Pulse Width   Fast    FDRE/C              n/a            0.500         86.806      86.306     SLICE_X2Y59      UART_inst/UART_TX_inst/MASTER_TO_UART/gnuram_async_fifo.xpm_fifo_base_inst/gen_cdc_pntr.rd_pntr_cdc_inst/src_gray_ff_reg[0]/C
Low Pulse Width   Slow    FDRE/C              n/a            0.500         86.806      86.306     SLICE_X2Y59      UART_inst/UART_TX_inst/MASTER_TO_UART/gnuram_async_fifo.xpm_fifo_base_inst/gen_cdc_pntr.rd_pntr_cdc_inst/src_gray_ff_reg[1]/C
Low Pulse Width   Fast    FDRE/C              n/a            0.500         86.806      86.306     SLICE_X2Y59      UART_inst/UART_TX_inst/MASTER_TO_UART/gnuram_async_fifo.xpm_fifo_base_inst/gen_cdc_pntr.rd_pntr_cdc_inst/src_gray_ff_reg[1]/C
Low Pulse Width   Slow    FDRE/C              n/a            0.500         86.806      86.306     SLICE_X2Y59      UART_inst/UART_TX_inst/MASTER_TO_UART/gnuram_async_fifo.xpm_fifo_base_inst/gen_cdc_pntr.rd_pntr_cdc_inst/src_gray_ff_reg[2]/C
Low Pulse Width   Fast    FDRE/C              n/a            0.500         86.806      86.306     SLICE_X2Y59      UART_inst/UART_TX_inst/MASTER_TO_UART/gnuram_async_fifo.xpm_fifo_base_inst/gen_cdc_pntr.rd_pntr_cdc_inst/src_gray_ff_reg[2]/C
Low Pulse Width   Slow    FDRE/C              n/a            0.500         86.806      86.306     SLICE_X2Y59      UART_inst/UART_TX_inst/MASTER_TO_UART/gnuram_async_fifo.xpm_fifo_base_inst/gen_cdc_pntr.rd_pntr_cdc_inst/src_gray_ff_reg[3]/C
Low Pulse Width   Fast    FDRE/C              n/a            0.500         86.806      86.306     SLICE_X2Y59      UART_inst/UART_TX_inst/MASTER_TO_UART/gnuram_async_fifo.xpm_fifo_base_inst/gen_cdc_pntr.rd_pntr_cdc_inst/src_gray_ff_reg[3]/C
High Pulse Width  Slow    FDSE/C              n/a            0.500         86.806      86.306     SLICE_X5Y58      UART_inst/UART_TX_inst/MASTER_TO_UART/gnuram_async_fifo.xpm_fifo_base_inst/gen_pf_ic_rc.ram_empty_i_reg/C
High Pulse Width  Fast    FDSE/C              n/a            0.500         86.806      86.306     SLICE_X5Y58      UART_inst/UART_TX_inst/MASTER_TO_UART/gnuram_async_fifo.xpm_fifo_base_inst/gen_pf_ic_rc.ram_empty_i_reg/C
High Pulse Width  Slow    FDRE/C              n/a            0.500         86.806      86.306     SLICE_X2Y59      UART_inst/UART_TX_inst/MASTER_TO_UART/gnuram_async_fifo.xpm_fifo_base_inst/gen_cdc_pntr.rd_pntr_cdc_inst/src_gray_ff_reg[0]/C
High Pulse Width  Fast    FDRE/C              n/a            0.500         86.806      86.306     SLICE_X2Y59      UART_inst/UART_TX_inst/MASTER_TO_UART/gnuram_async_fifo.xpm_fifo_base_inst/gen_cdc_pntr.rd_pntr_cdc_inst/src_gray_ff_reg[0]/C
High Pulse Width  Slow    FDRE/C              n/a            0.500         86.806      86.306     SLICE_X2Y59      UART_inst/UART_TX_inst/MASTER_TO_UART/gnuram_async_fifo.xpm_fifo_base_inst/gen_cdc_pntr.rd_pntr_cdc_inst/src_gray_ff_reg[1]/C
High Pulse Width  Fast    FDRE/C              n/a            0.500         86.806      86.306     SLICE_X2Y59      UART_inst/UART_TX_inst/MASTER_TO_UART/gnuram_async_fifo.xpm_fifo_base_inst/gen_cdc_pntr.rd_pntr_cdc_inst/src_gray_ff_reg[1]/C
High Pulse Width  Slow    FDRE/C              n/a            0.500         86.806      86.306     SLICE_X2Y59      UART_inst/UART_TX_inst/MASTER_TO_UART/gnuram_async_fifo.xpm_fifo_base_inst/gen_cdc_pntr.rd_pntr_cdc_inst/src_gray_ff_reg[2]/C
High Pulse Width  Fast    FDRE/C              n/a            0.500         86.806      86.306     SLICE_X2Y59      UART_inst/UART_TX_inst/MASTER_TO_UART/gnuram_async_fifo.xpm_fifo_base_inst/gen_cdc_pntr.rd_pntr_cdc_inst/src_gray_ff_reg[2]/C
High Pulse Width  Slow    FDRE/C              n/a            0.500         86.806      86.306     SLICE_X2Y59      UART_inst/UART_TX_inst/MASTER_TO_UART/gnuram_async_fifo.xpm_fifo_base_inst/gen_cdc_pntr.rd_pntr_cdc_inst/src_gray_ff_reg[3]/C
High Pulse Width  Fast    FDRE/C              n/a            0.500         86.806      86.306     SLICE_X2Y59      UART_inst/UART_TX_inst/MASTER_TO_UART/gnuram_async_fifo.xpm_fifo_base_inst/gen_cdc_pntr.rd_pntr_cdc_inst/src_gray_ff_reg[3]/C



---------------------------------------------------------------------------------------------------
From Clock:  clkfbout_clk_wiz_0
  To Clock:  clkfbout_clk_wiz_0

Setup :           NA  Failing Endpoints,  Worst Slack           NA  ,  Total Violation           NA
Hold  :           NA  Failing Endpoints,  Worst Slack           NA  ,  Total Violation           NA
PW    :            0  Failing Endpoints,  Worst Slack       47.845ns,  Total Violation        0.000ns
---------------------------------------------------------------------------------------------------


Pulse Width Checks
--------------------------------------------------------------------------------------
Clock Name:         clkfbout_clk_wiz_0
Waveform(ns):       { 0.000 25.000 }
Period(ns):         50.000
Sources:            { clk_wiz_inst/inst/mmcm_adv_inst/CLKFBOUT }

Check Type  Corner  Lib Pin              Reference Pin  Required(ns)  Actual(ns)  Slack(ns)  Location         Pin
Min Period  n/a     BUFG/I               n/a            2.155         50.000      47.845     BUFGCTRL_X0Y3    clk_wiz_inst/inst/clkf_buf/I
Min Period  n/a     MMCME2_ADV/CLKFBOUT  n/a            1.249         50.000      48.751     MMCME2_ADV_X1Y0  clk_wiz_inst/inst/mmcm_adv_inst/CLKFBOUT
Min Period  n/a     MMCME2_ADV/CLKFBIN   n/a            1.249         50.000      48.751     MMCME2_ADV_X1Y0  clk_wiz_inst/inst/mmcm_adv_inst/CLKFBIN
Max Period  n/a     MMCME2_ADV/CLKFBIN   n/a            100.000       50.000      50.000     MMCME2_ADV_X1Y0  clk_wiz_inst/inst/mmcm_adv_inst/CLKFBIN
Max Period  n/a     MMCME2_ADV/CLKFBOUT  n/a            213.360       50.000      163.360    MMCME2_ADV_X1Y0  clk_wiz_inst/inst/mmcm_adv_inst/CLKFBOUT



---------------------------------------------------------------------------------------------------
From Clock:  
  To Clock:  UART_clk_clk_wiz_0

Setup :            0  Failing Endpoints,  Worst Slack      998.630ns,  Total Violation        0.000ns
Hold  :           NA  Failing Endpoints,  Worst Slack           NA  ,  Total Violation           NA
---------------------------------------------------------------------------------------------------


Max Delay Paths
--------------------------------------------------------------------------------------
Slack (MET) :             998.630ns  (required time - arrival time)
  Source:                 UART_inst/UART_TX_inst/MASTER_TO_UART/gnuram_async_fifo.xpm_fifo_base_inst/gen_cdc_pntr.wr_pntr_cdc_inst/src_gray_ff_reg[3]/C
                            (rising edge-triggered cell FDRE)
  Destination:            UART_inst/UART_TX_inst/MASTER_TO_UART/gnuram_async_fifo.xpm_fifo_base_inst/gen_cdc_pntr.wr_pntr_cdc_inst/dest_graysync_ff_reg[0][3]/D
                            (rising edge-triggered cell FDRE clocked by UART_clk_clk_wiz_0  {rise@0.000ns fall@86.806ns period=173.611ns})
  Path Group:             UART_clk_clk_wiz_0
  Path Type:              Setup (Max at Slow Process Corner)
  Requirement:            1000.000ns  (MaxDelay Path 1000.000ns)
  Data Path Delay:        1.150ns  (logic 0.478ns (41.568%)  route 0.672ns (58.432%))
  Logic Levels:           1  (FDRE=1)
  Timing Exception:       MaxDelay Path 1000.000ns -datapath_only

    Location             Delay type                Incr(ns)  Path(ns)    Netlist Resource(s)
  -------------------------------------------------------------------    -------------------
    SLICE_X8Y59          FDRE                         0.000     0.000 r  UART_inst/UART_TX_inst/MASTER_TO_UART/gnuram_async_fifo.xpm_fifo_base_inst/gen_cdc_pntr.wr_pntr_cdc_inst/src_gray_ff_reg[3]/C
    SLICE_X8Y59          FDRE (Prop_fdre_C_Q)         0.478     0.478 r  UART_inst/UART_TX_inst/MASTER_TO_UART/gnuram_async_fifo.xpm_fifo_base_inst/gen_cdc_pntr.wr_pntr_cdc_inst/src_gray_ff_reg[3]/Q
                         net (fo=1, routed)           0.672     1.150    UART_inst/UART_TX_inst/MASTER_TO_UART/gnuram_async_fifo.xpm_fifo_base_inst/gen_cdc_pntr.wr_pntr_cdc_inst/async_path[3]
    SLICE_X6Y59          FDRE                                         r  UART_inst/UART_TX_inst/MASTER_TO_UART/gnuram_async_fifo.xpm_fifo_base_inst/gen_cdc_pntr.wr_pntr_cdc_inst/dest_graysync_ff_reg[0][3]/D
  -------------------------------------------------------------------    -------------------

                         max delay                 1000.000  1000.000    
    SLICE_X6Y59          FDRE (Setup_fdre_C_D)       -0.220   999.780    UART_inst/UART_TX_inst/MASTER_TO_UART/gnuram_async_fifo.xpm_fifo_base_inst/gen_cdc_pntr.wr_pntr_cdc_inst/dest_graysync_ff_reg[0][3]
  -------------------------------------------------------------------
                         required time                        999.780    
                         arrival time                          -1.150    
  -------------------------------------------------------------------
                         slack                                998.630    

Slack (MET) :             998.702ns  (required time - arrival time)
  Source:                 UART_inst/UART_TX_inst/MASTER_TO_UART/gnuram_async_fifo.xpm_fifo_base_inst/gen_cdc_pntr.wr_pntr_cdc_inst/src_gray_ff_reg[0]/C
                            (rising edge-triggered cell FDRE)
  Destination:            UART_inst/UART_TX_inst/MASTER_TO_UART/gnuram_async_fifo.xpm_fifo_base_inst/gen_cdc_pntr.wr_pntr_cdc_inst/dest_graysync_ff_reg[0][0]/D
                            (rising edge-triggered cell FDRE clocked by UART_clk_clk_wiz_0  {rise@0.000ns fall@86.806ns period=173.611ns})
  Path Group:             UART_clk_clk_wiz_0
  Path Type:              Setup (Max at Slow Process Corner)
  Requirement:            1000.000ns  (MaxDelay Path 1000.000ns)
  Data Path Delay:        1.203ns  (logic 0.518ns (43.064%)  route 0.685ns (56.936%))
  Logic Levels:           1  (FDRE=1)
  Timing Exception:       MaxDelay Path 1000.000ns -datapath_only

    Location             Delay type                Incr(ns)  Path(ns)    Netlist Resource(s)
  -------------------------------------------------------------------    -------------------
    SLICE_X8Y59          FDRE                         0.000     0.000 r  UART_inst/UART_TX_inst/MASTER_TO_UART/gnuram_async_fifo.xpm_fifo_base_inst/gen_cdc_pntr.wr_pntr_cdc_inst/src_gray_ff_reg[0]/C
    SLICE_X8Y59          FDRE (Prop_fdre_C_Q)         0.518     0.518 r  UART_inst/UART_TX_inst/MASTER_TO_UART/gnuram_async_fifo.xpm_fifo_base_inst/gen_cdc_pntr.wr_pntr_cdc_inst/src_gray_ff_reg[0]/Q
                         net (fo=1, routed)           0.685     1.203    UART_inst/UART_TX_inst/MASTER_TO_UART/gnuram_async_fifo.xpm_fifo_base_inst/gen_cdc_pntr.wr_pntr_cdc_inst/async_path[0]
    SLICE_X7Y59          FDRE                                         r  UART_inst/UART_TX_inst/MASTER_TO_UART/gnuram_async_fifo.xpm_fifo_base_inst/gen_cdc_pntr.wr_pntr_cdc_inst/dest_graysync_ff_reg[0][0]/D
  -------------------------------------------------------------------    -------------------

                         max delay                 1000.000  1000.000    
    SLICE_X7Y59          FDRE (Setup_fdre_C_D)       -0.095   999.905    UART_inst/UART_TX_inst/MASTER_TO_UART/gnuram_async_fifo.xpm_fifo_base_inst/gen_cdc_pntr.wr_pntr_cdc_inst/dest_graysync_ff_reg[0][0]
  -------------------------------------------------------------------
                         required time                        999.905    
                         arrival time                          -1.203    
  -------------------------------------------------------------------
                         slack                                998.702    

Slack (MET) :             998.712ns  (required time - arrival time)
  Source:                 UART_inst/UART_TX_inst/MASTER_TO_UART/gnuram_async_fifo.xpm_fifo_base_inst/gen_cdc_pntr.wr_pntr_cdc_inst/src_gray_ff_reg[2]/C
                            (rising edge-triggered cell FDRE)
  Destination:            UART_inst/UART_TX_inst/MASTER_TO_UART/gnuram_async_fifo.xpm_fifo_base_inst/gen_cdc_pntr.wr_pntr_cdc_inst/dest_graysync_ff_reg[0][2]/D
                            (rising edge-triggered cell FDRE clocked by UART_clk_clk_wiz_0  {rise@0.000ns fall@86.806ns period=173.611ns})
  Path Group:             UART_clk_clk_wiz_0
  Path Type:              Setup (Max at Slow Process Corner)
  Requirement:            1000.000ns  (MaxDelay Path 1000.000ns)
  Data Path Delay:        1.195ns  (logic 0.518ns (43.340%)  route 0.677ns (56.660%))
  Logic Levels:           1  (FDRE=1)
  Timing Exception:       MaxDelay Path 1000.000ns -datapath_only

    Location             Delay type                Incr(ns)  Path(ns)    Netlist Resource(s)
  -------------------------------------------------------------------    -------------------
    SLICE_X8Y59          FDRE                         0.000     0.000 r  UART_inst/UART_TX_inst/MASTER_TO_UART/gnuram_async_fifo.xpm_fifo_base_inst/gen_cdc_pntr.wr_pntr_cdc_inst/src_gray_ff_reg[2]/C
    SLICE_X8Y59          FDRE (Prop_fdre_C_Q)         0.518     0.518 r  UART_inst/UART_TX_inst/MASTER_TO_UART/gnuram_async_fifo.xpm_fifo_base_inst/gen_cdc_pntr.wr_pntr_cdc_inst/src_gray_ff_reg[2]/Q
                         net (fo=1, routed)           0.677     1.195    UART_inst/UART_TX_inst/MASTER_TO_UART/gnuram_async_fifo.xpm_fifo_base_inst/gen_cdc_pntr.wr_pntr_cdc_inst/async_path[2]
    SLICE_X7Y59          FDRE                                         r  UART_inst/UART_TX_inst/MASTER_TO_UART/gnuram_async_fifo.xpm_fifo_base_inst/gen_cdc_pntr.wr_pntr_cdc_inst/dest_graysync_ff_reg[0][2]/D
  -------------------------------------------------------------------    -------------------

                         max delay                 1000.000  1000.000    
    SLICE_X7Y59          FDRE (Setup_fdre_C_D)       -0.093   999.907    UART_inst/UART_TX_inst/MASTER_TO_UART/gnuram_async_fifo.xpm_fifo_base_inst/gen_cdc_pntr.wr_pntr_cdc_inst/dest_graysync_ff_reg[0][2]
  -------------------------------------------------------------------
                         required time                        999.907    
                         arrival time                          -1.195    
  -------------------------------------------------------------------
                         slack                                998.712    

Slack (MET) :             998.755ns  (required time - arrival time)
  Source:                 UART_inst/UART_TX_inst/MASTER_TO_UART/gnuram_async_fifo.xpm_fifo_base_inst/gen_cdc_pntr.wr_pntr_cdc_inst/src_gray_ff_reg[7]/C
                            (rising edge-triggered cell FDRE)
  Destination:            UART_inst/UART_TX_inst/MASTER_TO_UART/gnuram_async_fifo.xpm_fifo_base_inst/gen_cdc_pntr.wr_pntr_cdc_inst/dest_graysync_ff_reg[0][7]/D
                            (rising edge-triggered cell FDRE clocked by UART_clk_clk_wiz_0  {rise@0.000ns fall@86.806ns period=173.611ns})
  Path Group:             UART_clk_clk_wiz_0
  Path Type:              Setup (Max at Slow Process Corner)
  Requirement:            1000.000ns  (MaxDelay Path 1000.000ns)
  Data Path Delay:        1.024ns  (logic 0.478ns (46.689%)  route 0.546ns (53.311%))
  Logic Levels:           1  (FDRE=1)
  Timing Exception:       MaxDelay Path 1000.000ns -datapath_only

    Location             Delay type                Incr(ns)  Path(ns)    Netlist Resource(s)
  -------------------------------------------------------------------    -------------------
    SLICE_X8Y59          FDRE                         0.000     0.000 r  UART_inst/UART_TX_inst/MASTER_TO_UART/gnuram_async_fifo.xpm_fifo_base_inst/gen_cdc_pntr.wr_pntr_cdc_inst/src_gray_ff_reg[7]/C
    SLICE_X8Y59          FDRE (Prop_fdre_C_Q)         0.478     0.478 r  UART_inst/UART_TX_inst/MASTER_TO_UART/gnuram_async_fifo.xpm_fifo_base_inst/gen_cdc_pntr.wr_pntr_cdc_inst/src_gray_ff_reg[7]/Q
                         net (fo=1, routed)           0.546     1.024    UART_inst/UART_TX_inst/MASTER_TO_UART/gnuram_async_fifo.xpm_fifo_base_inst/gen_cdc_pntr.wr_pntr_cdc_inst/async_path[7]
    SLICE_X6Y58          FDRE                                         r  UART_inst/UART_TX_inst/MASTER_TO_UART/gnuram_async_fifo.xpm_fifo_base_inst/gen_cdc_pntr.wr_pntr_cdc_inst/dest_graysync_ff_reg[0][7]/D
  -------------------------------------------------------------------    -------------------

                         max delay                 1000.000  1000.000    
    SLICE_X6Y58          FDRE (Setup_fdre_C_D)       -0.221   999.779    UART_inst/UART_TX_inst/MASTER_TO_UART/gnuram_async_fifo.xpm_fifo_base_inst/gen_cdc_pntr.wr_pntr_cdc_inst/dest_graysync_ff_reg[0][7]
  -------------------------------------------------------------------
                         required time                        999.779    
                         arrival time                          -1.024    
  -------------------------------------------------------------------
                         slack                                998.755    

Slack (MET) :             998.774ns  (required time - arrival time)
  Source:                 UART_inst/UART_TX_inst/MASTER_TO_UART/gnuram_async_fifo.xpm_fifo_base_inst/gen_cdc_pntr.wr_pntr_cdc_inst/src_gray_ff_reg[1]/C
                            (rising edge-triggered cell FDRE)
  Destination:            UART_inst/UART_TX_inst/MASTER_TO_UART/gnuram_async_fifo.xpm_fifo_base_inst/gen_cdc_pntr.wr_pntr_cdc_inst/dest_graysync_ff_reg[0][1]/D
                            (rising edge-triggered cell FDRE clocked by UART_clk_clk_wiz_0  {rise@0.000ns fall@86.806ns period=173.611ns})
  Path Group:             UART_clk_clk_wiz_0
  Path Type:              Setup (Max at Slow Process Corner)
  Requirement:            1000.000ns  (MaxDelay Path 1000.000ns)
  Data Path Delay:        1.008ns  (logic 0.478ns (47.413%)  route 0.530ns (52.587%))
  Logic Levels:           1  (FDRE=1)
  Timing Exception:       MaxDelay Path 1000.000ns -datapath_only

    Location             Delay type                Incr(ns)  Path(ns)    Netlist Resource(s)
  -------------------------------------------------------------------    -------------------
    SLICE_X8Y59          FDRE                         0.000     0.000 r  UART_inst/UART_TX_inst/MASTER_TO_UART/gnuram_async_fifo.xpm_fifo_base_inst/gen_cdc_pntr.wr_pntr_cdc_inst/src_gray_ff_reg[1]/C
    SLICE_X8Y59          FDRE (Prop_fdre_C_Q)         0.478     0.478 r  UART_inst/UART_TX_inst/MASTER_TO_UART/gnuram_async_fifo.xpm_fifo_base_inst/gen_cdc_pntr.wr_pntr_cdc_inst/src_gray_ff_reg[1]/Q
                         net (fo=1, routed)           0.530     1.008    UART_inst/UART_TX_inst/MASTER_TO_UART/gnuram_async_fifo.xpm_fifo_base_inst/gen_cdc_pntr.wr_pntr_cdc_inst/async_path[1]
    SLICE_X6Y59          FDRE                                         r  UART_inst/UART_TX_inst/MASTER_TO_UART/gnuram_async_fifo.xpm_fifo_base_inst/gen_cdc_pntr.wr_pntr_cdc_inst/dest_graysync_ff_reg[0][1]/D
  -------------------------------------------------------------------    -------------------

                         max delay                 1000.000  1000.000    
    SLICE_X6Y59          FDRE (Setup_fdre_C_D)       -0.218   999.782    UART_inst/UART_TX_inst/MASTER_TO_UART/gnuram_async_fifo.xpm_fifo_base_inst/gen_cdc_pntr.wr_pntr_cdc_inst/dest_graysync_ff_reg[0][1]
  -------------------------------------------------------------------
                         required time                        999.782    
                         arrival time                          -1.008    
  -------------------------------------------------------------------
                         slack                                998.774    

Slack (MET) :             998.859ns  (required time - arrival time)
  Source:                 UART_inst/UART_TX_inst/MASTER_TO_UART/gnuram_async_fifo.xpm_fifo_base_inst/gen_cdc_pntr.wr_pntr_cdc_inst/src_gray_ff_reg[6]/C
                            (rising edge-triggered cell FDRE)
  Destination:            UART_inst/UART_TX_inst/MASTER_TO_UART/gnuram_async_fifo.xpm_fifo_base_inst/gen_cdc_pntr.wr_pntr_cdc_inst/dest_graysync_ff_reg[0][6]/D
                            (rising edge-triggered cell FDRE clocked by UART_clk_clk_wiz_0  {rise@0.000ns fall@86.806ns period=173.611ns})
  Path Group:             UART_clk_clk_wiz_0
  Path Type:              Setup (Max at Slow Process Corner)
  Requirement:            1000.000ns  (MaxDelay Path 1000.000ns)
  Data Path Delay:        1.049ns  (logic 0.518ns (49.367%)  route 0.531ns (50.633%))
  Logic Levels:           1  (FDRE=1)
  Timing Exception:       MaxDelay Path 1000.000ns -datapath_only

    Location             Delay type                Incr(ns)  Path(ns)    Netlist Resource(s)
  -------------------------------------------------------------------    -------------------
    SLICE_X8Y59          FDRE                         0.000     0.000 r  UART_inst/UART_TX_inst/MASTER_TO_UART/gnuram_async_fifo.xpm_fifo_base_inst/gen_cdc_pntr.wr_pntr_cdc_inst/src_gray_ff_reg[6]/C
    SLICE_X8Y59          FDRE (Prop_fdre_C_Q)         0.518     0.518 r  UART_inst/UART_TX_inst/MASTER_TO_UART/gnuram_async_fifo.xpm_fifo_base_inst/gen_cdc_pntr.wr_pntr_cdc_inst/src_gray_ff_reg[6]/Q
                         net (fo=1, routed)           0.531     1.049    UART_inst/UART_TX_inst/MASTER_TO_UART/gnuram_async_fifo.xpm_fifo_base_inst/gen_cdc_pntr.wr_pntr_cdc_inst/async_path[6]
    SLICE_X7Y59          FDRE                                         r  UART_inst/UART_TX_inst/MASTER_TO_UART/gnuram_async_fifo.xpm_fifo_base_inst/gen_cdc_pntr.wr_pntr_cdc_inst/dest_graysync_ff_reg[0][6]/D
  -------------------------------------------------------------------    -------------------

                         max delay                 1000.000  1000.000    
    SLICE_X7Y59          FDRE (Setup_fdre_C_D)       -0.092   999.908    UART_inst/UART_TX_inst/MASTER_TO_UART/gnuram_async_fifo.xpm_fifo_base_inst/gen_cdc_pntr.wr_pntr_cdc_inst/dest_graysync_ff_reg[0][6]
  -------------------------------------------------------------------
                         required time                        999.908    
                         arrival time                          -1.049    
  -------------------------------------------------------------------
                         slack                                998.859    

Slack (MET) :             998.868ns  (required time - arrival time)
  Source:                 UART_inst/UART_TX_inst/MASTER_TO_UART/gnuram_async_fifo.xpm_fifo_base_inst/gen_cdc_pntr.wr_pntr_cdc_inst/src_gray_ff_reg[5]/C
                            (rising edge-triggered cell FDRE)
  Destination:            UART_inst/UART_TX_inst/MASTER_TO_UART/gnuram_async_fifo.xpm_fifo_base_inst/gen_cdc_pntr.wr_pntr_cdc_inst/dest_graysync_ff_reg[0][5]/D
                            (rising edge-triggered cell FDRE clocked by UART_clk_clk_wiz_0  {rise@0.000ns fall@86.806ns period=173.611ns})
  Path Group:             UART_clk_clk_wiz_0
  Path Type:              Setup (Max at Slow Process Corner)
  Requirement:            1000.000ns  (MaxDelay Path 1000.000ns)
  Data Path Delay:        0.867ns  (logic 0.478ns (55.150%)  route 0.389ns (44.850%))
  Logic Levels:           1  (FDRE=1)
  Timing Exception:       MaxDelay Path 1000.000ns -datapath_only

    Location             Delay type                Incr(ns)  Path(ns)    Netlist Resource(s)
  -------------------------------------------------------------------    -------------------
    SLICE_X8Y59          FDRE                         0.000     0.000 r  UART_inst/UART_TX_inst/MASTER_TO_UART/gnuram_async_fifo.xpm_fifo_base_inst/gen_cdc_pntr.wr_pntr_cdc_inst/src_gray_ff_reg[5]/C
    SLICE_X8Y59          FDRE (Prop_fdre_C_Q)         0.478     0.478 r  UART_inst/UART_TX_inst/MASTER_TO_UART/gnuram_async_fifo.xpm_fifo_base_inst/gen_cdc_pntr.wr_pntr_cdc_inst/src_gray_ff_reg[5]/Q
                         net (fo=1, routed)           0.389     0.867    UART_inst/UART_TX_inst/MASTER_TO_UART/gnuram_async_fifo.xpm_fifo_base_inst/gen_cdc_pntr.wr_pntr_cdc_inst/async_path[5]
    SLICE_X7Y59          FDRE                                         r  UART_inst/UART_TX_inst/MASTER_TO_UART/gnuram_async_fifo.xpm_fifo_base_inst/gen_cdc_pntr.wr_pntr_cdc_inst/dest_graysync_ff_reg[0][5]/D
  -------------------------------------------------------------------    -------------------

                         max delay                 1000.000  1000.000    
    SLICE_X7Y59          FDRE (Setup_fdre_C_D)       -0.265   999.735    UART_inst/UART_TX_inst/MASTER_TO_UART/gnuram_async_fifo.xpm_fifo_base_inst/gen_cdc_pntr.wr_pntr_cdc_inst/dest_graysync_ff_reg[0][5]
  -------------------------------------------------------------------
                         required time                        999.735    
                         arrival time                          -0.867    
  -------------------------------------------------------------------
                         slack                                998.868    

Slack (MET) :             998.891ns  (required time - arrival time)
  Source:                 UART_inst/UART_TX_inst/MASTER_TO_UART/gnuram_async_fifo.xpm_fifo_base_inst/gen_cdc_pntr.wr_pntr_cdc_inst/src_gray_ff_reg[4]/C
                            (rising edge-triggered cell FDRE)
  Destination:            UART_inst/UART_TX_inst/MASTER_TO_UART/gnuram_async_fifo.xpm_fifo_base_inst/gen_cdc_pntr.wr_pntr_cdc_inst/dest_graysync_ff_reg[0][4]/D
                            (rising edge-triggered cell FDRE clocked by UART_clk_clk_wiz_0  {rise@0.000ns fall@86.806ns period=173.611ns})
  Path Group:             UART_clk_clk_wiz_0
  Path Type:              Setup (Max at Slow Process Corner)
  Requirement:            1000.000ns  (MaxDelay Path 1000.000ns)
  Data Path Delay:        1.064ns  (logic 0.518ns (48.685%)  route 0.546ns (51.315%))
  Logic Levels:           1  (FDRE=1)
  Timing Exception:       MaxDelay Path 1000.000ns -datapath_only

    Location             Delay type                Incr(ns)  Path(ns)    Netlist Resource(s)
  -------------------------------------------------------------------    -------------------
    SLICE_X8Y59          FDRE                         0.000     0.000 r  UART_inst/UART_TX_inst/MASTER_TO_UART/gnuram_async_fifo.xpm_fifo_base_inst/gen_cdc_pntr.wr_pntr_cdc_inst/src_gray_ff_reg[4]/C
    SLICE_X8Y59          FDRE (Prop_fdre_C_Q)         0.518     0.518 r  UART_inst/UART_TX_inst/MASTER_TO_UART/gnuram_async_fifo.xpm_fifo_base_inst/gen_cdc_pntr.wr_pntr_cdc_inst/src_gray_ff_reg[4]/Q
                         net (fo=1, routed)           0.546     1.064    UART_inst/UART_TX_inst/MASTER_TO_UART/gnuram_async_fifo.xpm_fifo_base_inst/gen_cdc_pntr.wr_pntr_cdc_inst/async_path[4]
    SLICE_X6Y59          FDRE                                         r  UART_inst/UART_TX_inst/MASTER_TO_UART/gnuram_async_fifo.xpm_fifo_base_inst/gen_cdc_pntr.wr_pntr_cdc_inst/dest_graysync_ff_reg[0][4]/D
  -------------------------------------------------------------------    -------------------

                         max delay                 1000.000  1000.000    
    SLICE_X6Y59          FDRE (Setup_fdre_C_D)       -0.045   999.955    UART_inst/UART_TX_inst/MASTER_TO_UART/gnuram_async_fifo.xpm_fifo_base_inst/gen_cdc_pntr.wr_pntr_cdc_inst/dest_graysync_ff_reg[0][4]
  -------------------------------------------------------------------
                         required time                        999.955    
                         arrival time                          -1.064    
  -------------------------------------------------------------------
                         slack                                998.891    





---------------------------------------------------------------------------------------------------
Path Group:  **default**
From Clock:  UART_clk_clk_wiz_0
  To Clock:  

Setup :            0  Failing Endpoints,  Worst Slack      172.261ns,  Total Violation        0.000ns
Hold  :           NA  Failing Endpoints,  Worst Slack           NA  ,  Total Violation           NA
---------------------------------------------------------------------------------------------------


Max Delay Paths
--------------------------------------------------------------------------------------
Slack (MET) :             172.261ns  (required time - arrival time)
  Source:                 UART_inst/UART_TX_inst/MASTER_TO_UART/gnuram_async_fifo.xpm_fifo_base_inst/gen_cdc_pntr.rd_pntr_cdc_inst/src_gray_ff_reg[5]/C
                            (rising edge-triggered cell FDRE clocked by UART_clk_clk_wiz_0  {rise@0.000ns fall@86.806ns period=173.611ns})
  Destination:            UART_inst/UART_TX_inst/MASTER_TO_UART/gnuram_async_fifo.xpm_fifo_base_inst/gen_cdc_pntr.rd_pntr_cdc_inst/dest_graysync_ff_reg[0][5]/D
  Path Group:             **default**
  Path Type:              Setup (Max at Slow Process Corner)
  Requirement:            173.611ns  (MaxDelay Path 173.611ns)
  Data Path Delay:        1.085ns  (logic 0.478ns (44.044%)  route 0.607ns (55.956%))
  Logic Levels:           0  
  Timing Exception:       MaxDelay Path 173.611ns -datapath_only

    Location             Delay type                Incr(ns)  Path(ns)    Netlist Resource(s)
  -------------------------------------------------------------------    -------------------
    SLICE_X2Y59                                       0.000     0.000 r  UART_inst/UART_TX_inst/MASTER_TO_UART/gnuram_async_fifo.xpm_fifo_base_inst/gen_cdc_pntr.rd_pntr_cdc_inst/src_gray_ff_reg[5]/C
    SLICE_X2Y59          FDRE (Prop_fdre_C_Q)         0.478     0.478 r  UART_inst/UART_TX_inst/MASTER_TO_UART/gnuram_async_fifo.xpm_fifo_base_inst/gen_cdc_pntr.rd_pntr_cdc_inst/src_gray_ff_reg[5]/Q
                         net (fo=1, routed)           0.607     1.085    UART_inst/UART_TX_inst/MASTER_TO_UART/gnuram_async_fifo.xpm_fifo_base_inst/gen_cdc_pntr.rd_pntr_cdc_inst/async_path[5]
    SLICE_X0Y59          FDRE                                         r  UART_inst/UART_TX_inst/MASTER_TO_UART/gnuram_async_fifo.xpm_fifo_base_inst/gen_cdc_pntr.rd_pntr_cdc_inst/dest_graysync_ff_reg[0][5]/D
  -------------------------------------------------------------------    -------------------

                         max delay                  173.611   173.611    
    SLICE_X0Y59          FDRE (Setup_fdre_C_D)       -0.265   173.346    UART_inst/UART_TX_inst/MASTER_TO_UART/gnuram_async_fifo.xpm_fifo_base_inst/gen_cdc_pntr.rd_pntr_cdc_inst/dest_graysync_ff_reg[0][5]
  -------------------------------------------------------------------
                         required time                        173.346    
                         arrival time                          -1.085    
  -------------------------------------------------------------------
                         slack                                172.261    

Slack (MET) :             172.377ns  (required time - arrival time)
  Source:                 UART_inst/UART_TX_inst/MASTER_TO_UART/gnuram_async_fifo.xpm_fifo_base_inst/gen_cdc_pntr.rd_pntr_cdc_inst/src_gray_ff_reg[3]/C
                            (rising edge-triggered cell FDRE clocked by UART_clk_clk_wiz_0  {rise@0.000ns fall@86.806ns period=173.611ns})
  Destination:            UART_inst/UART_TX_inst/MASTER_TO_UART/gnuram_async_fifo.xpm_fifo_base_inst/gen_cdc_pntr.rd_pntr_cdc_inst/dest_graysync_ff_reg[0][3]/D
  Path Group:             **default**
  Path Type:              Setup (Max at Slow Process Corner)
  Requirement:            173.611ns  (MaxDelay Path 173.611ns)
  Data Path Delay:        0.964ns  (logic 0.478ns (49.592%)  route 0.486ns (50.408%))
  Logic Levels:           0  
  Timing Exception:       MaxDelay Path 173.611ns -datapath_only

    Location             Delay type                Incr(ns)  Path(ns)    Netlist Resource(s)
  -------------------------------------------------------------------    -------------------
    SLICE_X2Y59                                       0.000     0.000 r  UART_inst/UART_TX_inst/MASTER_TO_UART/gnuram_async_fifo.xpm_fifo_base_inst/gen_cdc_pntr.rd_pntr_cdc_inst/src_gray_ff_reg[3]/C
    SLICE_X2Y59          FDRE (Prop_fdre_C_Q)         0.478     0.478 r  UART_inst/UART_TX_inst/MASTER_TO_UART/gnuram_async_fifo.xpm_fifo_base_inst/gen_cdc_pntr.rd_pntr_cdc_inst/src_gray_ff_reg[3]/Q
                         net (fo=1, routed)           0.486     0.964    UART_inst/UART_TX_inst/MASTER_TO_UART/gnuram_async_fifo.xpm_fifo_base_inst/gen_cdc_pntr.rd_pntr_cdc_inst/async_path[3]
    SLICE_X0Y59          FDRE                                         r  UART_inst/UART_TX_inst/MASTER_TO_UART/gnuram_async_fifo.xpm_fifo_base_inst/gen_cdc_pntr.rd_pntr_cdc_inst/dest_graysync_ff_reg[0][3]/D
  -------------------------------------------------------------------    -------------------

                         max delay                  173.611   173.611    
    SLICE_X0Y59          FDRE (Setup_fdre_C_D)       -0.270   173.341    UART_inst/UART_TX_inst/MASTER_TO_UART/gnuram_async_fifo.xpm_fifo_base_inst/gen_cdc_pntr.rd_pntr_cdc_inst/dest_graysync_ff_reg[0][3]
  -------------------------------------------------------------------
                         required time                        173.341    
                         arrival time                          -0.964    
  -------------------------------------------------------------------
                         slack                                172.377    

Slack (MET) :             172.442ns  (required time - arrival time)
  Source:                 UART_inst/UART_TX_inst/MASTER_TO_UART/gnuram_async_fifo.xpm_fifo_base_inst/gen_cdc_pntr.rd_pntr_cdc_inst/src_gray_ff_reg[1]/C
                            (rising edge-triggered cell FDRE clocked by UART_clk_clk_wiz_0  {rise@0.000ns fall@86.806ns period=173.611ns})
  Destination:            UART_inst/UART_TX_inst/MASTER_TO_UART/gnuram_async_fifo.xpm_fifo_base_inst/gen_cdc_pntr.rd_pntr_cdc_inst/dest_graysync_ff_reg[0][1]/D
  Path Group:             **default**
  Path Type:              Setup (Max at Slow Process Corner)
  Requirement:            173.611ns  (MaxDelay Path 173.611ns)
  Data Path Delay:        0.905ns  (logic 0.478ns (52.789%)  route 0.427ns (47.211%))
  Logic Levels:           0  
  Timing Exception:       MaxDelay Path 173.611ns -datapath_only

    Location             Delay type                Incr(ns)  Path(ns)    Netlist Resource(s)
  -------------------------------------------------------------------    -------------------
    SLICE_X2Y59                                       0.000     0.000 r  UART_inst/UART_TX_inst/MASTER_TO_UART/gnuram_async_fifo.xpm_fifo_base_inst/gen_cdc_pntr.rd_pntr_cdc_inst/src_gray_ff_reg[1]/C
    SLICE_X2Y59          FDRE (Prop_fdre_C_Q)         0.478     0.478 r  UART_inst/UART_TX_inst/MASTER_TO_UART/gnuram_async_fifo.xpm_fifo_base_inst/gen_cdc_pntr.rd_pntr_cdc_inst/src_gray_ff_reg[1]/Q
                         net (fo=1, routed)           0.427     0.905    UART_inst/UART_TX_inst/MASTER_TO_UART/gnuram_async_fifo.xpm_fifo_base_inst/gen_cdc_pntr.rd_pntr_cdc_inst/async_path[1]
    SLICE_X1Y60          FDRE                                         r  UART_inst/UART_TX_inst/MASTER_TO_UART/gnuram_async_fifo.xpm_fifo_base_inst/gen_cdc_pntr.rd_pntr_cdc_inst/dest_graysync_ff_reg[0][1]/D
  -------------------------------------------------------------------    -------------------

                         max delay                  173.611   173.611    
    SLICE_X1Y60          FDRE (Setup_fdre_C_D)       -0.264   173.347    UART_inst/UART_TX_inst/MASTER_TO_UART/gnuram_async_fifo.xpm_fifo_base_inst/gen_cdc_pntr.rd_pntr_cdc_inst/dest_graysync_ff_reg[0][1]
  -------------------------------------------------------------------
                         required time                        173.347    
                         arrival time                          -0.905    
  -------------------------------------------------------------------
                         slack                                172.442    

Slack (MET) :             172.556ns  (required time - arrival time)
  Source:                 UART_inst/UART_TX_inst/MASTER_TO_UART/gnuram_async_fifo.xpm_fifo_base_inst/gen_cdc_pntr.rd_pntr_cdc_inst/src_gray_ff_reg[0]/C
                            (rising edge-triggered cell FDRE clocked by UART_clk_clk_wiz_0  {rise@0.000ns fall@86.806ns period=173.611ns})
  Destination:            UART_inst/UART_TX_inst/MASTER_TO_UART/gnuram_async_fifo.xpm_fifo_base_inst/gen_cdc_pntr.rd_pntr_cdc_inst/dest_graysync_ff_reg[0][0]/D
  Path Group:             **default**
  Path Type:              Setup (Max at Slow Process Corner)
  Requirement:            173.611ns  (MaxDelay Path 173.611ns)
  Data Path Delay:        0.960ns  (logic 0.518ns (53.941%)  route 0.442ns (46.059%))
  Logic Levels:           0  
  Timing Exception:       MaxDelay Path 173.611ns -datapath_only

    Location             Delay type                Incr(ns)  Path(ns)    Netlist Resource(s)
  -------------------------------------------------------------------    -------------------
    SLICE_X2Y59                                       0.000     0.000 r  UART_inst/UART_TX_inst/MASTER_TO_UART/gnuram_async_fifo.xpm_fifo_base_inst/gen_cdc_pntr.rd_pntr_cdc_inst/src_gray_ff_reg[0]/C
    SLICE_X2Y59          FDRE (Prop_fdre_C_Q)         0.518     0.518 r  UART_inst/UART_TX_inst/MASTER_TO_UART/gnuram_async_fifo.xpm_fifo_base_inst/gen_cdc_pntr.rd_pntr_cdc_inst/src_gray_ff_reg[0]/Q
                         net (fo=1, routed)           0.442     0.960    UART_inst/UART_TX_inst/MASTER_TO_UART/gnuram_async_fifo.xpm_fifo_base_inst/gen_cdc_pntr.rd_pntr_cdc_inst/async_path[0]
    SLICE_X1Y60          FDRE                                         r  UART_inst/UART_TX_inst/MASTER_TO_UART/gnuram_async_fifo.xpm_fifo_base_inst/gen_cdc_pntr.rd_pntr_cdc_inst/dest_graysync_ff_reg[0][0]/D
  -------------------------------------------------------------------    -------------------

                         max delay                  173.611   173.611    
    SLICE_X1Y60          FDRE (Setup_fdre_C_D)       -0.095   173.516    UART_inst/UART_TX_inst/MASTER_TO_UART/gnuram_async_fifo.xpm_fifo_base_inst/gen_cdc_pntr.rd_pntr_cdc_inst/dest_graysync_ff_reg[0][0]
  -------------------------------------------------------------------
                         required time                        173.516    
                         arrival time                          -0.960    
  -------------------------------------------------------------------
                         slack                                172.556    

Slack (MET) :             172.604ns  (required time - arrival time)
  Source:                 UART_inst/UART_TX_inst/MASTER_TO_UART/gnuram_async_fifo.xpm_fifo_base_inst/gen_cdc_pntr.rd_pntr_cdc_inst/src_gray_ff_reg[6]/C
                            (rising edge-triggered cell FDRE clocked by UART_clk_clk_wiz_0  {rise@0.000ns fall@86.806ns period=173.611ns})
  Destination:            UART_inst/UART_TX_inst/MASTER_TO_UART/gnuram_async_fifo.xpm_fifo_base_inst/gen_cdc_pntr.rd_pntr_cdc_inst/dest_graysync_ff_reg[0][6]/D
  Path Group:             **default**
  Path Type:              Setup (Max at Slow Process Corner)
  Requirement:            173.611ns  (MaxDelay Path 173.611ns)
  Data Path Delay:        0.964ns  (logic 0.518ns (53.732%)  route 0.446ns (46.268%))
  Logic Levels:           0  
  Timing Exception:       MaxDelay Path 173.611ns -datapath_only

    Location             Delay type                Incr(ns)  Path(ns)    Netlist Resource(s)
  -------------------------------------------------------------------    -------------------
    SLICE_X2Y59                                       0.000     0.000 r  UART_inst/UART_TX_inst/MASTER_TO_UART/gnuram_async_fifo.xpm_fifo_base_inst/gen_cdc_pntr.rd_pntr_cdc_inst/src_gray_ff_reg[6]/C
    SLICE_X2Y59          FDRE (Prop_fdre_C_Q)         0.518     0.518 r  UART_inst/UART_TX_inst/MASTER_TO_UART/gnuram_async_fifo.xpm_fifo_base_inst/gen_cdc_pntr.rd_pntr_cdc_inst/src_gray_ff_reg[6]/Q
                         net (fo=1, routed)           0.446     0.964    UART_inst/UART_TX_inst/MASTER_TO_UART/gnuram_async_fifo.xpm_fifo_base_inst/gen_cdc_pntr.rd_pntr_cdc_inst/async_path[6]
    SLICE_X2Y58          FDRE                                         r  UART_inst/UART_TX_inst/MASTER_TO_UART/gnuram_async_fifo.xpm_fifo_base_inst/gen_cdc_pntr.rd_pntr_cdc_inst/dest_graysync_ff_reg[0][6]/D
  -------------------------------------------------------------------    -------------------

                         max delay                  173.611   173.611    
    SLICE_X2Y58          FDRE (Setup_fdre_C_D)       -0.043   173.568    UART_inst/UART_TX_inst/MASTER_TO_UART/gnuram_async_fifo.xpm_fifo_base_inst/gen_cdc_pntr.rd_pntr_cdc_inst/dest_graysync_ff_reg[0][6]
  -------------------------------------------------------------------
                         required time                        173.568    
                         arrival time                          -0.964    
  -------------------------------------------------------------------
                         slack                                172.604    

Slack (MET) :             172.608ns  (required time - arrival time)
  Source:                 UART_inst/UART_TX_inst/MASTER_TO_UART/gnuram_async_fifo.xpm_fifo_base_inst/gen_cdc_pntr.rd_pntr_cdc_inst/src_gray_ff_reg[7]/C
                            (rising edge-triggered cell FDRE clocked by UART_clk_clk_wiz_0  {rise@0.000ns fall@86.806ns period=173.611ns})
  Destination:            UART_inst/UART_TX_inst/MASTER_TO_UART/gnuram_async_fifo.xpm_fifo_base_inst/gen_cdc_pntr.rd_pntr_cdc_inst/dest_graysync_ff_reg[0][7]/D
  Path Group:             **default**
  Path Type:              Setup (Max at Slow Process Corner)
  Requirement:            173.611ns  (MaxDelay Path 173.611ns)
  Data Path Delay:        0.784ns  (logic 0.478ns (60.982%)  route 0.306ns (39.018%))
  Logic Levels:           0  
  Timing Exception:       MaxDelay Path 173.611ns -datapath_only

    Location             Delay type                Incr(ns)  Path(ns)    Netlist Resource(s)
  -------------------------------------------------------------------    -------------------
    SLICE_X2Y59                                       0.000     0.000 r  UART_inst/UART_TX_inst/MASTER_TO_UART/gnuram_async_fifo.xpm_fifo_base_inst/gen_cdc_pntr.rd_pntr_cdc_inst/src_gray_ff_reg[7]/C
    SLICE_X2Y59          FDRE (Prop_fdre_C_Q)         0.478     0.478 r  UART_inst/UART_TX_inst/MASTER_TO_UART/gnuram_async_fifo.xpm_fifo_base_inst/gen_cdc_pntr.rd_pntr_cdc_inst/src_gray_ff_reg[7]/Q
                         net (fo=1, routed)           0.306     0.784    UART_inst/UART_TX_inst/MASTER_TO_UART/gnuram_async_fifo.xpm_fifo_base_inst/gen_cdc_pntr.rd_pntr_cdc_inst/async_path[7]
    SLICE_X2Y58          FDRE                                         r  UART_inst/UART_TX_inst/MASTER_TO_UART/gnuram_async_fifo.xpm_fifo_base_inst/gen_cdc_pntr.rd_pntr_cdc_inst/dest_graysync_ff_reg[0][7]/D
  -------------------------------------------------------------------    -------------------

                         max delay                  173.611   173.611    
    SLICE_X2Y58          FDRE (Setup_fdre_C_D)       -0.219   173.392    UART_inst/UART_TX_inst/MASTER_TO_UART/gnuram_async_fifo.xpm_fifo_base_inst/gen_cdc_pntr.rd_pntr_cdc_inst/dest_graysync_ff_reg[0][7]
  -------------------------------------------------------------------
                         required time                        173.392    
                         arrival time                          -0.784    
  -------------------------------------------------------------------
                         slack                                172.608    

Slack (MET) :             172.703ns  (required time - arrival time)
  Source:                 UART_inst/UART_TX_inst/MASTER_TO_UART/gnuram_async_fifo.xpm_fifo_base_inst/gen_cdc_pntr.rd_pntr_cdc_inst/src_gray_ff_reg[2]/C
                            (rising edge-triggered cell FDRE clocked by UART_clk_clk_wiz_0  {rise@0.000ns fall@86.806ns period=173.611ns})
  Destination:            UART_inst/UART_TX_inst/MASTER_TO_UART/gnuram_async_fifo.xpm_fifo_base_inst/gen_cdc_pntr.rd_pntr_cdc_inst/dest_graysync_ff_reg[0][2]/D
  Path Group:             **default**
  Path Type:              Setup (Max at Slow Process Corner)
  Requirement:            173.611ns  (MaxDelay Path 173.611ns)
  Data Path Delay:        0.813ns  (logic 0.518ns (63.750%)  route 0.295ns (36.250%))
  Logic Levels:           0  
  Timing Exception:       MaxDelay Path 173.611ns -datapath_only

    Location             Delay type                Incr(ns)  Path(ns)    Netlist Resource(s)
  -------------------------------------------------------------------    -------------------
    SLICE_X2Y59                                       0.000     0.000 r  UART_inst/UART_TX_inst/MASTER_TO_UART/gnuram_async_fifo.xpm_fifo_base_inst/gen_cdc_pntr.rd_pntr_cdc_inst/src_gray_ff_reg[2]/C
    SLICE_X2Y59          FDRE (Prop_fdre_C_Q)         0.518     0.518 r  UART_inst/UART_TX_inst/MASTER_TO_UART/gnuram_async_fifo.xpm_fifo_base_inst/gen_cdc_pntr.rd_pntr_cdc_inst/src_gray_ff_reg[2]/Q
                         net (fo=1, routed)           0.295     0.813    UART_inst/UART_TX_inst/MASTER_TO_UART/gnuram_async_fifo.xpm_fifo_base_inst/gen_cdc_pntr.rd_pntr_cdc_inst/async_path[2]
    SLICE_X0Y59          FDRE                                         r  UART_inst/UART_TX_inst/MASTER_TO_UART/gnuram_async_fifo.xpm_fifo_base_inst/gen_cdc_pntr.rd_pntr_cdc_inst/dest_graysync_ff_reg[0][2]/D
  -------------------------------------------------------------------    -------------------

                         max delay                  173.611   173.611    
    SLICE_X0Y59          FDRE (Setup_fdre_C_D)       -0.095   173.516    UART_inst/UART_TX_inst/MASTER_TO_UART/gnuram_async_fifo.xpm_fifo_base_inst/gen_cdc_pntr.rd_pntr_cdc_inst/dest_graysync_ff_reg[0][2]
  -------------------------------------------------------------------
                         required time                        173.516    
                         arrival time                          -0.813    
  -------------------------------------------------------------------
                         slack                                172.703    

Slack (MET) :             172.740ns  (required time - arrival time)
  Source:                 UART_inst/UART_TX_inst/MASTER_TO_UART/gnuram_async_fifo.xpm_fifo_base_inst/gen_cdc_pntr.rd_pntr_cdc_inst/src_gray_ff_reg[4]/C
                            (rising edge-triggered cell FDRE clocked by UART_clk_clk_wiz_0  {rise@0.000ns fall@86.806ns period=173.611ns})
  Destination:            UART_inst/UART_TX_inst/MASTER_TO_UART/gnuram_async_fifo.xpm_fifo_base_inst/gen_cdc_pntr.rd_pntr_cdc_inst/dest_graysync_ff_reg[0][4]/D
  Path Group:             **default**
  Path Type:              Setup (Max at Slow Process Corner)
  Requirement:            173.611ns  (MaxDelay Path 173.611ns)
  Data Path Delay:        0.824ns  (logic 0.518ns (62.851%)  route 0.306ns (37.149%))
  Logic Levels:           0  
  Timing Exception:       MaxDelay Path 173.611ns -datapath_only

    Location             Delay type                Incr(ns)  Path(ns)    Netlist Resource(s)
  -------------------------------------------------------------------    -------------------
    SLICE_X2Y59                                       0.000     0.000 r  UART_inst/UART_TX_inst/MASTER_TO_UART/gnuram_async_fifo.xpm_fifo_base_inst/gen_cdc_pntr.rd_pntr_cdc_inst/src_gray_ff_reg[4]/C
    SLICE_X2Y59          FDRE (Prop_fdre_C_Q)         0.518     0.518 r  UART_inst/UART_TX_inst/MASTER_TO_UART/gnuram_async_fifo.xpm_fifo_base_inst/gen_cdc_pntr.rd_pntr_cdc_inst/src_gray_ff_reg[4]/Q
                         net (fo=1, routed)           0.306     0.824    UART_inst/UART_TX_inst/MASTER_TO_UART/gnuram_async_fifo.xpm_fifo_base_inst/gen_cdc_pntr.rd_pntr_cdc_inst/async_path[4]
    SLICE_X2Y58          FDRE                                         r  UART_inst/UART_TX_inst/MASTER_TO_UART/gnuram_async_fifo.xpm_fifo_base_inst/gen_cdc_pntr.rd_pntr_cdc_inst/dest_graysync_ff_reg[0][4]/D
  -------------------------------------------------------------------    -------------------

                         max delay                  173.611   173.611    
    SLICE_X2Y58          FDRE (Setup_fdre_C_D)       -0.047   173.564    UART_inst/UART_TX_inst/MASTER_TO_UART/gnuram_async_fifo.xpm_fifo_base_inst/gen_cdc_pntr.rd_pntr_cdc_inst/dest_graysync_ff_reg[0][4]
  -------------------------------------------------------------------
                         required time                        173.564    
                         arrival time                          -0.824    
  -------------------------------------------------------------------
                         slack                                172.740    





--------------------------------------------------------------------------------------
Path Group:  (none)
From Clock:  UART_clk_clk_wiz_0
  To Clock:  

Max Delay             1 Endpoint
Min Delay             9 Endpoints
--------------------------------------------------------------------------------------


Max Delay Paths
--------------------------------------------------------------------------------------
Slack:                    inf
  Source:                 UART_inst/UART_TX_inst/MASTER_TO_UART/gnuram_async_fifo.xpm_fifo_base_inst/xpm_fifo_rst_inst/gen_rst_ic.fifo_rd_rst_ic_reg/C
                            (rising edge-triggered cell FDRE clocked by UART_clk_clk_wiz_0  {rise@0.000ns fall@86.806ns period=173.611ns})
  Destination:            UART_inst/UART_TX_inst/MASTER_TO_UART/gnuram_async_fifo.xpm_fifo_base_inst/xpm_fifo_rst_inst/gen_rst_ic.rrst_wr_inst/syncstages_ff_reg[0]/D
  Path Group:             (none)
  Path Type:              Max at Slow Process Corner
  Data Path Delay:        1.021ns  (logic 0.456ns (44.674%)  route 0.565ns (55.326%))
  Logic Levels:           0  
  Clock Uncertainty:      0.607ns  ((TSJ^2 + DJ^2)^1/2) / 2 + PE
    Total System Jitter     (TSJ):    0.050ns
    Discrete Jitter          (DJ):    0.555ns
    Phase Error              (PE):    0.328ns
  Timing Exception:       False Path

    Location             Delay type                Incr(ns)  Path(ns)    Netlist Resource(s)
  -------------------------------------------------------------------    -------------------
                         (clock UART_clk_clk_wiz_0 rise edge)
                                                      0.000     0.000 r  
    BUFGCTRL_X0Y0        BUFG                         0.000     0.000 r  clk_IBUF_BUFG_inst/O
                         net (fo=11692, routed)       1.575     1.575    clk_wiz_inst/inst/clk_in1
    MMCME2_ADV_X1Y0      MMCME2_ADV (Prop_mmcme2_adv_CLKIN1_CLKOUT0)
                                                     -3.333    -1.757 r  clk_wiz_inst/inst/mmcm_adv_inst/CLKOUT0
                         net (fo=1, routed)           1.661    -0.096    clk_wiz_inst/inst/UART_clk_clk_wiz_0
    BUFGCTRL_X0Y1        BUFG (Prop_bufg_I_O)         0.096    -0.000 r  clk_wiz_inst/inst/clkout1_buf/O
                         net (fo=83, routed)          1.612     1.612    UART_inst/UART_TX_inst/MASTER_TO_UART/gnuram_async_fifo.xpm_fifo_base_inst/xpm_fifo_rst_inst/rd_clk
    SLICE_X1Y71          FDRE                                         r  UART_inst/UART_TX_inst/MASTER_TO_UART/gnuram_async_fifo.xpm_fifo_base_inst/xpm_fifo_rst_inst/gen_rst_ic.fifo_rd_rst_ic_reg/C
  -------------------------------------------------------------------    -------------------
    SLICE_X1Y71          FDRE (Prop_fdre_C_Q)         0.456     2.068 r  UART_inst/UART_TX_inst/MASTER_TO_UART/gnuram_async_fifo.xpm_fifo_base_inst/xpm_fifo_rst_inst/gen_rst_ic.fifo_rd_rst_ic_reg/Q
                         net (fo=30, routed)          0.565     2.633    UART_inst/UART_TX_inst/MASTER_TO_UART/gnuram_async_fifo.xpm_fifo_base_inst/xpm_fifo_rst_inst/gen_rst_ic.rrst_wr_inst/src_rst
    SLICE_X2Y76          FDRE                                         r  UART_inst/UART_TX_inst/MASTER_TO_UART/gnuram_async_fifo.xpm_fifo_base_inst/xpm_fifo_rst_inst/gen_rst_ic.rrst_wr_inst/syncstages_ff_reg[0]/D
  -------------------------------------------------------------------    -------------------





Min Delay Paths
--------------------------------------------------------------------------------------
Slack:                    inf
  Source:                 UART_inst/UART_TX_inst/MASTER_TO_UART/gnuram_async_fifo.xpm_fifo_base_inst/gen_cdc_pntr.rd_pntr_cdc_inst/src_gray_ff_reg[7]/C
                            (rising edge-triggered cell FDRE clocked by UART_clk_clk_wiz_0  {rise@0.000ns fall@86.806ns period=173.611ns})
  Destination:            UART_inst/UART_TX_inst/MASTER_TO_UART/gnuram_async_fifo.xpm_fifo_base_inst/gen_cdc_pntr.rd_pntr_cdc_inst/dest_graysync_ff_reg[0][7]/D
  Path Group:             (none)
  Path Type:              Min at Fast Process Corner
  Data Path Delay:        0.260ns  (logic 0.148ns (56.958%)  route 0.112ns (43.042%))
  Logic Levels:           0  
  Clock Uncertainty:      0.607ns  ((TSJ^2 + DJ^2)^1/2) / 2 + PE
    Total System Jitter     (TSJ):    0.050ns
    Discrete Jitter          (DJ):    0.555ns
    Phase Error              (PE):    0.328ns
  Timing Exception:       False Path

    Location             Delay type                Incr(ns)  Path(ns)    Netlist Resource(s)
  -------------------------------------------------------------------    -------------------
                         (clock UART_clk_clk_wiz_0 rise edge)
                                                      0.000     0.000 r  
    BUFGCTRL_X0Y0        BUFG                         0.000     0.000 r  clk_IBUF_BUFG_inst/O
                         net (fo=11692, routed)       0.549     0.549    clk_wiz_inst/inst/clk_in1
    MMCME2_ADV_X1Y0      MMCME2_ADV (Prop_mmcme2_adv_CLKIN1_CLKOUT0)
                                                     -1.061    -0.512 r  clk_wiz_inst/inst/mmcm_adv_inst/CLKOUT0
                         net (fo=1, routed)           0.486    -0.026    clk_wiz_inst/inst/UART_clk_clk_wiz_0
    BUFGCTRL_X0Y1        BUFG (Prop_bufg_I_O)         0.026     0.000 r  clk_wiz_inst/inst/clkout1_buf/O
                         net (fo=83, routed)          0.592     0.592    UART_inst/UART_TX_inst/MASTER_TO_UART/gnuram_async_fifo.xpm_fifo_base_inst/gen_cdc_pntr.rd_pntr_cdc_inst/src_clk
    SLICE_X2Y59          FDRE                                         r  UART_inst/UART_TX_inst/MASTER_TO_UART/gnuram_async_fifo.xpm_fifo_base_inst/gen_cdc_pntr.rd_pntr_cdc_inst/src_gray_ff_reg[7]/C
  -------------------------------------------------------------------    -------------------
    SLICE_X2Y59          FDRE (Prop_fdre_C_Q)         0.148     0.740 r  UART_inst/UART_TX_inst/MASTER_TO_UART/gnuram_async_fifo.xpm_fifo_base_inst/gen_cdc_pntr.rd_pntr_cdc_inst/src_gray_ff_reg[7]/Q
                         net (fo=1, routed)           0.112     0.852    UART_inst/UART_TX_inst/MASTER_TO_UART/gnuram_async_fifo.xpm_fifo_base_inst/gen_cdc_pntr.rd_pntr_cdc_inst/async_path[7]
    SLICE_X2Y58          FDRE                                         r  UART_inst/UART_TX_inst/MASTER_TO_UART/gnuram_async_fifo.xpm_fifo_base_inst/gen_cdc_pntr.rd_pntr_cdc_inst/dest_graysync_ff_reg[0][7]/D
  -------------------------------------------------------------------    -------------------

Slack:                    inf
  Source:                 UART_inst/UART_TX_inst/MASTER_TO_UART/gnuram_async_fifo.xpm_fifo_base_inst/gen_cdc_pntr.rd_pntr_cdc_inst/src_gray_ff_reg[2]/C
                            (rising edge-triggered cell FDRE clocked by UART_clk_clk_wiz_0  {rise@0.000ns fall@86.806ns period=173.611ns})
  Destination:            UART_inst/UART_TX_inst/MASTER_TO_UART/gnuram_async_fifo.xpm_fifo_base_inst/gen_cdc_pntr.rd_pntr_cdc_inst/dest_graysync_ff_reg[0][2]/D
  Path Group:             (none)
  Path Type:              Min at Fast Process Corner
  Data Path Delay:        0.268ns  (logic 0.164ns (61.296%)  route 0.104ns (38.704%))
  Logic Levels:           0  
  Clock Uncertainty:      0.607ns  ((TSJ^2 + DJ^2)^1/2) / 2 + PE
    Total System Jitter     (TSJ):    0.050ns
    Discrete Jitter          (DJ):    0.555ns
    Phase Error              (PE):    0.328ns
  Timing Exception:       False Path

    Location             Delay type                Incr(ns)  Path(ns)    Netlist Resource(s)
  -------------------------------------------------------------------    -------------------
                         (clock UART_clk_clk_wiz_0 rise edge)
                                                      0.000     0.000 r  
    BUFGCTRL_X0Y0        BUFG                         0.000     0.000 r  clk_IBUF_BUFG_inst/O
                         net (fo=11692, routed)       0.549     0.549    clk_wiz_inst/inst/clk_in1
    MMCME2_ADV_X1Y0      MMCME2_ADV (Prop_mmcme2_adv_CLKIN1_CLKOUT0)
                                                     -1.061    -0.512 r  clk_wiz_inst/inst/mmcm_adv_inst/CLKOUT0
                         net (fo=1, routed)           0.486    -0.026    clk_wiz_inst/inst/UART_clk_clk_wiz_0
    BUFGCTRL_X0Y1        BUFG (Prop_bufg_I_O)         0.026     0.000 r  clk_wiz_inst/inst/clkout1_buf/O
                         net (fo=83, routed)          0.592     0.592    UART_inst/UART_TX_inst/MASTER_TO_UART/gnuram_async_fifo.xpm_fifo_base_inst/gen_cdc_pntr.rd_pntr_cdc_inst/src_clk
    SLICE_X2Y59          FDRE                                         r  UART_inst/UART_TX_inst/MASTER_TO_UART/gnuram_async_fifo.xpm_fifo_base_inst/gen_cdc_pntr.rd_pntr_cdc_inst/src_gray_ff_reg[2]/C
  -------------------------------------------------------------------    -------------------
    SLICE_X2Y59          FDRE (Prop_fdre_C_Q)         0.164     0.756 r  UART_inst/UART_TX_inst/MASTER_TO_UART/gnuram_async_fifo.xpm_fifo_base_inst/gen_cdc_pntr.rd_pntr_cdc_inst/src_gray_ff_reg[2]/Q
                         net (fo=1, routed)           0.104     0.859    UART_inst/UART_TX_inst/MASTER_TO_UART/gnuram_async_fifo.xpm_fifo_base_inst/gen_cdc_pntr.rd_pntr_cdc_inst/async_path[2]
    SLICE_X0Y59          FDRE                                         r  UART_inst/UART_TX_inst/MASTER_TO_UART/gnuram_async_fifo.xpm_fifo_base_inst/gen_cdc_pntr.rd_pntr_cdc_inst/dest_graysync_ff_reg[0][2]/D
  -------------------------------------------------------------------    -------------------

Slack:                    inf
  Source:                 UART_inst/UART_TX_inst/MASTER_TO_UART/gnuram_async_fifo.xpm_fifo_base_inst/gen_cdc_pntr.rd_pntr_cdc_inst/src_gray_ff_reg[4]/C
                            (rising edge-triggered cell FDRE clocked by UART_clk_clk_wiz_0  {rise@0.000ns fall@86.806ns period=173.611ns})
  Destination:            UART_inst/UART_TX_inst/MASTER_TO_UART/gnuram_async_fifo.xpm_fifo_base_inst/gen_cdc_pntr.rd_pntr_cdc_inst/dest_graysync_ff_reg[0][4]/D
  Path Group:             (none)
  Path Type:              Min at Fast Process Corner
  Data Path Delay:        0.274ns  (logic 0.164ns (59.816%)  route 0.110ns (40.184%))
  Logic Levels:           0  
  Clock Uncertainty:      0.607ns  ((TSJ^2 + DJ^2)^1/2) / 2 + PE
    Total System Jitter     (TSJ):    0.050ns
    Discrete Jitter          (DJ):    0.555ns
    Phase Error              (PE):    0.328ns
  Timing Exception:       False Path

    Location             Delay type                Incr(ns)  Path(ns)    Netlist Resource(s)
  -------------------------------------------------------------------    -------------------
                         (clock UART_clk_clk_wiz_0 rise edge)
                                                      0.000     0.000 r  
    BUFGCTRL_X0Y0        BUFG                         0.000     0.000 r  clk_IBUF_BUFG_inst/O
                         net (fo=11692, routed)       0.549     0.549    clk_wiz_inst/inst/clk_in1
    MMCME2_ADV_X1Y0      MMCME2_ADV (Prop_mmcme2_adv_CLKIN1_CLKOUT0)
                                                     -1.061    -0.512 r  clk_wiz_inst/inst/mmcm_adv_inst/CLKOUT0
                         net (fo=1, routed)           0.486    -0.026    clk_wiz_inst/inst/UART_clk_clk_wiz_0
    BUFGCTRL_X0Y1        BUFG (Prop_bufg_I_O)         0.026     0.000 r  clk_wiz_inst/inst/clkout1_buf/O
                         net (fo=83, routed)          0.592     0.592    UART_inst/UART_TX_inst/MASTER_TO_UART/gnuram_async_fifo.xpm_fifo_base_inst/gen_cdc_pntr.rd_pntr_cdc_inst/src_clk
    SLICE_X2Y59          FDRE                                         r  UART_inst/UART_TX_inst/MASTER_TO_UART/gnuram_async_fifo.xpm_fifo_base_inst/gen_cdc_pntr.rd_pntr_cdc_inst/src_gray_ff_reg[4]/C
  -------------------------------------------------------------------    -------------------
    SLICE_X2Y59          FDRE (Prop_fdre_C_Q)         0.164     0.756 r  UART_inst/UART_TX_inst/MASTER_TO_UART/gnuram_async_fifo.xpm_fifo_base_inst/gen_cdc_pntr.rd_pntr_cdc_inst/src_gray_ff_reg[4]/Q
                         net (fo=1, routed)           0.110     0.866    UART_inst/UART_TX_inst/MASTER_TO_UART/gnuram_async_fifo.xpm_fifo_base_inst/gen_cdc_pntr.rd_pntr_cdc_inst/async_path[4]
    SLICE_X2Y58          FDRE                                         r  UART_inst/UART_TX_inst/MASTER_TO_UART/gnuram_async_fifo.xpm_fifo_base_inst/gen_cdc_pntr.rd_pntr_cdc_inst/dest_graysync_ff_reg[0][4]/D
  -------------------------------------------------------------------    -------------------

Slack:                    inf
  Source:                 UART_inst/UART_TX_inst/MASTER_TO_UART/gnuram_async_fifo.xpm_fifo_base_inst/gen_cdc_pntr.rd_pntr_cdc_inst/src_gray_ff_reg[1]/C
                            (rising edge-triggered cell FDRE clocked by UART_clk_clk_wiz_0  {rise@0.000ns fall@86.806ns period=173.611ns})
  Destination:            UART_inst/UART_TX_inst/MASTER_TO_UART/gnuram_async_fifo.xpm_fifo_base_inst/gen_cdc_pntr.rd_pntr_cdc_inst/dest_graysync_ff_reg[0][1]/D
  Path Group:             (none)
  Path Type:              Min at Fast Process Corner
  Data Path Delay:        0.300ns  (logic 0.148ns (49.252%)  route 0.152ns (50.748%))
  Logic Levels:           0  
  Clock Uncertainty:      0.607ns  ((TSJ^2 + DJ^2)^1/2) / 2 + PE
    Total System Jitter     (TSJ):    0.050ns
    Discrete Jitter          (DJ):    0.555ns
    Phase Error              (PE):    0.328ns
  Timing Exception:       False Path

    Location             Delay type                Incr(ns)  Path(ns)    Netlist Resource(s)
  -------------------------------------------------------------------    -------------------
                         (clock UART_clk_clk_wiz_0 rise edge)
                                                      0.000     0.000 r  
    BUFGCTRL_X0Y0        BUFG                         0.000     0.000 r  clk_IBUF_BUFG_inst/O
                         net (fo=11692, routed)       0.549     0.549    clk_wiz_inst/inst/clk_in1
    MMCME2_ADV_X1Y0      MMCME2_ADV (Prop_mmcme2_adv_CLKIN1_CLKOUT0)
                                                     -1.061    -0.512 r  clk_wiz_inst/inst/mmcm_adv_inst/CLKOUT0
                         net (fo=1, routed)           0.486    -0.026    clk_wiz_inst/inst/UART_clk_clk_wiz_0
    BUFGCTRL_X0Y1        BUFG (Prop_bufg_I_O)         0.026     0.000 r  clk_wiz_inst/inst/clkout1_buf/O
                         net (fo=83, routed)          0.592     0.592    UART_inst/UART_TX_inst/MASTER_TO_UART/gnuram_async_fifo.xpm_fifo_base_inst/gen_cdc_pntr.rd_pntr_cdc_inst/src_clk
    SLICE_X2Y59          FDRE                                         r  UART_inst/UART_TX_inst/MASTER_TO_UART/gnuram_async_fifo.xpm_fifo_base_inst/gen_cdc_pntr.rd_pntr_cdc_inst/src_gray_ff_reg[1]/C
  -------------------------------------------------------------------    -------------------
    SLICE_X2Y59          FDRE (Prop_fdre_C_Q)         0.148     0.740 r  UART_inst/UART_TX_inst/MASTER_TO_UART/gnuram_async_fifo.xpm_fifo_base_inst/gen_cdc_pntr.rd_pntr_cdc_inst/src_gray_ff_reg[1]/Q
                         net (fo=1, routed)           0.152     0.892    UART_inst/UART_TX_inst/MASTER_TO_UART/gnuram_async_fifo.xpm_fifo_base_inst/gen_cdc_pntr.rd_pntr_cdc_inst/async_path[1]
    SLICE_X1Y60          FDRE                                         r  UART_inst/UART_TX_inst/MASTER_TO_UART/gnuram_async_fifo.xpm_fifo_base_inst/gen_cdc_pntr.rd_pntr_cdc_inst/dest_graysync_ff_reg[0][1]/D
  -------------------------------------------------------------------    -------------------

Slack:                    inf
  Source:                 UART_inst/UART_TX_inst/MASTER_TO_UART/gnuram_async_fifo.xpm_fifo_base_inst/gen_cdc_pntr.rd_pntr_cdc_inst/src_gray_ff_reg[0]/C
                            (rising edge-triggered cell FDRE clocked by UART_clk_clk_wiz_0  {rise@0.000ns fall@86.806ns period=173.611ns})
  Destination:            UART_inst/UART_TX_inst/MASTER_TO_UART/gnuram_async_fifo.xpm_fifo_base_inst/gen_cdc_pntr.rd_pntr_cdc_inst/dest_graysync_ff_reg[0][0]/D
  Path Group:             (none)
  Path Type:              Min at Fast Process Corner
  Data Path Delay:        0.312ns  (logic 0.164ns (52.512%)  route 0.148ns (47.488%))
  Logic Levels:           0  
  Clock Uncertainty:      0.607ns  ((TSJ^2 + DJ^2)^1/2) / 2 + PE
    Total System Jitter     (TSJ):    0.050ns
    Discrete Jitter          (DJ):    0.555ns
    Phase Error              (PE):    0.328ns
  Timing Exception:       False Path

    Location             Delay type                Incr(ns)  Path(ns)    Netlist Resource(s)
  -------------------------------------------------------------------    -------------------
                         (clock UART_clk_clk_wiz_0 rise edge)
                                                      0.000     0.000 r  
    BUFGCTRL_X0Y0        BUFG                         0.000     0.000 r  clk_IBUF_BUFG_inst/O
                         net (fo=11692, routed)       0.549     0.549    clk_wiz_inst/inst/clk_in1
    MMCME2_ADV_X1Y0      MMCME2_ADV (Prop_mmcme2_adv_CLKIN1_CLKOUT0)
                                                     -1.061    -0.512 r  clk_wiz_inst/inst/mmcm_adv_inst/CLKOUT0
                         net (fo=1, routed)           0.486    -0.026    clk_wiz_inst/inst/UART_clk_clk_wiz_0
    BUFGCTRL_X0Y1        BUFG (Prop_bufg_I_O)         0.026     0.000 r  clk_wiz_inst/inst/clkout1_buf/O
                         net (fo=83, routed)          0.592     0.592    UART_inst/UART_TX_inst/MASTER_TO_UART/gnuram_async_fifo.xpm_fifo_base_inst/gen_cdc_pntr.rd_pntr_cdc_inst/src_clk
    SLICE_X2Y59          FDRE                                         r  UART_inst/UART_TX_inst/MASTER_TO_UART/gnuram_async_fifo.xpm_fifo_base_inst/gen_cdc_pntr.rd_pntr_cdc_inst/src_gray_ff_reg[0]/C
  -------------------------------------------------------------------    -------------------
    SLICE_X2Y59          FDRE (Prop_fdre_C_Q)         0.164     0.756 r  UART_inst/UART_TX_inst/MASTER_TO_UART/gnuram_async_fifo.xpm_fifo_base_inst/gen_cdc_pntr.rd_pntr_cdc_inst/src_gray_ff_reg[0]/Q
                         net (fo=1, routed)           0.148     0.904    UART_inst/UART_TX_inst/MASTER_TO_UART/gnuram_async_fifo.xpm_fifo_base_inst/gen_cdc_pntr.rd_pntr_cdc_inst/async_path[0]
    SLICE_X1Y60          FDRE                                         r  UART_inst/UART_TX_inst/MASTER_TO_UART/gnuram_async_fifo.xpm_fifo_base_inst/gen_cdc_pntr.rd_pntr_cdc_inst/dest_graysync_ff_reg[0][0]/D
  -------------------------------------------------------------------    -------------------

Slack:                    inf
  Source:                 UART_inst/UART_TX_inst/MASTER_TO_UART/gnuram_async_fifo.xpm_fifo_base_inst/gen_cdc_pntr.rd_pntr_cdc_inst/src_gray_ff_reg[3]/C
                            (rising edge-triggered cell FDRE clocked by UART_clk_clk_wiz_0  {rise@0.000ns fall@86.806ns period=173.611ns})
  Destination:            UART_inst/UART_TX_inst/MASTER_TO_UART/gnuram_async_fifo.xpm_fifo_base_inst/gen_cdc_pntr.rd_pntr_cdc_inst/dest_graysync_ff_reg[0][3]/D
  Path Group:             (none)
  Path Type:              Min at Fast Process Corner
  Data Path Delay:        0.314ns  (logic 0.148ns (47.154%)  route 0.166ns (52.846%))
  Logic Levels:           0  
  Clock Uncertainty:      0.607ns  ((TSJ^2 + DJ^2)^1/2) / 2 + PE
    Total System Jitter     (TSJ):    0.050ns
    Discrete Jitter          (DJ):    0.555ns
    Phase Error              (PE):    0.328ns
  Timing Exception:       False Path

    Location             Delay type                Incr(ns)  Path(ns)    Netlist Resource(s)
  -------------------------------------------------------------------    -------------------
                         (clock UART_clk_clk_wiz_0 rise edge)
                                                      0.000     0.000 r  
    BUFGCTRL_X0Y0        BUFG                         0.000     0.000 r  clk_IBUF_BUFG_inst/O
                         net (fo=11692, routed)       0.549     0.549    clk_wiz_inst/inst/clk_in1
    MMCME2_ADV_X1Y0      MMCME2_ADV (Prop_mmcme2_adv_CLKIN1_CLKOUT0)
                                                     -1.061    -0.512 r  clk_wiz_inst/inst/mmcm_adv_inst/CLKOUT0
                         net (fo=1, routed)           0.486    -0.026    clk_wiz_inst/inst/UART_clk_clk_wiz_0
    BUFGCTRL_X0Y1        BUFG (Prop_bufg_I_O)         0.026     0.000 r  clk_wiz_inst/inst/clkout1_buf/O
                         net (fo=83, routed)          0.592     0.592    UART_inst/UART_TX_inst/MASTER_TO_UART/gnuram_async_fifo.xpm_fifo_base_inst/gen_cdc_pntr.rd_pntr_cdc_inst/src_clk
    SLICE_X2Y59          FDRE                                         r  UART_inst/UART_TX_inst/MASTER_TO_UART/gnuram_async_fifo.xpm_fifo_base_inst/gen_cdc_pntr.rd_pntr_cdc_inst/src_gray_ff_reg[3]/C
  -------------------------------------------------------------------    -------------------
    SLICE_X2Y59          FDRE (Prop_fdre_C_Q)         0.148     0.740 r  UART_inst/UART_TX_inst/MASTER_TO_UART/gnuram_async_fifo.xpm_fifo_base_inst/gen_cdc_pntr.rd_pntr_cdc_inst/src_gray_ff_reg[3]/Q
                         net (fo=1, routed)           0.166     0.906    UART_inst/UART_TX_inst/MASTER_TO_UART/gnuram_async_fifo.xpm_fifo_base_inst/gen_cdc_pntr.rd_pntr_cdc_inst/async_path[3]
    SLICE_X0Y59          FDRE                                         r  UART_inst/UART_TX_inst/MASTER_TO_UART/gnuram_async_fifo.xpm_fifo_base_inst/gen_cdc_pntr.rd_pntr_cdc_inst/dest_graysync_ff_reg[0][3]/D
  -------------------------------------------------------------------    -------------------

Slack:                    inf
  Source:                 UART_inst/UART_TX_inst/MASTER_TO_UART/gnuram_async_fifo.xpm_fifo_base_inst/gen_cdc_pntr.rd_pntr_cdc_inst/src_gray_ff_reg[6]/C
                            (rising edge-triggered cell FDRE clocked by UART_clk_clk_wiz_0  {rise@0.000ns fall@86.806ns period=173.611ns})
  Destination:            UART_inst/UART_TX_inst/MASTER_TO_UART/gnuram_async_fifo.xpm_fifo_base_inst/gen_cdc_pntr.rd_pntr_cdc_inst/dest_graysync_ff_reg[0][6]/D
  Path Group:             (none)
  Path Type:              Min at Fast Process Corner
  Data Path Delay:        0.330ns  (logic 0.164ns (49.690%)  route 0.166ns (50.310%))
  Logic Levels:           0  
  Clock Uncertainty:      0.607ns  ((TSJ^2 + DJ^2)^1/2) / 2 + PE
    Total System Jitter     (TSJ):    0.050ns
    Discrete Jitter          (DJ):    0.555ns
    Phase Error              (PE):    0.328ns
  Timing Exception:       False Path

    Location             Delay type                Incr(ns)  Path(ns)    Netlist Resource(s)
  -------------------------------------------------------------------    -------------------
                         (clock UART_clk_clk_wiz_0 rise edge)
                                                      0.000     0.000 r  
    BUFGCTRL_X0Y0        BUFG                         0.000     0.000 r  clk_IBUF_BUFG_inst/O
                         net (fo=11692, routed)       0.549     0.549    clk_wiz_inst/inst/clk_in1
    MMCME2_ADV_X1Y0      MMCME2_ADV (Prop_mmcme2_adv_CLKIN1_CLKOUT0)
                                                     -1.061    -0.512 r  clk_wiz_inst/inst/mmcm_adv_inst/CLKOUT0
                         net (fo=1, routed)           0.486    -0.026    clk_wiz_inst/inst/UART_clk_clk_wiz_0
    BUFGCTRL_X0Y1        BUFG (Prop_bufg_I_O)         0.026     0.000 r  clk_wiz_inst/inst/clkout1_buf/O
                         net (fo=83, routed)          0.592     0.592    UART_inst/UART_TX_inst/MASTER_TO_UART/gnuram_async_fifo.xpm_fifo_base_inst/gen_cdc_pntr.rd_pntr_cdc_inst/src_clk
    SLICE_X2Y59          FDRE                                         r  UART_inst/UART_TX_inst/MASTER_TO_UART/gnuram_async_fifo.xpm_fifo_base_inst/gen_cdc_pntr.rd_pntr_cdc_inst/src_gray_ff_reg[6]/C
  -------------------------------------------------------------------    -------------------
    SLICE_X2Y59          FDRE (Prop_fdre_C_Q)         0.164     0.756 r  UART_inst/UART_TX_inst/MASTER_TO_UART/gnuram_async_fifo.xpm_fifo_base_inst/gen_cdc_pntr.rd_pntr_cdc_inst/src_gray_ff_reg[6]/Q
                         net (fo=1, routed)           0.166     0.922    UART_inst/UART_TX_inst/MASTER_TO_UART/gnuram_async_fifo.xpm_fifo_base_inst/gen_cdc_pntr.rd_pntr_cdc_inst/async_path[6]
    SLICE_X2Y58          FDRE                                         r  UART_inst/UART_TX_inst/MASTER_TO_UART/gnuram_async_fifo.xpm_fifo_base_inst/gen_cdc_pntr.rd_pntr_cdc_inst/dest_graysync_ff_reg[0][6]/D
  -------------------------------------------------------------------    -------------------

Slack:                    inf
  Source:                 UART_inst/UART_TX_inst/MASTER_TO_UART/gnuram_async_fifo.xpm_fifo_base_inst/xpm_fifo_rst_inst/gen_rst_ic.fifo_rd_rst_ic_reg/C
                            (rising edge-triggered cell FDRE clocked by UART_clk_clk_wiz_0  {rise@0.000ns fall@86.806ns period=173.611ns})
  Destination:            UART_inst/UART_TX_inst/MASTER_TO_UART/gnuram_async_fifo.xpm_fifo_base_inst/xpm_fifo_rst_inst/gen_rst_ic.rrst_wr_inst/syncstages_ff_reg[0]/D
  Path Group:             (none)
  Path Type:              Min at Fast Process Corner
  Data Path Delay:        0.379ns  (logic 0.141ns (37.229%)  route 0.238ns (62.771%))
  Logic Levels:           0  
  Clock Uncertainty:      0.607ns  ((TSJ^2 + DJ^2)^1/2) / 2 + PE
    Total System Jitter     (TSJ):    0.050ns
    Discrete Jitter          (DJ):    0.555ns
    Phase Error              (PE):    0.328ns
  Timing Exception:       False Path

    Location             Delay type                Incr(ns)  Path(ns)    Netlist Resource(s)
  -------------------------------------------------------------------    -------------------
                         (clock UART_clk_clk_wiz_0 rise edge)
                                                      0.000     0.000 r  
    BUFGCTRL_X0Y0        BUFG                         0.000     0.000 r  clk_IBUF_BUFG_inst/O
                         net (fo=11692, routed)       0.549     0.549    clk_wiz_inst/inst/clk_in1
    MMCME2_ADV_X1Y0      MMCME2_ADV (Prop_mmcme2_adv_CLKIN1_CLKOUT0)
                                                     -1.061    -0.512 r  clk_wiz_inst/inst/mmcm_adv_inst/CLKOUT0
                         net (fo=1, routed)           0.486    -0.026    clk_wiz_inst/inst/UART_clk_clk_wiz_0
    BUFGCTRL_X0Y1        BUFG (Prop_bufg_I_O)         0.026     0.000 r  clk_wiz_inst/inst/clkout1_buf/O
                         net (fo=83, routed)          0.583     0.583    UART_inst/UART_TX_inst/MASTER_TO_UART/gnuram_async_fifo.xpm_fifo_base_inst/xpm_fifo_rst_inst/rd_clk
    SLICE_X1Y71          FDRE                                         r  UART_inst/UART_TX_inst/MASTER_TO_UART/gnuram_async_fifo.xpm_fifo_base_inst/xpm_fifo_rst_inst/gen_rst_ic.fifo_rd_rst_ic_reg/C
  -------------------------------------------------------------------    -------------------
    SLICE_X1Y71          FDRE (Prop_fdre_C_Q)         0.141     0.724 r  UART_inst/UART_TX_inst/MASTER_TO_UART/gnuram_async_fifo.xpm_fifo_base_inst/xpm_fifo_rst_inst/gen_rst_ic.fifo_rd_rst_ic_reg/Q
                         net (fo=30, routed)          0.238     0.961    UART_inst/UART_TX_inst/MASTER_TO_UART/gnuram_async_fifo.xpm_fifo_base_inst/xpm_fifo_rst_inst/gen_rst_ic.rrst_wr_inst/src_rst
    SLICE_X2Y76          FDRE                                         r  UART_inst/UART_TX_inst/MASTER_TO_UART/gnuram_async_fifo.xpm_fifo_base_inst/xpm_fifo_rst_inst/gen_rst_ic.rrst_wr_inst/syncstages_ff_reg[0]/D
  -------------------------------------------------------------------    -------------------

Slack:                    inf
  Source:                 UART_inst/UART_TX_inst/MASTER_TO_UART/gnuram_async_fifo.xpm_fifo_base_inst/gen_cdc_pntr.rd_pntr_cdc_inst/src_gray_ff_reg[5]/C
                            (rising edge-triggered cell FDRE clocked by UART_clk_clk_wiz_0  {rise@0.000ns fall@86.806ns period=173.611ns})
  Destination:            UART_inst/UART_TX_inst/MASTER_TO_UART/gnuram_async_fifo.xpm_fifo_base_inst/gen_cdc_pntr.rd_pntr_cdc_inst/dest_graysync_ff_reg[0][5]/D
  Path Group:             (none)
  Path Type:              Min at Fast Process Corner
  Data Path Delay:        0.476ns  (logic 0.148ns (31.074%)  route 0.328ns (68.926%))
  Logic Levels:           0  
  Clock Uncertainty:      0.607ns  ((TSJ^2 + DJ^2)^1/2) / 2 + PE
    Total System Jitter     (TSJ):    0.050ns
    Discrete Jitter          (DJ):    0.555ns
    Phase Error              (PE):    0.328ns
  Timing Exception:       False Path

    Location             Delay type                Incr(ns)  Path(ns)    Netlist Resource(s)
  -------------------------------------------------------------------    -------------------
                         (clock UART_clk_clk_wiz_0 rise edge)
                                                      0.000     0.000 r  
    BUFGCTRL_X0Y0        BUFG                         0.000     0.000 r  clk_IBUF_BUFG_inst/O
                         net (fo=11692, routed)       0.549     0.549    clk_wiz_inst/inst/clk_in1
    MMCME2_ADV_X1Y0      MMCME2_ADV (Prop_mmcme2_adv_CLKIN1_CLKOUT0)
                                                     -1.061    -0.512 r  clk_wiz_inst/inst/mmcm_adv_inst/CLKOUT0
                         net (fo=1, routed)           0.486    -0.026    clk_wiz_inst/inst/UART_clk_clk_wiz_0
    BUFGCTRL_X0Y1        BUFG (Prop_bufg_I_O)         0.026     0.000 r  clk_wiz_inst/inst/clkout1_buf/O
                         net (fo=83, routed)          0.592     0.592    UART_inst/UART_TX_inst/MASTER_TO_UART/gnuram_async_fifo.xpm_fifo_base_inst/gen_cdc_pntr.rd_pntr_cdc_inst/src_clk
    SLICE_X2Y59          FDRE                                         r  UART_inst/UART_TX_inst/MASTER_TO_UART/gnuram_async_fifo.xpm_fifo_base_inst/gen_cdc_pntr.rd_pntr_cdc_inst/src_gray_ff_reg[5]/C
  -------------------------------------------------------------------    -------------------
    SLICE_X2Y59          FDRE (Prop_fdre_C_Q)         0.148     0.740 r  UART_inst/UART_TX_inst/MASTER_TO_UART/gnuram_async_fifo.xpm_fifo_base_inst/gen_cdc_pntr.rd_pntr_cdc_inst/src_gray_ff_reg[5]/Q
                         net (fo=1, routed)           0.328     1.068    UART_inst/UART_TX_inst/MASTER_TO_UART/gnuram_async_fifo.xpm_fifo_base_inst/gen_cdc_pntr.rd_pntr_cdc_inst/async_path[5]
    SLICE_X0Y59          FDRE                                         r  UART_inst/UART_TX_inst/MASTER_TO_UART/gnuram_async_fifo.xpm_fifo_base_inst/gen_cdc_pntr.rd_pntr_cdc_inst/dest_graysync_ff_reg[0][5]/D
  -------------------------------------------------------------------    -------------------





--------------------------------------------------------------------------------------
Path Group:  (none)
From Clock:  
  To Clock:  UART_clk_clk_wiz_0

Max Delay             1 Endpoint
Min Delay             9 Endpoints
--------------------------------------------------------------------------------------


Max Delay Paths
--------------------------------------------------------------------------------------
Slack:                    inf
  Source:                 UART_inst/UART_TX_inst/MASTER_TO_UART/gnuram_async_fifo.xpm_fifo_base_inst/xpm_fifo_rst_inst/gen_rst_ic.fifo_wr_rst_ic_reg/C
                            (rising edge-triggered cell FDRE)
  Destination:            UART_inst/UART_TX_inst/MASTER_TO_UART/gnuram_async_fifo.xpm_fifo_base_inst/xpm_fifo_rst_inst/gen_rst_ic.wrst_rd_inst/syncstages_ff_reg[0]/D
                            (rising edge-triggered cell FDRE clocked by UART_clk_clk_wiz_0  {rise@0.000ns fall@86.806ns period=173.611ns})
  Path Group:             (none)
  Path Type:              Setup (Max at Slow Process Corner)
  Data Path Delay:        0.914ns  (logic 0.456ns (49.892%)  route 0.458ns (50.108%))
  Logic Levels:           1  (FDRE=1)
  Clock Uncertainty:      0.607ns  ((TSJ^2 + DJ^2)^1/2) / 2 + PE
    Total System Jitter     (TSJ):    0.050ns
    Discrete Jitter          (DJ):    0.555ns
    Phase Error              (PE):    0.328ns
  Timing Exception:       False Path

    Location             Delay type                Incr(ns)  Path(ns)    Netlist Resource(s)
  -------------------------------------------------------------------    -------------------
    SLICE_X0Y78          FDRE                         0.000     0.000 r  UART_inst/UART_TX_inst/MASTER_TO_UART/gnuram_async_fifo.xpm_fifo_base_inst/xpm_fifo_rst_inst/gen_rst_ic.fifo_wr_rst_ic_reg/C
    SLICE_X0Y78          FDRE (Prop_fdre_C_Q)         0.456     0.456 r  UART_inst/UART_TX_inst/MASTER_TO_UART/gnuram_async_fifo.xpm_fifo_base_inst/xpm_fifo_rst_inst/gen_rst_ic.fifo_wr_rst_ic_reg/Q
                         net (fo=2, routed)           0.458     0.914    UART_inst/UART_TX_inst/MASTER_TO_UART/gnuram_async_fifo.xpm_fifo_base_inst/xpm_fifo_rst_inst/gen_rst_ic.wrst_rd_inst/src_rst
    SLICE_X1Y76          FDRE                                         r  UART_inst/UART_TX_inst/MASTER_TO_UART/gnuram_async_fifo.xpm_fifo_base_inst/xpm_fifo_rst_inst/gen_rst_ic.wrst_rd_inst/syncstages_ff_reg[0]/D
  -------------------------------------------------------------------    -------------------

                         (clock UART_clk_clk_wiz_0 rise edge)
                                                      0.000     0.000 r  
    BUFGCTRL_X0Y0        BUFG                         0.000     0.000 r  clk_IBUF_BUFG_inst/O
                         net (fo=11692, routed)       1.457     1.457    clk_wiz_inst/inst/clk_in1
    MMCME2_ADV_X1Y0      MMCME2_ADV (Prop_mmcme2_adv_CLKIN1_CLKOUT0)
                                                     -3.129    -1.672 r  clk_wiz_inst/inst/mmcm_adv_inst/CLKOUT0
                         net (fo=1, routed)           1.581    -0.091    clk_wiz_inst/inst/UART_clk_clk_wiz_0
    BUFGCTRL_X0Y1        BUFG (Prop_bufg_I_O)         0.091     0.000 r  clk_wiz_inst/inst/clkout1_buf/O
                         net (fo=83, routed)          1.494     1.494    UART_inst/UART_TX_inst/MASTER_TO_UART/gnuram_async_fifo.xpm_fifo_base_inst/xpm_fifo_rst_inst/gen_rst_ic.wrst_rd_inst/dest_clk
    SLICE_X1Y76          FDRE                                         r  UART_inst/UART_TX_inst/MASTER_TO_UART/gnuram_async_fifo.xpm_fifo_base_inst/xpm_fifo_rst_inst/gen_rst_ic.wrst_rd_inst/syncstages_ff_reg[0]/C





Min Delay Paths
--------------------------------------------------------------------------------------
Slack:                    inf
  Source:                 UART_inst/UART_TX_inst/MASTER_TO_UART/gnuram_async_fifo.xpm_fifo_base_inst/xpm_fifo_rst_inst/gen_rst_ic.fifo_wr_rst_ic_reg/C
                            (rising edge-triggered cell FDRE)
  Destination:            UART_inst/UART_TX_inst/MASTER_TO_UART/gnuram_async_fifo.xpm_fifo_base_inst/xpm_fifo_rst_inst/gen_rst_ic.wrst_rd_inst/syncstages_ff_reg[0]/D
                            (rising edge-triggered cell FDRE clocked by UART_clk_clk_wiz_0  {rise@0.000ns fall@86.806ns period=173.611ns})
  Path Group:             (none)
  Path Type:              Hold (Min at Fast Process Corner)
  Data Path Delay:        0.316ns  (logic 0.141ns (44.623%)  route 0.175ns (55.377%))
  Logic Levels:           1  (FDRE=1)
  Clock Uncertainty:      0.607ns  ((TSJ^2 + DJ^2)^1/2) / 2 + PE
    Total System Jitter     (TSJ):    0.050ns
    Discrete Jitter          (DJ):    0.555ns
    Phase Error              (PE):    0.328ns
  Timing Exception:       False Path

    Location             Delay type                Incr(ns)  Path(ns)    Netlist Resource(s)
  -------------------------------------------------------------------    -------------------
    SLICE_X0Y78          FDRE                         0.000     0.000 r  UART_inst/UART_TX_inst/MASTER_TO_UART/gnuram_async_fifo.xpm_fifo_base_inst/xpm_fifo_rst_inst/gen_rst_ic.fifo_wr_rst_ic_reg/C
    SLICE_X0Y78          FDRE (Prop_fdre_C_Q)         0.141     0.141 r  UART_inst/UART_TX_inst/MASTER_TO_UART/gnuram_async_fifo.xpm_fifo_base_inst/xpm_fifo_rst_inst/gen_rst_ic.fifo_wr_rst_ic_reg/Q
                         net (fo=2, routed)           0.175     0.316    UART_inst/UART_TX_inst/MASTER_TO_UART/gnuram_async_fifo.xpm_fifo_base_inst/xpm_fifo_rst_inst/gen_rst_ic.wrst_rd_inst/src_rst
    SLICE_X1Y76          FDRE                                         r  UART_inst/UART_TX_inst/MASTER_TO_UART/gnuram_async_fifo.xpm_fifo_base_inst/xpm_fifo_rst_inst/gen_rst_ic.wrst_rd_inst/syncstages_ff_reg[0]/D
  -------------------------------------------------------------------    -------------------

                         (clock UART_clk_clk_wiz_0 rise edge)
                                                      0.000     0.000 r  
    BUFGCTRL_X0Y0        BUFG                         0.000     0.000 r  clk_IBUF_BUFG_inst/O
                         net (fo=11692, routed)       0.817     0.817    clk_wiz_inst/inst/clk_in1
    MMCME2_ADV_X1Y0      MMCME2_ADV (Prop_mmcme2_adv_CLKIN1_CLKOUT0)
                                                     -1.375    -0.559 r  clk_wiz_inst/inst/mmcm_adv_inst/CLKOUT0
                         net (fo=1, routed)           0.530    -0.029    clk_wiz_inst/inst/UART_clk_clk_wiz_0
    BUFGCTRL_X0Y1        BUFG (Prop_bufg_I_O)         0.029     0.000 r  clk_wiz_inst/inst/clkout1_buf/O
                         net (fo=83, routed)          0.848     0.848    UART_inst/UART_TX_inst/MASTER_TO_UART/gnuram_async_fifo.xpm_fifo_base_inst/xpm_fifo_rst_inst/gen_rst_ic.wrst_rd_inst/dest_clk
    SLICE_X1Y76          FDRE                                         r  UART_inst/UART_TX_inst/MASTER_TO_UART/gnuram_async_fifo.xpm_fifo_base_inst/xpm_fifo_rst_inst/gen_rst_ic.wrst_rd_inst/syncstages_ff_reg[0]/C

Slack:                    inf
  Source:                 UART_inst/UART_TX_inst/MASTER_TO_UART/gnuram_async_fifo.xpm_fifo_base_inst/gen_cdc_pntr.wr_pntr_cdc_inst/src_gray_ff_reg[5]/C
                            (rising edge-triggered cell FDRE)
  Destination:            UART_inst/UART_TX_inst/MASTER_TO_UART/gnuram_async_fifo.xpm_fifo_base_inst/gen_cdc_pntr.wr_pntr_cdc_inst/dest_graysync_ff_reg[0][5]/D
                            (rising edge-triggered cell FDRE clocked by UART_clk_clk_wiz_0  {rise@0.000ns fall@86.806ns period=173.611ns})
  Path Group:             (none)
  Path Type:              Hold (Min at Fast Process Corner)
  Data Path Delay:        0.346ns  (logic 0.148ns (42.809%)  route 0.198ns (57.191%))
  Logic Levels:           1  (FDRE=1)
  Clock Uncertainty:      0.607ns  ((TSJ^2 + DJ^2)^1/2) / 2 + PE
    Total System Jitter     (TSJ):    0.050ns
    Discrete Jitter          (DJ):    0.555ns
    Phase Error              (PE):    0.328ns
  Timing Exception:       False Path

    Location             Delay type                Incr(ns)  Path(ns)    Netlist Resource(s)
  -------------------------------------------------------------------    -------------------
    SLICE_X8Y59          FDRE                         0.000     0.000 r  UART_inst/UART_TX_inst/MASTER_TO_UART/gnuram_async_fifo.xpm_fifo_base_inst/gen_cdc_pntr.wr_pntr_cdc_inst/src_gray_ff_reg[5]/C
    SLICE_X8Y59          FDRE (Prop_fdre_C_Q)         0.148     0.148 r  UART_inst/UART_TX_inst/MASTER_TO_UART/gnuram_async_fifo.xpm_fifo_base_inst/gen_cdc_pntr.wr_pntr_cdc_inst/src_gray_ff_reg[5]/Q
                         net (fo=1, routed)           0.198     0.346    UART_inst/UART_TX_inst/MASTER_TO_UART/gnuram_async_fifo.xpm_fifo_base_inst/gen_cdc_pntr.wr_pntr_cdc_inst/async_path[5]
    SLICE_X7Y59          FDRE                                         r  UART_inst/UART_TX_inst/MASTER_TO_UART/gnuram_async_fifo.xpm_fifo_base_inst/gen_cdc_pntr.wr_pntr_cdc_inst/dest_graysync_ff_reg[0][5]/D
  -------------------------------------------------------------------    -------------------

                         (clock UART_clk_clk_wiz_0 rise edge)
                                                      0.000     0.000 r  
    BUFGCTRL_X0Y0        BUFG                         0.000     0.000 r  clk_IBUF_BUFG_inst/O
                         net (fo=11692, routed)       0.817     0.817    clk_wiz_inst/inst/clk_in1
    MMCME2_ADV_X1Y0      MMCME2_ADV (Prop_mmcme2_adv_CLKIN1_CLKOUT0)
                                                     -1.375    -0.559 r  clk_wiz_inst/inst/mmcm_adv_inst/CLKOUT0
                         net (fo=1, routed)           0.530    -0.029    clk_wiz_inst/inst/UART_clk_clk_wiz_0
    BUFGCTRL_X0Y1        BUFG (Prop_bufg_I_O)         0.029     0.000 r  clk_wiz_inst/inst/clkout1_buf/O
                         net (fo=83, routed)          0.860     0.860    UART_inst/UART_TX_inst/MASTER_TO_UART/gnuram_async_fifo.xpm_fifo_base_inst/gen_cdc_pntr.wr_pntr_cdc_inst/dest_clk
    SLICE_X7Y59          FDRE                                         r  UART_inst/UART_TX_inst/MASTER_TO_UART/gnuram_async_fifo.xpm_fifo_base_inst/gen_cdc_pntr.wr_pntr_cdc_inst/dest_graysync_ff_reg[0][5]/C

Slack:                    inf
  Source:                 UART_inst/UART_TX_inst/MASTER_TO_UART/gnuram_async_fifo.xpm_fifo_base_inst/gen_cdc_pntr.wr_pntr_cdc_inst/src_gray_ff_reg[1]/C
                            (rising edge-triggered cell FDRE)
  Destination:            UART_inst/UART_TX_inst/MASTER_TO_UART/gnuram_async_fifo.xpm_fifo_base_inst/gen_cdc_pntr.wr_pntr_cdc_inst/dest_graysync_ff_reg[0][1]/D
                            (rising edge-triggered cell FDRE clocked by UART_clk_clk_wiz_0  {rise@0.000ns fall@86.806ns period=173.611ns})
  Path Group:             (none)
  Path Type:              Hold (Min at Fast Process Corner)
  Data Path Delay:        0.392ns  (logic 0.148ns (37.739%)  route 0.244ns (62.261%))
  Logic Levels:           1  (FDRE=1)
  Clock Uncertainty:      0.607ns  ((TSJ^2 + DJ^2)^1/2) / 2 + PE
    Total System Jitter     (TSJ):    0.050ns
    Discrete Jitter          (DJ):    0.555ns
    Phase Error              (PE):    0.328ns
  Timing Exception:       False Path

    Location             Delay type                Incr(ns)  Path(ns)    Netlist Resource(s)
  -------------------------------------------------------------------    -------------------
    SLICE_X8Y59          FDRE                         0.000     0.000 r  UART_inst/UART_TX_inst/MASTER_TO_UART/gnuram_async_fifo.xpm_fifo_base_inst/gen_cdc_pntr.wr_pntr_cdc_inst/src_gray_ff_reg[1]/C
    SLICE_X8Y59          FDRE (Prop_fdre_C_Q)         0.148     0.148 r  UART_inst/UART_TX_inst/MASTER_TO_UART/gnuram_async_fifo.xpm_fifo_base_inst/gen_cdc_pntr.wr_pntr_cdc_inst/src_gray_ff_reg[1]/Q
                         net (fo=1, routed)           0.244     0.392    UART_inst/UART_TX_inst/MASTER_TO_UART/gnuram_async_fifo.xpm_fifo_base_inst/gen_cdc_pntr.wr_pntr_cdc_inst/async_path[1]
    SLICE_X6Y59          FDRE                                         r  UART_inst/UART_TX_inst/MASTER_TO_UART/gnuram_async_fifo.xpm_fifo_base_inst/gen_cdc_pntr.wr_pntr_cdc_inst/dest_graysync_ff_reg[0][1]/D
  -------------------------------------------------------------------    -------------------

                         (clock UART_clk_clk_wiz_0 rise edge)
                                                      0.000     0.000 r  
    BUFGCTRL_X0Y0        BUFG                         0.000     0.000 r  clk_IBUF_BUFG_inst/O
                         net (fo=11692, routed)       0.817     0.817    clk_wiz_inst/inst/clk_in1
    MMCME2_ADV_X1Y0      MMCME2_ADV (Prop_mmcme2_adv_CLKIN1_CLKOUT0)
                                                     -1.375    -0.559 r  clk_wiz_inst/inst/mmcm_adv_inst/CLKOUT0
                         net (fo=1, routed)           0.530    -0.029    clk_wiz_inst/inst/UART_clk_clk_wiz_0
    BUFGCTRL_X0Y1        BUFG (Prop_bufg_I_O)         0.029     0.000 r  clk_wiz_inst/inst/clkout1_buf/O
                         net (fo=83, routed)          0.860     0.860    UART_inst/UART_TX_inst/MASTER_TO_UART/gnuram_async_fifo.xpm_fifo_base_inst/gen_cdc_pntr.wr_pntr_cdc_inst/dest_clk
    SLICE_X6Y59          FDRE                                         r  UART_inst/UART_TX_inst/MASTER_TO_UART/gnuram_async_fifo.xpm_fifo_base_inst/gen_cdc_pntr.wr_pntr_cdc_inst/dest_graysync_ff_reg[0][1]/C

Slack:                    inf
  Source:                 UART_inst/UART_TX_inst/MASTER_TO_UART/gnuram_async_fifo.xpm_fifo_base_inst/gen_cdc_pntr.wr_pntr_cdc_inst/src_gray_ff_reg[4]/C
                            (rising edge-triggered cell FDRE)
  Destination:            UART_inst/UART_TX_inst/MASTER_TO_UART/gnuram_async_fifo.xpm_fifo_base_inst/gen_cdc_pntr.wr_pntr_cdc_inst/dest_graysync_ff_reg[0][4]/D
                            (rising edge-triggered cell FDRE clocked by UART_clk_clk_wiz_0  {rise@0.000ns fall@86.806ns period=173.611ns})
  Path Group:             (none)
  Path Type:              Hold (Min at Fast Process Corner)
  Data Path Delay:        0.399ns  (logic 0.164ns (41.104%)  route 0.235ns (58.896%))
  Logic Levels:           1  (FDRE=1)
  Clock Uncertainty:      0.607ns  ((TSJ^2 + DJ^2)^1/2) / 2 + PE
    Total System Jitter     (TSJ):    0.050ns
    Discrete Jitter          (DJ):    0.555ns
    Phase Error              (PE):    0.328ns
  Timing Exception:       False Path

    Location             Delay type                Incr(ns)  Path(ns)    Netlist Resource(s)
  -------------------------------------------------------------------    -------------------
    SLICE_X8Y59          FDRE                         0.000     0.000 r  UART_inst/UART_TX_inst/MASTER_TO_UART/gnuram_async_fifo.xpm_fifo_base_inst/gen_cdc_pntr.wr_pntr_cdc_inst/src_gray_ff_reg[4]/C
    SLICE_X8Y59          FDRE (Prop_fdre_C_Q)         0.164     0.164 r  UART_inst/UART_TX_inst/MASTER_TO_UART/gnuram_async_fifo.xpm_fifo_base_inst/gen_cdc_pntr.wr_pntr_cdc_inst/src_gray_ff_reg[4]/Q
                         net (fo=1, routed)           0.235     0.399    UART_inst/UART_TX_inst/MASTER_TO_UART/gnuram_async_fifo.xpm_fifo_base_inst/gen_cdc_pntr.wr_pntr_cdc_inst/async_path[4]
    SLICE_X6Y59          FDRE                                         r  UART_inst/UART_TX_inst/MASTER_TO_UART/gnuram_async_fifo.xpm_fifo_base_inst/gen_cdc_pntr.wr_pntr_cdc_inst/dest_graysync_ff_reg[0][4]/D
  -------------------------------------------------------------------    -------------------

                         (clock UART_clk_clk_wiz_0 rise edge)
                                                      0.000     0.000 r  
    BUFGCTRL_X0Y0        BUFG                         0.000     0.000 r  clk_IBUF_BUFG_inst/O
                         net (fo=11692, routed)       0.817     0.817    clk_wiz_inst/inst/clk_in1
    MMCME2_ADV_X1Y0      MMCME2_ADV (Prop_mmcme2_adv_CLKIN1_CLKOUT0)
                                                     -1.375    -0.559 r  clk_wiz_inst/inst/mmcm_adv_inst/CLKOUT0
                         net (fo=1, routed)           0.530    -0.029    clk_wiz_inst/inst/UART_clk_clk_wiz_0
    BUFGCTRL_X0Y1        BUFG (Prop_bufg_I_O)         0.029     0.000 r  clk_wiz_inst/inst/clkout1_buf/O
                         net (fo=83, routed)          0.860     0.860    UART_inst/UART_TX_inst/MASTER_TO_UART/gnuram_async_fifo.xpm_fifo_base_inst/gen_cdc_pntr.wr_pntr_cdc_inst/dest_clk
    SLICE_X6Y59          FDRE                                         r  UART_inst/UART_TX_inst/MASTER_TO_UART/gnuram_async_fifo.xpm_fifo_base_inst/gen_cdc_pntr.wr_pntr_cdc_inst/dest_graysync_ff_reg[0][4]/C

Slack:                    inf
  Source:                 UART_inst/UART_TX_inst/MASTER_TO_UART/gnuram_async_fifo.xpm_fifo_base_inst/gen_cdc_pntr.wr_pntr_cdc_inst/src_gray_ff_reg[7]/C
                            (rising edge-triggered cell FDRE)
  Destination:            UART_inst/UART_TX_inst/MASTER_TO_UART/gnuram_async_fifo.xpm_fifo_base_inst/gen_cdc_pntr.wr_pntr_cdc_inst/dest_graysync_ff_reg[0][7]/D
                            (rising edge-triggered cell FDRE clocked by UART_clk_clk_wiz_0  {rise@0.000ns fall@86.806ns period=173.611ns})
  Path Group:             (none)
  Path Type:              Hold (Min at Fast Process Corner)
  Data Path Delay:        0.407ns  (logic 0.148ns (36.382%)  route 0.259ns (63.618%))
  Logic Levels:           1  (FDRE=1)
  Clock Uncertainty:      0.607ns  ((TSJ^2 + DJ^2)^1/2) / 2 + PE
    Total System Jitter     (TSJ):    0.050ns
    Discrete Jitter          (DJ):    0.555ns
    Phase Error              (PE):    0.328ns
  Timing Exception:       False Path

    Location             Delay type                Incr(ns)  Path(ns)    Netlist Resource(s)
  -------------------------------------------------------------------    -------------------
    SLICE_X8Y59          FDRE                         0.000     0.000 r  UART_inst/UART_TX_inst/MASTER_TO_UART/gnuram_async_fifo.xpm_fifo_base_inst/gen_cdc_pntr.wr_pntr_cdc_inst/src_gray_ff_reg[7]/C
    SLICE_X8Y59          FDRE (Prop_fdre_C_Q)         0.148     0.148 r  UART_inst/UART_TX_inst/MASTER_TO_UART/gnuram_async_fifo.xpm_fifo_base_inst/gen_cdc_pntr.wr_pntr_cdc_inst/src_gray_ff_reg[7]/Q
                         net (fo=1, routed)           0.259     0.407    UART_inst/UART_TX_inst/MASTER_TO_UART/gnuram_async_fifo.xpm_fifo_base_inst/gen_cdc_pntr.wr_pntr_cdc_inst/async_path[7]
    SLICE_X6Y58          FDRE                                         r  UART_inst/UART_TX_inst/MASTER_TO_UART/gnuram_async_fifo.xpm_fifo_base_inst/gen_cdc_pntr.wr_pntr_cdc_inst/dest_graysync_ff_reg[0][7]/D
  -------------------------------------------------------------------    -------------------

                         (clock UART_clk_clk_wiz_0 rise edge)
                                                      0.000     0.000 r  
    BUFGCTRL_X0Y0        BUFG                         0.000     0.000 r  clk_IBUF_BUFG_inst/O
                         net (fo=11692, routed)       0.817     0.817    clk_wiz_inst/inst/clk_in1
    MMCME2_ADV_X1Y0      MMCME2_ADV (Prop_mmcme2_adv_CLKIN1_CLKOUT0)
                                                     -1.375    -0.559 r  clk_wiz_inst/inst/mmcm_adv_inst/CLKOUT0
                         net (fo=1, routed)           0.530    -0.029    clk_wiz_inst/inst/UART_clk_clk_wiz_0
    BUFGCTRL_X0Y1        BUFG (Prop_bufg_I_O)         0.029     0.000 r  clk_wiz_inst/inst/clkout1_buf/O
                         net (fo=83, routed)          0.860     0.860    UART_inst/UART_TX_inst/MASTER_TO_UART/gnuram_async_fifo.xpm_fifo_base_inst/gen_cdc_pntr.wr_pntr_cdc_inst/dest_clk
    SLICE_X6Y58          FDRE                                         r  UART_inst/UART_TX_inst/MASTER_TO_UART/gnuram_async_fifo.xpm_fifo_base_inst/gen_cdc_pntr.wr_pntr_cdc_inst/dest_graysync_ff_reg[0][7]/C

Slack:                    inf
  Source:                 UART_inst/UART_TX_inst/MASTER_TO_UART/gnuram_async_fifo.xpm_fifo_base_inst/gen_cdc_pntr.wr_pntr_cdc_inst/src_gray_ff_reg[6]/C
                            (rising edge-triggered cell FDRE)
  Destination:            UART_inst/UART_TX_inst/MASTER_TO_UART/gnuram_async_fifo.xpm_fifo_base_inst/gen_cdc_pntr.wr_pntr_cdc_inst/dest_graysync_ff_reg[0][6]/D
                            (rising edge-triggered cell FDRE clocked by UART_clk_clk_wiz_0  {rise@0.000ns fall@86.806ns period=173.611ns})
  Path Group:             (none)
  Path Type:              Hold (Min at Fast Process Corner)
  Data Path Delay:        0.417ns  (logic 0.164ns (39.301%)  route 0.253ns (60.699%))
  Logic Levels:           1  (FDRE=1)
  Clock Uncertainty:      0.607ns  ((TSJ^2 + DJ^2)^1/2) / 2 + PE
    Total System Jitter     (TSJ):    0.050ns
    Discrete Jitter          (DJ):    0.555ns
    Phase Error              (PE):    0.328ns
  Timing Exception:       False Path

    Location             Delay type                Incr(ns)  Path(ns)    Netlist Resource(s)
  -------------------------------------------------------------------    -------------------
    SLICE_X8Y59          FDRE                         0.000     0.000 r  UART_inst/UART_TX_inst/MASTER_TO_UART/gnuram_async_fifo.xpm_fifo_base_inst/gen_cdc_pntr.wr_pntr_cdc_inst/src_gray_ff_reg[6]/C
    SLICE_X8Y59          FDRE (Prop_fdre_C_Q)         0.164     0.164 r  UART_inst/UART_TX_inst/MASTER_TO_UART/gnuram_async_fifo.xpm_fifo_base_inst/gen_cdc_pntr.wr_pntr_cdc_inst/src_gray_ff_reg[6]/Q
                         net (fo=1, routed)           0.253     0.417    UART_inst/UART_TX_inst/MASTER_TO_UART/gnuram_async_fifo.xpm_fifo_base_inst/gen_cdc_pntr.wr_pntr_cdc_inst/async_path[6]
    SLICE_X7Y59          FDRE                                         r  UART_inst/UART_TX_inst/MASTER_TO_UART/gnuram_async_fifo.xpm_fifo_base_inst/gen_cdc_pntr.wr_pntr_cdc_inst/dest_graysync_ff_reg[0][6]/D
  -------------------------------------------------------------------    -------------------

                         (clock UART_clk_clk_wiz_0 rise edge)
                                                      0.000     0.000 r  
    BUFGCTRL_X0Y0        BUFG                         0.000     0.000 r  clk_IBUF_BUFG_inst/O
                         net (fo=11692, routed)       0.817     0.817    clk_wiz_inst/inst/clk_in1
    MMCME2_ADV_X1Y0      MMCME2_ADV (Prop_mmcme2_adv_CLKIN1_CLKOUT0)
                                                     -1.375    -0.559 r  clk_wiz_inst/inst/mmcm_adv_inst/CLKOUT0
                         net (fo=1, routed)           0.530    -0.029    clk_wiz_inst/inst/UART_clk_clk_wiz_0
    BUFGCTRL_X0Y1        BUFG (Prop_bufg_I_O)         0.029     0.000 r  clk_wiz_inst/inst/clkout1_buf/O
                         net (fo=83, routed)          0.860     0.860    UART_inst/UART_TX_inst/MASTER_TO_UART/gnuram_async_fifo.xpm_fifo_base_inst/gen_cdc_pntr.wr_pntr_cdc_inst/dest_clk
    SLICE_X7Y59          FDRE                                         r  UART_inst/UART_TX_inst/MASTER_TO_UART/gnuram_async_fifo.xpm_fifo_base_inst/gen_cdc_pntr.wr_pntr_cdc_inst/dest_graysync_ff_reg[0][6]/C

Slack:                    inf
  Source:                 UART_inst/UART_TX_inst/MASTER_TO_UART/gnuram_async_fifo.xpm_fifo_base_inst/gen_cdc_pntr.wr_pntr_cdc_inst/src_gray_ff_reg[3]/C
                            (rising edge-triggered cell FDRE)
  Destination:            UART_inst/UART_TX_inst/MASTER_TO_UART/gnuram_async_fifo.xpm_fifo_base_inst/gen_cdc_pntr.wr_pntr_cdc_inst/dest_graysync_ff_reg[0][3]/D
                            (rising edge-triggered cell FDRE clocked by UART_clk_clk_wiz_0  {rise@0.000ns fall@86.806ns period=173.611ns})
  Path Group:             (none)
  Path Type:              Hold (Min at Fast Process Corner)
  Data Path Delay:        0.448ns  (logic 0.148ns (33.040%)  route 0.300ns (66.960%))
  Logic Levels:           1  (FDRE=1)
  Clock Uncertainty:      0.607ns  ((TSJ^2 + DJ^2)^1/2) / 2 + PE
    Total System Jitter     (TSJ):    0.050ns
    Discrete Jitter          (DJ):    0.555ns
    Phase Error              (PE):    0.328ns
  Timing Exception:       False Path

    Location             Delay type                Incr(ns)  Path(ns)    Netlist Resource(s)
  -------------------------------------------------------------------    -------------------
    SLICE_X8Y59          FDRE                         0.000     0.000 r  UART_inst/UART_TX_inst/MASTER_TO_UART/gnuram_async_fifo.xpm_fifo_base_inst/gen_cdc_pntr.wr_pntr_cdc_inst/src_gray_ff_reg[3]/C
    SLICE_X8Y59          FDRE (Prop_fdre_C_Q)         0.148     0.148 r  UART_inst/UART_TX_inst/MASTER_TO_UART/gnuram_async_fifo.xpm_fifo_base_inst/gen_cdc_pntr.wr_pntr_cdc_inst/src_gray_ff_reg[3]/Q
                         net (fo=1, routed)           0.300     0.448    UART_inst/UART_TX_inst/MASTER_TO_UART/gnuram_async_fifo.xpm_fifo_base_inst/gen_cdc_pntr.wr_pntr_cdc_inst/async_path[3]
    SLICE_X6Y59          FDRE                                         r  UART_inst/UART_TX_inst/MASTER_TO_UART/gnuram_async_fifo.xpm_fifo_base_inst/gen_cdc_pntr.wr_pntr_cdc_inst/dest_graysync_ff_reg[0][3]/D
  -------------------------------------------------------------------    -------------------

                         (clock UART_clk_clk_wiz_0 rise edge)
                                                      0.000     0.000 r  
    BUFGCTRL_X0Y0        BUFG                         0.000     0.000 r  clk_IBUF_BUFG_inst/O
                         net (fo=11692, routed)       0.817     0.817    clk_wiz_inst/inst/clk_in1
    MMCME2_ADV_X1Y0      MMCME2_ADV (Prop_mmcme2_adv_CLKIN1_CLKOUT0)
                                                     -1.375    -0.559 r  clk_wiz_inst/inst/mmcm_adv_inst/CLKOUT0
                         net (fo=1, routed)           0.530    -0.029    clk_wiz_inst/inst/UART_clk_clk_wiz_0
    BUFGCTRL_X0Y1        BUFG (Prop_bufg_I_O)         0.029     0.000 r  clk_wiz_inst/inst/clkout1_buf/O
                         net (fo=83, routed)          0.860     0.860    UART_inst/UART_TX_inst/MASTER_TO_UART/gnuram_async_fifo.xpm_fifo_base_inst/gen_cdc_pntr.wr_pntr_cdc_inst/dest_clk
    SLICE_X6Y59          FDRE                                         r  UART_inst/UART_TX_inst/MASTER_TO_UART/gnuram_async_fifo.xpm_fifo_base_inst/gen_cdc_pntr.wr_pntr_cdc_inst/dest_graysync_ff_reg[0][3]/C

Slack:                    inf
  Source:                 UART_inst/UART_TX_inst/MASTER_TO_UART/gnuram_async_fifo.xpm_fifo_base_inst/gen_cdc_pntr.wr_pntr_cdc_inst/src_gray_ff_reg[0]/C
                            (rising edge-triggered cell FDRE)
  Destination:            UART_inst/UART_TX_inst/MASTER_TO_UART/gnuram_async_fifo.xpm_fifo_base_inst/gen_cdc_pntr.wr_pntr_cdc_inst/dest_graysync_ff_reg[0][0]/D
                            (rising edge-triggered cell FDRE clocked by UART_clk_clk_wiz_0  {rise@0.000ns fall@86.806ns period=173.611ns})
  Path Group:             (none)
  Path Type:              Hold (Min at Fast Process Corner)
  Data Path Delay:        0.450ns  (logic 0.164ns (36.456%)  route 0.286ns (63.544%))
  Logic Levels:           1  (FDRE=1)
  Clock Uncertainty:      0.607ns  ((TSJ^2 + DJ^2)^1/2) / 2 + PE
    Total System Jitter     (TSJ):    0.050ns
    Discrete Jitter          (DJ):    0.555ns
    Phase Error              (PE):    0.328ns
  Timing Exception:       False Path

    Location             Delay type                Incr(ns)  Path(ns)    Netlist Resource(s)
  -------------------------------------------------------------------    -------------------
    SLICE_X8Y59          FDRE                         0.000     0.000 r  UART_inst/UART_TX_inst/MASTER_TO_UART/gnuram_async_fifo.xpm_fifo_base_inst/gen_cdc_pntr.wr_pntr_cdc_inst/src_gray_ff_reg[0]/C
    SLICE_X8Y59          FDRE (Prop_fdre_C_Q)         0.164     0.164 r  UART_inst/UART_TX_inst/MASTER_TO_UART/gnuram_async_fifo.xpm_fifo_base_inst/gen_cdc_pntr.wr_pntr_cdc_inst/src_gray_ff_reg[0]/Q
                         net (fo=1, routed)           0.286     0.450    UART_inst/UART_TX_inst/MASTER_TO_UART/gnuram_async_fifo.xpm_fifo_base_inst/gen_cdc_pntr.wr_pntr_cdc_inst/async_path[0]
    SLICE_X7Y59          FDRE                                         r  UART_inst/UART_TX_inst/MASTER_TO_UART/gnuram_async_fifo.xpm_fifo_base_inst/gen_cdc_pntr.wr_pntr_cdc_inst/dest_graysync_ff_reg[0][0]/D
  -------------------------------------------------------------------    -------------------

                         (clock UART_clk_clk_wiz_0 rise edge)
                                                      0.000     0.000 r  
    BUFGCTRL_X0Y0        BUFG                         0.000     0.000 r  clk_IBUF_BUFG_inst/O
                         net (fo=11692, routed)       0.817     0.817    clk_wiz_inst/inst/clk_in1
    MMCME2_ADV_X1Y0      MMCME2_ADV (Prop_mmcme2_adv_CLKIN1_CLKOUT0)
                                                     -1.375    -0.559 r  clk_wiz_inst/inst/mmcm_adv_inst/CLKOUT0
                         net (fo=1, routed)           0.530    -0.029    clk_wiz_inst/inst/UART_clk_clk_wiz_0
    BUFGCTRL_X0Y1        BUFG (Prop_bufg_I_O)         0.029     0.000 r  clk_wiz_inst/inst/clkout1_buf/O
                         net (fo=83, routed)          0.860     0.860    UART_inst/UART_TX_inst/MASTER_TO_UART/gnuram_async_fifo.xpm_fifo_base_inst/gen_cdc_pntr.wr_pntr_cdc_inst/dest_clk
    SLICE_X7Y59          FDRE                                         r  UART_inst/UART_TX_inst/MASTER_TO_UART/gnuram_async_fifo.xpm_fifo_base_inst/gen_cdc_pntr.wr_pntr_cdc_inst/dest_graysync_ff_reg[0][0]/C

Slack:                    inf
  Source:                 UART_inst/UART_TX_inst/MASTER_TO_UART/gnuram_async_fifo.xpm_fifo_base_inst/gen_cdc_pntr.wr_pntr_cdc_inst/src_gray_ff_reg[2]/C
                            (rising edge-triggered cell FDRE)
  Destination:            UART_inst/UART_TX_inst/MASTER_TO_UART/gnuram_async_fifo.xpm_fifo_base_inst/gen_cdc_pntr.wr_pntr_cdc_inst/dest_graysync_ff_reg[0][2]/D
                            (rising edge-triggered cell FDRE clocked by UART_clk_clk_wiz_0  {rise@0.000ns fall@86.806ns period=173.611ns})
  Path Group:             (none)
  Path Type:              Hold (Min at Fast Process Corner)
  Data Path Delay:        0.455ns  (logic 0.164ns (36.029%)  route 0.291ns (63.971%))
  Logic Levels:           1  (FDRE=1)
  Clock Uncertainty:      0.607ns  ((TSJ^2 + DJ^2)^1/2) / 2 + PE
    Total System Jitter     (TSJ):    0.050ns
    Discrete Jitter          (DJ):    0.555ns
    Phase Error              (PE):    0.328ns
  Timing Exception:       False Path

    Location             Delay type                Incr(ns)  Path(ns)    Netlist Resource(s)
  -------------------------------------------------------------------    -------------------
    SLICE_X8Y59          FDRE                         0.000     0.000 r  UART_inst/UART_TX_inst/MASTER_TO_UART/gnuram_async_fifo.xpm_fifo_base_inst/gen_cdc_pntr.wr_pntr_cdc_inst/src_gray_ff_reg[2]/C
    SLICE_X8Y59          FDRE (Prop_fdre_C_Q)         0.164     0.164 r  UART_inst/UART_TX_inst/MASTER_TO_UART/gnuram_async_fifo.xpm_fifo_base_inst/gen_cdc_pntr.wr_pntr_cdc_inst/src_gray_ff_reg[2]/Q
                         net (fo=1, routed)           0.291     0.455    UART_inst/UART_TX_inst/MASTER_TO_UART/gnuram_async_fifo.xpm_fifo_base_inst/gen_cdc_pntr.wr_pntr_cdc_inst/async_path[2]
    SLICE_X7Y59          FDRE                                         r  UART_inst/UART_TX_inst/MASTER_TO_UART/gnuram_async_fifo.xpm_fifo_base_inst/gen_cdc_pntr.wr_pntr_cdc_inst/dest_graysync_ff_reg[0][2]/D
  -------------------------------------------------------------------    -------------------

                         (clock UART_clk_clk_wiz_0 rise edge)
                                                      0.000     0.000 r  
    BUFGCTRL_X0Y0        BUFG                         0.000     0.000 r  clk_IBUF_BUFG_inst/O
                         net (fo=11692, routed)       0.817     0.817    clk_wiz_inst/inst/clk_in1
    MMCME2_ADV_X1Y0      MMCME2_ADV (Prop_mmcme2_adv_CLKIN1_CLKOUT0)
                                                     -1.375    -0.559 r  clk_wiz_inst/inst/mmcm_adv_inst/CLKOUT0
                         net (fo=1, routed)           0.530    -0.029    clk_wiz_inst/inst/UART_clk_clk_wiz_0
    BUFGCTRL_X0Y1        BUFG (Prop_bufg_I_O)         0.029     0.000 r  clk_wiz_inst/inst/clkout1_buf/O
                         net (fo=83, routed)          0.860     0.860    UART_inst/UART_TX_inst/MASTER_TO_UART/gnuram_async_fifo.xpm_fifo_base_inst/gen_cdc_pntr.wr_pntr_cdc_inst/dest_clk
    SLICE_X7Y59          FDRE                                         r  UART_inst/UART_TX_inst/MASTER_TO_UART/gnuram_async_fifo.xpm_fifo_base_inst/gen_cdc_pntr.wr_pntr_cdc_inst/dest_graysync_ff_reg[0][2]/C





--------------------------------------------------------------------------------------
Path Group:  (none)
From Clock:  
  To Clock:  

Max Delay         29888 Endpoints
Min Delay         29888 Endpoints
--------------------------------------------------------------------------------------


Max Delay Paths
--------------------------------------------------------------------------------------
Slack:                    inf
  Source:                 reset_b
                            (input port)
  Destination:            RING_BUFFER_channel_4_inst/RING_BUFFER_DATAPATH_inst/RAM_Read_Address_reg[0]/CLR
  Path Group:             (none)
  Path Type:              Max at Slow Process Corner
  Data Path Delay:        13.093ns  (logic 1.089ns (8.316%)  route 12.004ns (91.684%))
  Logic Levels:           2  (IBUF=1 LUT1=1)

    Location             Delay type                Incr(ns)  Path(ns)    Netlist Resource(s)
  -------------------------------------------------------------------    -------------------
    W18                                               0.000     0.000 r  reset_b (IN)
                         net (fo=0)                   0.000     0.000    reset_b
    W18                  IBUF (Prop_ibuf_I_O)         0.939     0.939 r  reset_b_IBUF_inst/O
                         net (fo=19, routed)          3.438     4.377    bartlett_inst/bartlett_time_domain_inst/p_theta_inst/real_accumulator_inst/reset_b_IBUF
    SLICE_X28Y68         LUT1 (Prop_lut1_I0_O)        0.150     4.527 f  bartlett_inst/bartlett_time_domain_inst/p_theta_inst/real_accumulator_inst/MASTER_TO_UART_i_1/O
                         net (fo=2003, routed)        8.566    13.093    RING_BUFFER_channel_4_inst/RING_BUFFER_DATAPATH_inst/RAM_Read_Address_reg[7]_0
    SLICE_X4Y21          FDCE                                         f  RING_BUFFER_channel_4_inst/RING_BUFFER_DATAPATH_inst/RAM_Read_Address_reg[0]/CLR
  -------------------------------------------------------------------    -------------------

Slack:                    inf
  Source:                 reset_b
                            (input port)
  Destination:            RING_BUFFER_channel_4_inst/RING_BUFFER_DATAPATH_inst/RAM_Read_Address_reg[1]/CLR
  Path Group:             (none)
  Path Type:              Max at Slow Process Corner
  Data Path Delay:        13.093ns  (logic 1.089ns (8.316%)  route 12.004ns (91.684%))
  Logic Levels:           2  (IBUF=1 LUT1=1)

    Location             Delay type                Incr(ns)  Path(ns)    Netlist Resource(s)
  -------------------------------------------------------------------    -------------------
    W18                                               0.000     0.000 r  reset_b (IN)
                         net (fo=0)                   0.000     0.000    reset_b
    W18                  IBUF (Prop_ibuf_I_O)         0.939     0.939 r  reset_b_IBUF_inst/O
                         net (fo=19, routed)          3.438     4.377    bartlett_inst/bartlett_time_domain_inst/p_theta_inst/real_accumulator_inst/reset_b_IBUF
    SLICE_X28Y68         LUT1 (Prop_lut1_I0_O)        0.150     4.527 f  bartlett_inst/bartlett_time_domain_inst/p_theta_inst/real_accumulator_inst/MASTER_TO_UART_i_1/O
                         net (fo=2003, routed)        8.566    13.093    RING_BUFFER_channel_4_inst/RING_BUFFER_DATAPATH_inst/RAM_Read_Address_reg[7]_0
    SLICE_X4Y21          FDCE                                         f  RING_BUFFER_channel_4_inst/RING_BUFFER_DATAPATH_inst/RAM_Read_Address_reg[1]/CLR
  -------------------------------------------------------------------    -------------------

Slack:                    inf
  Source:                 reset_b
                            (input port)
  Destination:            RING_BUFFER_channel_4_inst/RING_BUFFER_DATAPATH_inst/RAM_Read_Address_reg[2]/CLR
  Path Group:             (none)
  Path Type:              Max at Slow Process Corner
  Data Path Delay:        13.089ns  (logic 1.089ns (8.319%)  route 12.000ns (91.681%))
  Logic Levels:           2  (IBUF=1 LUT1=1)

    Location             Delay type                Incr(ns)  Path(ns)    Netlist Resource(s)
  -------------------------------------------------------------------    -------------------
    W18                                               0.000     0.000 r  reset_b (IN)
                         net (fo=0)                   0.000     0.000    reset_b
    W18                  IBUF (Prop_ibuf_I_O)         0.939     0.939 r  reset_b_IBUF_inst/O
                         net (fo=19, routed)          3.438     4.377    bartlett_inst/bartlett_time_domain_inst/p_theta_inst/real_accumulator_inst/reset_b_IBUF
    SLICE_X28Y68         LUT1 (Prop_lut1_I0_O)        0.150     4.527 f  bartlett_inst/bartlett_time_domain_inst/p_theta_inst/real_accumulator_inst/MASTER_TO_UART_i_1/O
                         net (fo=2003, routed)        8.562    13.089    RING_BUFFER_channel_4_inst/RING_BUFFER_DATAPATH_inst/RAM_Read_Address_reg[7]_0
    SLICE_X5Y21          FDCE                                         f  RING_BUFFER_channel_4_inst/RING_BUFFER_DATAPATH_inst/RAM_Read_Address_reg[2]/CLR
  -------------------------------------------------------------------    -------------------

Slack:                    inf
  Source:                 reset_b
                            (input port)
  Destination:            RING_BUFFER_channel_4_inst/RING_BUFFER_DATAPATH_inst/RAM_Read_Address_reg[4]/CLR
  Path Group:             (none)
  Path Type:              Max at Slow Process Corner
  Data Path Delay:        13.089ns  (logic 1.089ns (8.319%)  route 12.000ns (91.681%))
  Logic Levels:           2  (IBUF=1 LUT1=1)

    Location             Delay type                Incr(ns)  Path(ns)    Netlist Resource(s)
  -------------------------------------------------------------------    -------------------
    W18                                               0.000     0.000 r  reset_b (IN)
                         net (fo=0)                   0.000     0.000    reset_b
    W18                  IBUF (Prop_ibuf_I_O)         0.939     0.939 r  reset_b_IBUF_inst/O
                         net (fo=19, routed)          3.438     4.377    bartlett_inst/bartlett_time_domain_inst/p_theta_inst/real_accumulator_inst/reset_b_IBUF
    SLICE_X28Y68         LUT1 (Prop_lut1_I0_O)        0.150     4.527 f  bartlett_inst/bartlett_time_domain_inst/p_theta_inst/real_accumulator_inst/MASTER_TO_UART_i_1/O
                         net (fo=2003, routed)        8.562    13.089    RING_BUFFER_channel_4_inst/RING_BUFFER_DATAPATH_inst/RAM_Read_Address_reg[7]_0
    SLICE_X5Y21          FDCE                                         f  RING_BUFFER_channel_4_inst/RING_BUFFER_DATAPATH_inst/RAM_Read_Address_reg[4]/CLR
  -------------------------------------------------------------------    -------------------

Slack:                    inf
  Source:                 reset_b
                            (input port)
  Destination:            RING_BUFFER_channel_4_inst/RING_BUFFER_DATAPATH_inst/RAM_Read_Address_reg[5]/CLR
  Path Group:             (none)
  Path Type:              Max at Slow Process Corner
  Data Path Delay:        13.089ns  (logic 1.089ns (8.319%)  route 12.000ns (91.681%))
  Logic Levels:           2  (IBUF=1 LUT1=1)

    Location             Delay type                Incr(ns)  Path(ns)    Netlist Resource(s)
  -------------------------------------------------------------------    -------------------
    W18                                               0.000     0.000 r  reset_b (IN)
                         net (fo=0)                   0.000     0.000    reset_b
    W18                  IBUF (Prop_ibuf_I_O)         0.939     0.939 r  reset_b_IBUF_inst/O
                         net (fo=19, routed)          3.438     4.377    bartlett_inst/bartlett_time_domain_inst/p_theta_inst/real_accumulator_inst/reset_b_IBUF
    SLICE_X28Y68         LUT1 (Prop_lut1_I0_O)        0.150     4.527 f  bartlett_inst/bartlett_time_domain_inst/p_theta_inst/real_accumulator_inst/MASTER_TO_UART_i_1/O
                         net (fo=2003, routed)        8.562    13.089    RING_BUFFER_channel_4_inst/RING_BUFFER_DATAPATH_inst/RAM_Read_Address_reg[7]_0
    SLICE_X5Y21          FDCE                                         f  RING_BUFFER_channel_4_inst/RING_BUFFER_DATAPATH_inst/RAM_Read_Address_reg[5]/CLR
  -------------------------------------------------------------------    -------------------

Slack:                    inf
  Source:                 reset_b
                            (input port)
  Destination:            RING_BUFFER_channel_4_inst/RING_BUFFER_DATAPATH_inst/RAM_Read_Address_reg[6]/CLR
  Path Group:             (none)
  Path Type:              Max at Slow Process Corner
  Data Path Delay:        13.089ns  (logic 1.089ns (8.319%)  route 12.000ns (91.681%))
  Logic Levels:           2  (IBUF=1 LUT1=1)

    Location             Delay type                Incr(ns)  Path(ns)    Netlist Resource(s)
  -------------------------------------------------------------------    -------------------
    W18                                               0.000     0.000 r  reset_b (IN)
                         net (fo=0)                   0.000     0.000    reset_b
    W18                  IBUF (Prop_ibuf_I_O)         0.939     0.939 r  reset_b_IBUF_inst/O
                         net (fo=19, routed)          3.438     4.377    bartlett_inst/bartlett_time_domain_inst/p_theta_inst/real_accumulator_inst/reset_b_IBUF
    SLICE_X28Y68         LUT1 (Prop_lut1_I0_O)        0.150     4.527 f  bartlett_inst/bartlett_time_domain_inst/p_theta_inst/real_accumulator_inst/MASTER_TO_UART_i_1/O
                         net (fo=2003, routed)        8.562    13.089    RING_BUFFER_channel_4_inst/RING_BUFFER_DATAPATH_inst/RAM_Read_Address_reg[7]_0
    SLICE_X5Y21          FDCE                                         f  RING_BUFFER_channel_4_inst/RING_BUFFER_DATAPATH_inst/RAM_Read_Address_reg[6]/CLR
  -------------------------------------------------------------------    -------------------

Slack:                    inf
  Source:                 reset_b
                            (input port)
  Destination:            RING_BUFFER_channel_4_inst/RING_BUFFER_DATAPATH_inst/Head_Address_reg[0]/CLR
  Path Group:             (none)
  Path Type:              Max at Slow Process Corner
  Data Path Delay:        12.938ns  (logic 1.089ns (8.415%)  route 11.849ns (91.585%))
  Logic Levels:           2  (IBUF=1 LUT1=1)

    Location             Delay type                Incr(ns)  Path(ns)    Netlist Resource(s)
  -------------------------------------------------------------------    -------------------
    W18                                               0.000     0.000 r  reset_b (IN)
                         net (fo=0)                   0.000     0.000    reset_b
    W18                  IBUF (Prop_ibuf_I_O)         0.939     0.939 r  reset_b_IBUF_inst/O
                         net (fo=19, routed)          3.438     4.377    bartlett_inst/bartlett_time_domain_inst/p_theta_inst/real_accumulator_inst/reset_b_IBUF
    SLICE_X28Y68         LUT1 (Prop_lut1_I0_O)        0.150     4.527 f  bartlett_inst/bartlett_time_domain_inst/p_theta_inst/real_accumulator_inst/MASTER_TO_UART_i_1/O
                         net (fo=2003, routed)        8.411    12.938    RING_BUFFER_channel_4_inst/RING_BUFFER_DATAPATH_inst/RAM_Read_Address_reg[7]_0
    SLICE_X4Y22          FDCE                                         f  RING_BUFFER_channel_4_inst/RING_BUFFER_DATAPATH_inst/Head_Address_reg[0]/CLR
  -------------------------------------------------------------------    -------------------

Slack:                    inf
  Source:                 reset_b
                            (input port)
  Destination:            RING_BUFFER_channel_4_inst/RING_BUFFER_DATAPATH_inst/Head_Address_reg[1]/CLR
  Path Group:             (none)
  Path Type:              Max at Slow Process Corner
  Data Path Delay:        12.938ns  (logic 1.089ns (8.415%)  route 11.849ns (91.585%))
  Logic Levels:           2  (IBUF=1 LUT1=1)

    Location             Delay type                Incr(ns)  Path(ns)    Netlist Resource(s)
  -------------------------------------------------------------------    -------------------
    W18                                               0.000     0.000 r  reset_b (IN)
                         net (fo=0)                   0.000     0.000    reset_b
    W18                  IBUF (Prop_ibuf_I_O)         0.939     0.939 r  reset_b_IBUF_inst/O
                         net (fo=19, routed)          3.438     4.377    bartlett_inst/bartlett_time_domain_inst/p_theta_inst/real_accumulator_inst/reset_b_IBUF
    SLICE_X28Y68         LUT1 (Prop_lut1_I0_O)        0.150     4.527 f  bartlett_inst/bartlett_time_domain_inst/p_theta_inst/real_accumulator_inst/MASTER_TO_UART_i_1/O
                         net (fo=2003, routed)        8.411    12.938    RING_BUFFER_channel_4_inst/RING_BUFFER_DATAPATH_inst/RAM_Read_Address_reg[7]_0
    SLICE_X4Y22          FDCE                                         f  RING_BUFFER_channel_4_inst/RING_BUFFER_DATAPATH_inst/Head_Address_reg[1]/CLR
  -------------------------------------------------------------------    -------------------

Slack:                    inf
  Source:                 reset_b
                            (input port)
  Destination:            RING_BUFFER_channel_4_inst/RING_BUFFER_DATAPATH_inst/Head_Address_reg[2]/CLR
  Path Group:             (none)
  Path Type:              Max at Slow Process Corner
  Data Path Delay:        12.938ns  (logic 1.089ns (8.415%)  route 11.849ns (91.585%))
  Logic Levels:           2  (IBUF=1 LUT1=1)

    Location             Delay type                Incr(ns)  Path(ns)    Netlist Resource(s)
  -------------------------------------------------------------------    -------------------
    W18                                               0.000     0.000 r  reset_b (IN)
                         net (fo=0)                   0.000     0.000    reset_b
    W18                  IBUF (Prop_ibuf_I_O)         0.939     0.939 r  reset_b_IBUF_inst/O
                         net (fo=19, routed)          3.438     4.377    bartlett_inst/bartlett_time_domain_inst/p_theta_inst/real_accumulator_inst/reset_b_IBUF
    SLICE_X28Y68         LUT1 (Prop_lut1_I0_O)        0.150     4.527 f  bartlett_inst/bartlett_time_domain_inst/p_theta_inst/real_accumulator_inst/MASTER_TO_UART_i_1/O
                         net (fo=2003, routed)        8.411    12.938    RING_BUFFER_channel_4_inst/RING_BUFFER_DATAPATH_inst/RAM_Read_Address_reg[7]_0
    SLICE_X4Y22          FDCE                                         f  RING_BUFFER_channel_4_inst/RING_BUFFER_DATAPATH_inst/Head_Address_reg[2]/CLR
  -------------------------------------------------------------------    -------------------

Slack:                    inf
  Source:                 reset_b
                            (input port)
  Destination:            RING_BUFFER_channel_4_inst/RING_BUFFER_DATAPATH_inst/Head_Address_reg[3]/CLR
  Path Group:             (none)
  Path Type:              Max at Slow Process Corner
  Data Path Delay:        12.934ns  (logic 1.089ns (8.418%)  route 11.845ns (91.582%))
  Logic Levels:           2  (IBUF=1 LUT1=1)

    Location             Delay type                Incr(ns)  Path(ns)    Netlist Resource(s)
  -------------------------------------------------------------------    -------------------
    W18                                               0.000     0.000 r  reset_b (IN)
                         net (fo=0)                   0.000     0.000    reset_b
    W18                  IBUF (Prop_ibuf_I_O)         0.939     0.939 r  reset_b_IBUF_inst/O
                         net (fo=19, routed)          3.438     4.377    bartlett_inst/bartlett_time_domain_inst/p_theta_inst/real_accumulator_inst/reset_b_IBUF
    SLICE_X28Y68         LUT1 (Prop_lut1_I0_O)        0.150     4.527 f  bartlett_inst/bartlett_time_domain_inst/p_theta_inst/real_accumulator_inst/MASTER_TO_UART_i_1/O
                         net (fo=2003, routed)        8.407    12.934    RING_BUFFER_channel_4_inst/RING_BUFFER_DATAPATH_inst/RAM_Read_Address_reg[7]_0
    SLICE_X5Y22          FDCE                                         f  RING_BUFFER_channel_4_inst/RING_BUFFER_DATAPATH_inst/Head_Address_reg[3]/CLR
  -------------------------------------------------------------------    -------------------





Min Delay Paths
--------------------------------------------------------------------------------------
Slack:                    inf
  Source:                 bartlett_inst/fft_max_inst/your_instance_name/U0/i_synth/xfft_inst/non_floating_point.arch_b.xfft_inst/multichannel.multichannel_datapath[1].datapath/pe/mult_gen.Mult1/i_cmpy/three_mult_structure.use_dsp.i_dsp48/optionally_negate_inputs/apply_negation.registered_twos_comp_hblknm.a_smaller.gen_full_slices[0].gen_fdre[3].ff_ai/C
                            (rising edge-triggered cell FDRE)
  Destination:            bartlett_inst/fft_max_inst/your_instance_name/U0/i_synth/xfft_inst/non_floating_point.arch_b.xfft_inst/multichannel.multichannel_datapath[1].datapath/pe/mult_gen.Mult1/i_cmpy/three_mult_structure.use_dsp.i_dsp48/dsp_preadder_1.reg_mult1_preadd_d/dN.std_srl.shift_reg_reg[0][3]/D
  Path Group:             (none)
  Path Type:              Min at Fast Process Corner
  Data Path Delay:        0.180ns  (logic 0.128ns (71.030%)  route 0.052ns (28.970%))
  Logic Levels:           1  (FDRE=1)

    Location             Delay type                Incr(ns)  Path(ns)    Netlist Resource(s)
  -------------------------------------------------------------------    -------------------
    SLICE_X43Y24         FDRE                         0.000     0.000 r  bartlett_inst/fft_max_inst/your_instance_name/U0/i_synth/xfft_inst/non_floating_point.arch_b.xfft_inst/multichannel.multichannel_datapath[1].datapath/pe/mult_gen.Mult1/i_cmpy/three_mult_structure.use_dsp.i_dsp48/optionally_negate_inputs/apply_negation.registered_twos_comp_hblknm.a_smaller.gen_full_slices[0].gen_fdre[3].ff_ai/C
    SLICE_X43Y24         FDRE (Prop_fdre_C_Q)         0.128     0.128 r  bartlett_inst/fft_max_inst/your_instance_name/U0/i_synth/xfft_inst/non_floating_point.arch_b.xfft_inst/multichannel.multichannel_datapath[1].datapath/pe/mult_gen.Mult1/i_cmpy/three_mult_structure.use_dsp.i_dsp48/optionally_negate_inputs/apply_negation.registered_twos_comp_hblknm.a_smaller.gen_full_slices[0].gen_fdre[3].ff_ai/Q
                         net (fo=1, routed)           0.052     0.180    bartlett_inst/fft_max_inst/your_instance_name/U0/i_synth/xfft_inst/non_floating_point.arch_b.xfft_inst/multichannel.multichannel_datapath[1].datapath/pe/mult_gen.Mult1/i_cmpy/three_mult_structure.use_dsp.i_dsp48/dsp_preadder_1.reg_mult1_preadd_d/dN.std_srl.shift_reg_reg[0][24]_0[3]
    SLICE_X43Y24         FDRE                                         r  bartlett_inst/fft_max_inst/your_instance_name/U0/i_synth/xfft_inst/non_floating_point.arch_b.xfft_inst/multichannel.multichannel_datapath[1].datapath/pe/mult_gen.Mult1/i_cmpy/three_mult_structure.use_dsp.i_dsp48/dsp_preadder_1.reg_mult1_preadd_d/dN.std_srl.shift_reg_reg[0][3]/D
  -------------------------------------------------------------------    -------------------

Slack:                    inf
  Source:                 bartlett_inst/fft_max_inst/your_instance_name/U0/i_synth/xfft_inst/non_floating_point.arch_b.xfft_inst/multichannel.multichannel_datapath[2].datapath/pe/mult_gen.Mult3/i_cmpy/three_mult_structure.use_dsp.i_dsp48/optionally_negate_inputs/apply_negation.registered_twos_comp_hblknm.a_smaller.gen_full_slices[2].gen_fdre[1].ff_ai/C
                            (rising edge-triggered cell FDRE)
  Destination:            bartlett_inst/fft_max_inst/your_instance_name/U0/i_synth/xfft_inst/non_floating_point.arch_b.xfft_inst/multichannel.multichannel_datapath[2].datapath/pe/mult_gen.Mult3/i_cmpy/three_mult_structure.use_dsp.i_dsp48/dsp_preadder_1.reg_mult1_preadd_d/dN.std_srl.shift_reg_reg[0][9]/D
  Path Group:             (none)
  Path Type:              Min at Fast Process Corner
  Data Path Delay:        0.180ns  (logic 0.128ns (71.030%)  route 0.052ns (28.970%))
  Logic Levels:           1  (FDRE=1)

    Location             Delay type                Incr(ns)  Path(ns)    Netlist Resource(s)
  -------------------------------------------------------------------    -------------------
    SLICE_X5Y2           FDRE                         0.000     0.000 r  bartlett_inst/fft_max_inst/your_instance_name/U0/i_synth/xfft_inst/non_floating_point.arch_b.xfft_inst/multichannel.multichannel_datapath[2].datapath/pe/mult_gen.Mult3/i_cmpy/three_mult_structure.use_dsp.i_dsp48/optionally_negate_inputs/apply_negation.registered_twos_comp_hblknm.a_smaller.gen_full_slices[2].gen_fdre[1].ff_ai/C
    SLICE_X5Y2           FDRE (Prop_fdre_C_Q)         0.128     0.128 r  bartlett_inst/fft_max_inst/your_instance_name/U0/i_synth/xfft_inst/non_floating_point.arch_b.xfft_inst/multichannel.multichannel_datapath[2].datapath/pe/mult_gen.Mult3/i_cmpy/three_mult_structure.use_dsp.i_dsp48/optionally_negate_inputs/apply_negation.registered_twos_comp_hblknm.a_smaller.gen_full_slices[2].gen_fdre[1].ff_ai/Q
                         net (fo=1, routed)           0.052     0.180    bartlett_inst/fft_max_inst/your_instance_name/U0/i_synth/xfft_inst/non_floating_point.arch_b.xfft_inst/multichannel.multichannel_datapath[2].datapath/pe/mult_gen.Mult3/i_cmpy/three_mult_structure.use_dsp.i_dsp48/dsp_preadder_1.reg_mult1_preadd_d/dN.std_srl.shift_reg_reg[0][24]_0[9]
    SLICE_X5Y2           FDRE                                         r  bartlett_inst/fft_max_inst/your_instance_name/U0/i_synth/xfft_inst/non_floating_point.arch_b.xfft_inst/multichannel.multichannel_datapath[2].datapath/pe/mult_gen.Mult3/i_cmpy/three_mult_structure.use_dsp.i_dsp48/dsp_preadder_1.reg_mult1_preadd_d/dN.std_srl.shift_reg_reg[0][9]/D
  -------------------------------------------------------------------    -------------------

Slack:                    inf
  Source:                 bartlett_inst/fft_max_inst/your_instance_name/U0/i_synth/xfft_inst/non_floating_point.arch_b.xfft_inst/multichannel.multichannel_datapath[3].datapath/pe/mult_gen.Mult1/i_cmpy/three_mult_structure.use_dsp.i_dsp48/optionally_negate_inputs/apply_negation.registered_twos_comp_hblknm.a_smaller.gen_full_slices[3].gen_fdre[0].ff_ai/C
                            (rising edge-triggered cell FDRE)
  Destination:            bartlett_inst/fft_max_inst/your_instance_name/U0/i_synth/xfft_inst/non_floating_point.arch_b.xfft_inst/multichannel.multichannel_datapath[3].datapath/pe/mult_gen.Mult1/i_cmpy/three_mult_structure.use_dsp.i_dsp48/dsp_preadder_1.reg_mult1_preadd_d/dN.std_srl.shift_reg_reg[0][12]/D
  Path Group:             (none)
  Path Type:              Min at Fast Process Corner
  Data Path Delay:        0.180ns  (logic 0.128ns (71.030%)  route 0.052ns (28.970%))
  Logic Levels:           1  (FDRE=1)

    Location             Delay type                Incr(ns)  Path(ns)    Netlist Resource(s)
  -------------------------------------------------------------------    -------------------
    SLICE_X41Y43         FDRE                         0.000     0.000 r  bartlett_inst/fft_max_inst/your_instance_name/U0/i_synth/xfft_inst/non_floating_point.arch_b.xfft_inst/multichannel.multichannel_datapath[3].datapath/pe/mult_gen.Mult1/i_cmpy/three_mult_structure.use_dsp.i_dsp48/optionally_negate_inputs/apply_negation.registered_twos_comp_hblknm.a_smaller.gen_full_slices[3].gen_fdre[0].ff_ai/C
    SLICE_X41Y43         FDRE (Prop_fdre_C_Q)         0.128     0.128 r  bartlett_inst/fft_max_inst/your_instance_name/U0/i_synth/xfft_inst/non_floating_point.arch_b.xfft_inst/multichannel.multichannel_datapath[3].datapath/pe/mult_gen.Mult1/i_cmpy/three_mult_structure.use_dsp.i_dsp48/optionally_negate_inputs/apply_negation.registered_twos_comp_hblknm.a_smaller.gen_full_slices[3].gen_fdre[0].ff_ai/Q
                         net (fo=1, routed)           0.052     0.180    bartlett_inst/fft_max_inst/your_instance_name/U0/i_synth/xfft_inst/non_floating_point.arch_b.xfft_inst/multichannel.multichannel_datapath[3].datapath/pe/mult_gen.Mult1/i_cmpy/three_mult_structure.use_dsp.i_dsp48/dsp_preadder_1.reg_mult1_preadd_d/dN.std_srl.shift_reg_reg[0][24]_0[12]
    SLICE_X41Y43         FDRE                                         r  bartlett_inst/fft_max_inst/your_instance_name/U0/i_synth/xfft_inst/non_floating_point.arch_b.xfft_inst/multichannel.multichannel_datapath[3].datapath/pe/mult_gen.Mult1/i_cmpy/three_mult_structure.use_dsp.i_dsp48/dsp_preadder_1.reg_mult1_preadd_d/dN.std_srl.shift_reg_reg[0][12]/D
  -------------------------------------------------------------------    -------------------

Slack:                    inf
  Source:                 bartlett_inst/fft_max_inst/your_instance_name/U0/i_synth/xfft_inst/non_floating_point.arch_b.xfft_inst/multichannel.multichannel_datapath[0].datapath/pe/mult_gen.Mult1/i_cmpy/three_mult_structure.use_dsp.i_dsp48/optionally_negate_inputs/apply_negation.registered_twos_comp_hblknm.a_smaller.gen_full_slices[0].gen_fdre[1].ff_ai/C
                            (rising edge-triggered cell FDRE)
  Destination:            bartlett_inst/fft_max_inst/your_instance_name/U0/i_synth/xfft_inst/non_floating_point.arch_b.xfft_inst/multichannel.multichannel_datapath[0].datapath/pe/mult_gen.Mult1/i_cmpy/three_mult_structure.use_dsp.i_dsp48/dsp_preadder_1.reg_mult1_preadd_d/dN.std_srl.shift_reg_reg[0][1]/D
  Path Group:             (none)
  Path Type:              Min at Fast Process Corner
  Data Path Delay:        0.181ns  (logic 0.128ns (70.559%)  route 0.053ns (29.441%))
  Logic Levels:           1  (FDRE=1)

    Location             Delay type                Incr(ns)  Path(ns)    Netlist Resource(s)
  -------------------------------------------------------------------    -------------------
    SLICE_X5Y49          FDRE                         0.000     0.000 r  bartlett_inst/fft_max_inst/your_instance_name/U0/i_synth/xfft_inst/non_floating_point.arch_b.xfft_inst/multichannel.multichannel_datapath[0].datapath/pe/mult_gen.Mult1/i_cmpy/three_mult_structure.use_dsp.i_dsp48/optionally_negate_inputs/apply_negation.registered_twos_comp_hblknm.a_smaller.gen_full_slices[0].gen_fdre[1].ff_ai/C
    SLICE_X5Y49          FDRE (Prop_fdre_C_Q)         0.128     0.128 r  bartlett_inst/fft_max_inst/your_instance_name/U0/i_synth/xfft_inst/non_floating_point.arch_b.xfft_inst/multichannel.multichannel_datapath[0].datapath/pe/mult_gen.Mult1/i_cmpy/three_mult_structure.use_dsp.i_dsp48/optionally_negate_inputs/apply_negation.registered_twos_comp_hblknm.a_smaller.gen_full_slices[0].gen_fdre[1].ff_ai/Q
                         net (fo=1, routed)           0.053     0.181    bartlett_inst/fft_max_inst/your_instance_name/U0/i_synth/xfft_inst/non_floating_point.arch_b.xfft_inst/multichannel.multichannel_datapath[0].datapath/pe/mult_gen.Mult1/i_cmpy/three_mult_structure.use_dsp.i_dsp48/dsp_preadder_1.reg_mult1_preadd_d/dN.std_srl.shift_reg_reg[0][24]_0[1]
    SLICE_X5Y49          FDRE                                         r  bartlett_inst/fft_max_inst/your_instance_name/U0/i_synth/xfft_inst/non_floating_point.arch_b.xfft_inst/multichannel.multichannel_datapath[0].datapath/pe/mult_gen.Mult1/i_cmpy/three_mult_structure.use_dsp.i_dsp48/dsp_preadder_1.reg_mult1_preadd_d/dN.std_srl.shift_reg_reg[0][1]/D
  -------------------------------------------------------------------    -------------------

Slack:                    inf
  Source:                 bartlett_inst/fft_max_inst/your_instance_name/U0/i_synth/xfft_inst/non_floating_point.arch_b.xfft_inst/multichannel.multichannel_datapath[0].datapath/pe/mult_gen.Mult1/i_cmpy/three_mult_structure.use_dsp.i_dsp48/optionally_negate_inputs/apply_negation.registered_twos_comp_hblknm.a_smaller.gen_full_slices[0].gen_fdre[3].ff_ai/C
                            (rising edge-triggered cell FDRE)
  Destination:            bartlett_inst/fft_max_inst/your_instance_name/U0/i_synth/xfft_inst/non_floating_point.arch_b.xfft_inst/multichannel.multichannel_datapath[0].datapath/pe/mult_gen.Mult1/i_cmpy/three_mult_structure.use_dsp.i_dsp48/dsp_preadder_1.reg_mult1_preadd_d/dN.std_srl.shift_reg_reg[0][3]/D
  Path Group:             (none)
  Path Type:              Min at Fast Process Corner
  Data Path Delay:        0.181ns  (logic 0.128ns (70.559%)  route 0.053ns (29.441%))
  Logic Levels:           1  (FDRE=1)

    Location             Delay type                Incr(ns)  Path(ns)    Netlist Resource(s)
  -------------------------------------------------------------------    -------------------
    SLICE_X3Y48          FDRE                         0.000     0.000 r  bartlett_inst/fft_max_inst/your_instance_name/U0/i_synth/xfft_inst/non_floating_point.arch_b.xfft_inst/multichannel.multichannel_datapath[0].datapath/pe/mult_gen.Mult1/i_cmpy/three_mult_structure.use_dsp.i_dsp48/optionally_negate_inputs/apply_negation.registered_twos_comp_hblknm.a_smaller.gen_full_slices[0].gen_fdre[3].ff_ai/C
    SLICE_X3Y48          FDRE (Prop_fdre_C_Q)         0.128     0.128 r  bartlett_inst/fft_max_inst/your_instance_name/U0/i_synth/xfft_inst/non_floating_point.arch_b.xfft_inst/multichannel.multichannel_datapath[0].datapath/pe/mult_gen.Mult1/i_cmpy/three_mult_structure.use_dsp.i_dsp48/optionally_negate_inputs/apply_negation.registered_twos_comp_hblknm.a_smaller.gen_full_slices[0].gen_fdre[3].ff_ai/Q
                         net (fo=1, routed)           0.053     0.181    bartlett_inst/fft_max_inst/your_instance_name/U0/i_synth/xfft_inst/non_floating_point.arch_b.xfft_inst/multichannel.multichannel_datapath[0].datapath/pe/mult_gen.Mult1/i_cmpy/three_mult_structure.use_dsp.i_dsp48/dsp_preadder_1.reg_mult1_preadd_d/dN.std_srl.shift_reg_reg[0][24]_0[3]
    SLICE_X3Y48          FDRE                                         r  bartlett_inst/fft_max_inst/your_instance_name/U0/i_synth/xfft_inst/non_floating_point.arch_b.xfft_inst/multichannel.multichannel_datapath[0].datapath/pe/mult_gen.Mult1/i_cmpy/three_mult_structure.use_dsp.i_dsp48/dsp_preadder_1.reg_mult1_preadd_d/dN.std_srl.shift_reg_reg[0][3]/D
  -------------------------------------------------------------------    -------------------

Slack:                    inf
  Source:                 bartlett_inst/fft_max_inst/your_instance_name/U0/i_synth/xfft_inst/non_floating_point.arch_b.xfft_inst/multichannel.multichannel_datapath[0].datapath/pe/mult_gen.Mult1/i_cmpy/three_mult_structure.use_dsp.i_dsp48/mult1_preadder_d_plus_a.mult1/mult/use_prim.iBdelx[0].iBdely[0].need_delay_line.Bdelay/dN.std_srl.shift_reg_reg[0][8]/C
                            (rising edge-triggered cell FDRE)
  Destination:            bartlett_inst/fft_max_inst/your_instance_name/U0/i_synth/xfft_inst/non_floating_point.arch_b.xfft_inst/multichannel.multichannel_datapath[0].datapath/pe/mult_gen.Mult1/i_cmpy/three_mult_structure.use_dsp.i_dsp48/mult1_preadder_d_plus_a.mult1/mult/use_prim.iBdelx[0].iBdely[0].need_delay_line.Bdelay/dN.std_srl.shift_reg_reg[1][8]/D
  Path Group:             (none)
  Path Type:              Min at Fast Process Corner
  Data Path Delay:        0.181ns  (logic 0.128ns (70.559%)  route 0.053ns (29.441%))
  Logic Levels:           1  (FDRE=1)

    Location             Delay type                Incr(ns)  Path(ns)    Netlist Resource(s)
  -------------------------------------------------------------------    -------------------
    SLICE_X11Y49         FDRE                         0.000     0.000 r  bartlett_inst/fft_max_inst/your_instance_name/U0/i_synth/xfft_inst/non_floating_point.arch_b.xfft_inst/multichannel.multichannel_datapath[0].datapath/pe/mult_gen.Mult1/i_cmpy/three_mult_structure.use_dsp.i_dsp48/mult1_preadder_d_plus_a.mult1/mult/use_prim.iBdelx[0].iBdely[0].need_delay_line.Bdelay/dN.std_srl.shift_reg_reg[0][8]/C
    SLICE_X11Y49         FDRE (Prop_fdre_C_Q)         0.128     0.128 r  bartlett_inst/fft_max_inst/your_instance_name/U0/i_synth/xfft_inst/non_floating_point.arch_b.xfft_inst/multichannel.multichannel_datapath[0].datapath/pe/mult_gen.Mult1/i_cmpy/three_mult_structure.use_dsp.i_dsp48/mult1_preadder_d_plus_a.mult1/mult/use_prim.iBdelx[0].iBdely[0].need_delay_line.Bdelay/dN.std_srl.shift_reg_reg[0][8]/Q
                         net (fo=1, routed)           0.053     0.181    bartlett_inst/fft_max_inst/your_instance_name/U0/i_synth/xfft_inst/non_floating_point.arch_b.xfft_inst/multichannel.multichannel_datapath[0].datapath/pe/mult_gen.Mult1/i_cmpy/three_mult_structure.use_dsp.i_dsp48/mult1_preadder_d_plus_a.mult1/mult/use_prim.iBdelx[0].iBdely[0].need_delay_line.Bdelay/dN.std_srl.shift_reg_reg[0]_0[8]
    SLICE_X11Y49         FDRE                                         r  bartlett_inst/fft_max_inst/your_instance_name/U0/i_synth/xfft_inst/non_floating_point.arch_b.xfft_inst/multichannel.multichannel_datapath[0].datapath/pe/mult_gen.Mult1/i_cmpy/three_mult_structure.use_dsp.i_dsp48/mult1_preadder_d_plus_a.mult1/mult/use_prim.iBdelx[0].iBdely[0].need_delay_line.Bdelay/dN.std_srl.shift_reg_reg[1][8]/D
  -------------------------------------------------------------------    -------------------

Slack:                    inf
  Source:                 bartlett_inst/fft_max_inst/your_instance_name/U0/i_synth/xfft_inst/non_floating_point.arch_b.xfft_inst/multichannel.multichannel_datapath[0].datapath/pe/mult_gen.Mult3/i_cmpy/three_mult_structure.use_dsp.i_dsp48/optionally_negate_inputs/apply_negation.registered_twos_comp_hblknm.a_smaller.gen_full_slices[1].gen_fdre[0].ff_ai/C
                            (rising edge-triggered cell FDRE)
  Destination:            bartlett_inst/fft_max_inst/your_instance_name/U0/i_synth/xfft_inst/non_floating_point.arch_b.xfft_inst/multichannel.multichannel_datapath[0].datapath/pe/mult_gen.Mult3/i_cmpy/three_mult_structure.use_dsp.i_dsp48/dsp_preadder_1.reg_mult1_preadd_d/dN.std_srl.shift_reg_reg[0][4]/D
  Path Group:             (none)
  Path Type:              Min at Fast Process Corner
  Data Path Delay:        0.181ns  (logic 0.128ns (70.559%)  route 0.053ns (29.441%))
  Logic Levels:           1  (FDRE=1)

    Location             Delay type                Incr(ns)  Path(ns)    Netlist Resource(s)
  -------------------------------------------------------------------    -------------------
    SLICE_X3Y28          FDRE                         0.000     0.000 r  bartlett_inst/fft_max_inst/your_instance_name/U0/i_synth/xfft_inst/non_floating_point.arch_b.xfft_inst/multichannel.multichannel_datapath[0].datapath/pe/mult_gen.Mult3/i_cmpy/three_mult_structure.use_dsp.i_dsp48/optionally_negate_inputs/apply_negation.registered_twos_comp_hblknm.a_smaller.gen_full_slices[1].gen_fdre[0].ff_ai/C
    SLICE_X3Y28          FDRE (Prop_fdre_C_Q)         0.128     0.128 r  bartlett_inst/fft_max_inst/your_instance_name/U0/i_synth/xfft_inst/non_floating_point.arch_b.xfft_inst/multichannel.multichannel_datapath[0].datapath/pe/mult_gen.Mult3/i_cmpy/three_mult_structure.use_dsp.i_dsp48/optionally_negate_inputs/apply_negation.registered_twos_comp_hblknm.a_smaller.gen_full_slices[1].gen_fdre[0].ff_ai/Q
                         net (fo=1, routed)           0.053     0.181    bartlett_inst/fft_max_inst/your_instance_name/U0/i_synth/xfft_inst/non_floating_point.arch_b.xfft_inst/multichannel.multichannel_datapath[0].datapath/pe/mult_gen.Mult3/i_cmpy/three_mult_structure.use_dsp.i_dsp48/dsp_preadder_1.reg_mult1_preadd_d/dN.std_srl.shift_reg_reg[0][24]_0[4]
    SLICE_X3Y28          FDRE                                         r  bartlett_inst/fft_max_inst/your_instance_name/U0/i_synth/xfft_inst/non_floating_point.arch_b.xfft_inst/multichannel.multichannel_datapath[0].datapath/pe/mult_gen.Mult3/i_cmpy/three_mult_structure.use_dsp.i_dsp48/dsp_preadder_1.reg_mult1_preadd_d/dN.std_srl.shift_reg_reg[0][4]/D
  -------------------------------------------------------------------    -------------------

Slack:                    inf
  Source:                 bartlett_inst/fft_max_inst/your_instance_name/U0/i_synth/xfft_inst/non_floating_point.arch_b.xfft_inst/multichannel.multichannel_datapath[0].datapath/pe/mult_gen.Mult3/i_cmpy/three_mult_structure.use_dsp.i_dsp48/optionally_negate_inputs/apply_negation.registered_twos_comp_hblknm.a_smaller.gen_full_slices[1].gen_fdre[3].ff_ai/C
                            (rising edge-triggered cell FDRE)
  Destination:            bartlett_inst/fft_max_inst/your_instance_name/U0/i_synth/xfft_inst/non_floating_point.arch_b.xfft_inst/multichannel.multichannel_datapath[0].datapath/pe/mult_gen.Mult3/i_cmpy/three_mult_structure.use_dsp.i_dsp48/dsp_preadder_1.reg_mult1_preadd_d/dN.std_srl.shift_reg_reg[0][7]/D
  Path Group:             (none)
  Path Type:              Min at Fast Process Corner
  Data Path Delay:        0.181ns  (logic 0.128ns (70.559%)  route 0.053ns (29.441%))
  Logic Levels:           1  (FDRE=1)

    Location             Delay type                Incr(ns)  Path(ns)    Netlist Resource(s)
  -------------------------------------------------------------------    -------------------
    SLICE_X7Y27          FDRE                         0.000     0.000 r  bartlett_inst/fft_max_inst/your_instance_name/U0/i_synth/xfft_inst/non_floating_point.arch_b.xfft_inst/multichannel.multichannel_datapath[0].datapath/pe/mult_gen.Mult3/i_cmpy/three_mult_structure.use_dsp.i_dsp48/optionally_negate_inputs/apply_negation.registered_twos_comp_hblknm.a_smaller.gen_full_slices[1].gen_fdre[3].ff_ai/C
    SLICE_X7Y27          FDRE (Prop_fdre_C_Q)         0.128     0.128 r  bartlett_inst/fft_max_inst/your_instance_name/U0/i_synth/xfft_inst/non_floating_point.arch_b.xfft_inst/multichannel.multichannel_datapath[0].datapath/pe/mult_gen.Mult3/i_cmpy/three_mult_structure.use_dsp.i_dsp48/optionally_negate_inputs/apply_negation.registered_twos_comp_hblknm.a_smaller.gen_full_slices[1].gen_fdre[3].ff_ai/Q
                         net (fo=1, routed)           0.053     0.181    bartlett_inst/fft_max_inst/your_instance_name/U0/i_synth/xfft_inst/non_floating_point.arch_b.xfft_inst/multichannel.multichannel_datapath[0].datapath/pe/mult_gen.Mult3/i_cmpy/three_mult_structure.use_dsp.i_dsp48/dsp_preadder_1.reg_mult1_preadd_d/dN.std_srl.shift_reg_reg[0][24]_0[7]
    SLICE_X7Y27          FDRE                                         r  bartlett_inst/fft_max_inst/your_instance_name/U0/i_synth/xfft_inst/non_floating_point.arch_b.xfft_inst/multichannel.multichannel_datapath[0].datapath/pe/mult_gen.Mult3/i_cmpy/three_mult_structure.use_dsp.i_dsp48/dsp_preadder_1.reg_mult1_preadd_d/dN.std_srl.shift_reg_reg[0][7]/D
  -------------------------------------------------------------------    -------------------

Slack:                    inf
  Source:                 bartlett_inst/fft_max_inst/your_instance_name/U0/i_synth/xfft_inst/non_floating_point.arch_b.xfft_inst/multichannel.multichannel_datapath[0].datapath/pe/mult_gen.Mult3/i_cmpy/three_mult_structure.use_dsp.i_dsp48/mult3_preadder_d_minus_a.mult3/mult/use_prim.iBdelx[0].iBdely[0].need_delay_line.Bdelay/dN.std_srl.shift_reg_reg[0][3]/C
                            (rising edge-triggered cell FDRE)
  Destination:            bartlett_inst/fft_max_inst/your_instance_name/U0/i_synth/xfft_inst/non_floating_point.arch_b.xfft_inst/multichannel.multichannel_datapath[0].datapath/pe/mult_gen.Mult3/i_cmpy/three_mult_structure.use_dsp.i_dsp48/mult3_preadder_d_minus_a.mult3/mult/use_prim.iBdelx[0].iBdely[0].need_delay_line.Bdelay/dN.std_srl.shift_reg_reg[1][3]/D
  Path Group:             (none)
  Path Type:              Min at Fast Process Corner
  Data Path Delay:        0.181ns  (logic 0.128ns (70.559%)  route 0.053ns (29.441%))
  Logic Levels:           1  (FDRE=1)

    Location             Delay type                Incr(ns)  Path(ns)    Netlist Resource(s)
  -------------------------------------------------------------------    -------------------
    SLICE_X9Y22          FDRE                         0.000     0.000 r  bartlett_inst/fft_max_inst/your_instance_name/U0/i_synth/xfft_inst/non_floating_point.arch_b.xfft_inst/multichannel.multichannel_datapath[0].datapath/pe/mult_gen.Mult3/i_cmpy/three_mult_structure.use_dsp.i_dsp48/mult3_preadder_d_minus_a.mult3/mult/use_prim.iBdelx[0].iBdely[0].need_delay_line.Bdelay/dN.std_srl.shift_reg_reg[0][3]/C
    SLICE_X9Y22          FDRE (Prop_fdre_C_Q)         0.128     0.128 r  bartlett_inst/fft_max_inst/your_instance_name/U0/i_synth/xfft_inst/non_floating_point.arch_b.xfft_inst/multichannel.multichannel_datapath[0].datapath/pe/mult_gen.Mult3/i_cmpy/three_mult_structure.use_dsp.i_dsp48/mult3_preadder_d_minus_a.mult3/mult/use_prim.iBdelx[0].iBdely[0].need_delay_line.Bdelay/dN.std_srl.shift_reg_reg[0][3]/Q
                         net (fo=1, routed)           0.053     0.181    bartlett_inst/fft_max_inst/your_instance_name/U0/i_synth/xfft_inst/non_floating_point.arch_b.xfft_inst/multichannel.multichannel_datapath[0].datapath/pe/mult_gen.Mult3/i_cmpy/three_mult_structure.use_dsp.i_dsp48/mult3_preadder_d_minus_a.mult3/mult/use_prim.iBdelx[0].iBdely[0].need_delay_line.Bdelay/dN.std_srl.shift_reg_reg_n_129_[0][3]
    SLICE_X9Y22          FDRE                                         r  bartlett_inst/fft_max_inst/your_instance_name/U0/i_synth/xfft_inst/non_floating_point.arch_b.xfft_inst/multichannel.multichannel_datapath[0].datapath/pe/mult_gen.Mult3/i_cmpy/three_mult_structure.use_dsp.i_dsp48/mult3_preadder_d_minus_a.mult3/mult/use_prim.iBdelx[0].iBdely[0].need_delay_line.Bdelay/dN.std_srl.shift_reg_reg[1][3]/D
  -------------------------------------------------------------------    -------------------

Slack:                    inf
  Source:                 bartlett_inst/fft_max_inst/your_instance_name/U0/i_synth/xfft_inst/non_floating_point.arch_b.xfft_inst/multichannel.multichannel_datapath[1].datapath/pe/mult_gen.Mult1/i_cmpy/three_mult_structure.use_dsp.i_dsp48/mult3_preadder_d_minus_a.mult3/mult/use_prim.iBdelx[0].iBdely[0].need_delay_line.Bdelay/dN.std_srl.shift_reg_reg[0][2]/C
                            (rising edge-triggered cell FDRE)
  Destination:            bartlett_inst/fft_max_inst/your_instance_name/U0/i_synth/xfft_inst/non_floating_point.arch_b.xfft_inst/multichannel.multichannel_datapath[1].datapath/pe/mult_gen.Mult1/i_cmpy/three_mult_structure.use_dsp.i_dsp48/mult3_preadder_d_minus_a.mult3/mult/use_prim.iBdelx[0].iBdely[0].need_delay_line.Bdelay/dN.std_srl.shift_reg_reg[1][2]/D
  Path Group:             (none)
  Path Type:              Min at Fast Process Corner
  Data Path Delay:        0.181ns  (logic 0.128ns (70.559%)  route 0.053ns (29.441%))
  Logic Levels:           1  (FDRE=1)

    Location             Delay type                Incr(ns)  Path(ns)    Netlist Resource(s)
  -------------------------------------------------------------------    -------------------
    SLICE_X57Y26         FDRE                         0.000     0.000 r  bartlett_inst/fft_max_inst/your_instance_name/U0/i_synth/xfft_inst/non_floating_point.arch_b.xfft_inst/multichannel.multichannel_datapath[1].datapath/pe/mult_gen.Mult1/i_cmpy/three_mult_structure.use_dsp.i_dsp48/mult3_preadder_d_minus_a.mult3/mult/use_prim.iBdelx[0].iBdely[0].need_delay_line.Bdelay/dN.std_srl.shift_reg_reg[0][2]/C
    SLICE_X57Y26         FDRE (Prop_fdre_C_Q)         0.128     0.128 r  bartlett_inst/fft_max_inst/your_instance_name/U0/i_synth/xfft_inst/non_floating_point.arch_b.xfft_inst/multichannel.multichannel_datapath[1].datapath/pe/mult_gen.Mult1/i_cmpy/three_mult_structure.use_dsp.i_dsp48/mult3_preadder_d_minus_a.mult3/mult/use_prim.iBdelx[0].iBdely[0].need_delay_line.Bdelay/dN.std_srl.shift_reg_reg[0][2]/Q
                         net (fo=1, routed)           0.053     0.181    bartlett_inst/fft_max_inst/your_instance_name/U0/i_synth/xfft_inst/non_floating_point.arch_b.xfft_inst/multichannel.multichannel_datapath[1].datapath/pe/mult_gen.Mult1/i_cmpy/three_mult_structure.use_dsp.i_dsp48/mult3_preadder_d_minus_a.mult3/mult/use_prim.iBdelx[0].iBdely[0].need_delay_line.Bdelay/dN.std_srl.shift_reg_reg_n_129_[0][2]
    SLICE_X57Y26         FDRE                                         r  bartlett_inst/fft_max_inst/your_instance_name/U0/i_synth/xfft_inst/non_floating_point.arch_b.xfft_inst/multichannel.multichannel_datapath[1].datapath/pe/mult_gen.Mult1/i_cmpy/three_mult_structure.use_dsp.i_dsp48/mult3_preadder_d_minus_a.mult3/mult/use_prim.iBdelx[0].iBdely[0].need_delay_line.Bdelay/dN.std_srl.shift_reg_reg[1][2]/D
  -------------------------------------------------------------------    -------------------





--------------------------------------------------------------------------------------
Path Group:  (none)
From Clock:  SPI_clk_2x_clk_wiz_0
  To Clock:  

Max Delay             4 Endpoints
Min Delay             4 Endpoints
--------------------------------------------------------------------------------------


Max Delay Paths
--------------------------------------------------------------------------------------
Slack:                    inf
  Source:                 clk_div_inst/clk_out_reg_reg/C
                            (rising edge-triggered cell FDRE clocked by SPI_clk_2x_clk_wiz_0  {rise@0.000ns fall@83.333ns period=166.667ns})
  Destination:            ADC_clk1
                            (output port)
  Path Group:             (none)
  Path Type:              Max at Slow Process Corner
  Data Path Delay:        5.207ns  (logic 3.055ns (58.679%)  route 2.151ns (41.321%))
  Logic Levels:           1  (OBUF=1)
  Clock Uncertainty:      0.605ns  ((TSJ^2 + DJ^2)^1/2) / 2 + PE
    Total System Jitter     (TSJ):    0.050ns
    Discrete Jitter          (DJ):    0.551ns
    Phase Error              (PE):    0.328ns

    Location             Delay type                Incr(ns)  Path(ns)    Netlist Resource(s)
  -------------------------------------------------------------------    -------------------
                         (clock SPI_clk_2x_clk_wiz_0 rise edge)
                                                      0.000     0.000 r  
    BUFGCTRL_X0Y0        BUFG                         0.000     0.000 r  clk_IBUF_BUFG_inst/O
                         net (fo=11692, routed)       1.575     1.575    clk_wiz_inst/inst/clk_in1
    MMCME2_ADV_X1Y0      MMCME2_ADV (Prop_mmcme2_adv_CLKIN1_CLKOUT1)
                                                     -3.333    -1.757 r  clk_wiz_inst/inst/mmcm_adv_inst/CLKOUT1
                         net (fo=1, routed)           1.661    -0.096    clk_wiz_inst/inst/SPI_clk_2x_clk_wiz_0
    BUFGCTRL_X0Y2        BUFG (Prop_bufg_I_O)         0.096    -0.000 r  clk_wiz_inst/inst/clkout2_buf/O
                         net (fo=2, routed)           1.639     1.639    clk_div_inst/SPI_clk_2x
    SLICE_X0Y2           FDRE                                         r  clk_div_inst/clk_out_reg_reg/C
  -------------------------------------------------------------------    -------------------
    SLICE_X0Y2           FDRE (Prop_fdre_C_Q)         0.456     2.095 r  clk_div_inst/clk_out_reg_reg/Q
                         net (fo=5, routed)           2.151     4.247    ADC_clk4_OBUF
    U14                  OBUF (Prop_obuf_I_O)         2.599     6.846 r  ADC_clk1_OBUF_inst/O
                         net (fo=0)                   0.000     6.846    ADC_clk1
    U14                                                               r  ADC_clk1 (OUT)
  -------------------------------------------------------------------    -------------------

Slack:                    inf
  Source:                 clk_div_inst/clk_out_reg_reg/C
                            (rising edge-triggered cell FDRE clocked by SPI_clk_2x_clk_wiz_0  {rise@0.000ns fall@83.333ns period=166.667ns})
  Destination:            ADC_clk2
                            (output port)
  Path Group:             (none)
  Path Type:              Max at Slow Process Corner
  Data Path Delay:        5.061ns  (logic 3.050ns (60.258%)  route 2.011ns (39.742%))
  Logic Levels:           1  (OBUF=1)
  Clock Uncertainty:      0.605ns  ((TSJ^2 + DJ^2)^1/2) / 2 + PE
    Total System Jitter     (TSJ):    0.050ns
    Discrete Jitter          (DJ):    0.551ns
    Phase Error              (PE):    0.328ns

    Location             Delay type                Incr(ns)  Path(ns)    Netlist Resource(s)
  -------------------------------------------------------------------    -------------------
                         (clock SPI_clk_2x_clk_wiz_0 rise edge)
                                                      0.000     0.000 r  
    BUFGCTRL_X0Y0        BUFG                         0.000     0.000 r  clk_IBUF_BUFG_inst/O
                         net (fo=11692, routed)       1.575     1.575    clk_wiz_inst/inst/clk_in1
    MMCME2_ADV_X1Y0      MMCME2_ADV (Prop_mmcme2_adv_CLKIN1_CLKOUT1)
                                                     -3.333    -1.757 r  clk_wiz_inst/inst/mmcm_adv_inst/CLKOUT1
                         net (fo=1, routed)           1.661    -0.096    clk_wiz_inst/inst/SPI_clk_2x_clk_wiz_0
    BUFGCTRL_X0Y2        BUFG (Prop_bufg_I_O)         0.096    -0.000 r  clk_wiz_inst/inst/clkout2_buf/O
                         net (fo=2, routed)           1.639     1.639    clk_div_inst/SPI_clk_2x
    SLICE_X0Y2           FDRE                                         r  clk_div_inst/clk_out_reg_reg/C
  -------------------------------------------------------------------    -------------------
    SLICE_X0Y2           FDRE (Prop_fdre_C_Q)         0.456     2.095 r  clk_div_inst/clk_out_reg_reg/Q
                         net (fo=5, routed)           2.011     4.107    ADC_clk4_OBUF
    V14                  OBUF (Prop_obuf_I_O)         2.594     6.700 r  ADC_clk2_OBUF_inst/O
                         net (fo=0)                   0.000     6.700    ADC_clk2
    V14                                                               r  ADC_clk2 (OUT)
  -------------------------------------------------------------------    -------------------

Slack:                    inf
  Source:                 clk_div_inst/clk_out_reg_reg/C
                            (rising edge-triggered cell FDRE clocked by SPI_clk_2x_clk_wiz_0  {rise@0.000ns fall@83.333ns period=166.667ns})
  Destination:            ADC_clk4
                            (output port)
  Path Group:             (none)
  Path Type:              Max at Slow Process Corner
  Data Path Delay:        4.774ns  (logic 3.054ns (63.962%)  route 1.721ns (36.038%))
  Logic Levels:           1  (OBUF=1)
  Clock Uncertainty:      0.605ns  ((TSJ^2 + DJ^2)^1/2) / 2 + PE
    Total System Jitter     (TSJ):    0.050ns
    Discrete Jitter          (DJ):    0.551ns
    Phase Error              (PE):    0.328ns

    Location             Delay type                Incr(ns)  Path(ns)    Netlist Resource(s)
  -------------------------------------------------------------------    -------------------
                         (clock SPI_clk_2x_clk_wiz_0 rise edge)
                                                      0.000     0.000 r  
    BUFGCTRL_X0Y0        BUFG                         0.000     0.000 r  clk_IBUF_BUFG_inst/O
                         net (fo=11692, routed)       1.575     1.575    clk_wiz_inst/inst/clk_in1
    MMCME2_ADV_X1Y0      MMCME2_ADV (Prop_mmcme2_adv_CLKIN1_CLKOUT1)
                                                     -3.333    -1.757 r  clk_wiz_inst/inst/mmcm_adv_inst/CLKOUT1
                         net (fo=1, routed)           1.661    -0.096    clk_wiz_inst/inst/SPI_clk_2x_clk_wiz_0
    BUFGCTRL_X0Y2        BUFG (Prop_bufg_I_O)         0.096    -0.000 r  clk_wiz_inst/inst/clkout2_buf/O
                         net (fo=2, routed)           1.639     1.639    clk_div_inst/SPI_clk_2x
    SLICE_X0Y2           FDRE                                         r  clk_div_inst/clk_out_reg_reg/C
  -------------------------------------------------------------------    -------------------
    SLICE_X0Y2           FDRE (Prop_fdre_C_Q)         0.456     2.095 r  clk_div_inst/clk_out_reg_reg/Q
                         net (fo=5, routed)           1.721     3.816    ADC_clk4_OBUF
    U16                  OBUF (Prop_obuf_I_O)         2.598     6.414 r  ADC_clk4_OBUF_inst/O
                         net (fo=0)                   0.000     6.414    ADC_clk4
    U16                                                               r  ADC_clk4 (OUT)
  -------------------------------------------------------------------    -------------------

Slack:                    inf
  Source:                 clk_div_inst/clk_out_reg_reg/C
                            (rising edge-triggered cell FDRE clocked by SPI_clk_2x_clk_wiz_0  {rise@0.000ns fall@83.333ns period=166.667ns})
  Destination:            ADC_clk3
                            (output port)
  Path Group:             (none)
  Path Type:              Max at Slow Process Corner
  Data Path Delay:        4.611ns  (logic 3.053ns (66.210%)  route 1.558ns (33.790%))
  Logic Levels:           1  (OBUF=1)
  Clock Uncertainty:      0.605ns  ((TSJ^2 + DJ^2)^1/2) / 2 + PE
    Total System Jitter     (TSJ):    0.050ns
    Discrete Jitter          (DJ):    0.551ns
    Phase Error              (PE):    0.328ns

    Location             Delay type                Incr(ns)  Path(ns)    Netlist Resource(s)
  -------------------------------------------------------------------    -------------------
                         (clock SPI_clk_2x_clk_wiz_0 rise edge)
                                                      0.000     0.000 r  
    BUFGCTRL_X0Y0        BUFG                         0.000     0.000 r  clk_IBUF_BUFG_inst/O
                         net (fo=11692, routed)       1.575     1.575    clk_wiz_inst/inst/clk_in1
    MMCME2_ADV_X1Y0      MMCME2_ADV (Prop_mmcme2_adv_CLKIN1_CLKOUT1)
                                                     -3.333    -1.757 r  clk_wiz_inst/inst/mmcm_adv_inst/CLKOUT1
                         net (fo=1, routed)           1.661    -0.096    clk_wiz_inst/inst/SPI_clk_2x_clk_wiz_0
    BUFGCTRL_X0Y2        BUFG (Prop_bufg_I_O)         0.096    -0.000 r  clk_wiz_inst/inst/clkout2_buf/O
                         net (fo=2, routed)           1.639     1.639    clk_div_inst/SPI_clk_2x
    SLICE_X0Y2           FDRE                                         r  clk_div_inst/clk_out_reg_reg/C
  -------------------------------------------------------------------    -------------------
    SLICE_X0Y2           FDRE (Prop_fdre_C_Q)         0.456     2.095 r  clk_div_inst/clk_out_reg_reg/Q
                         net (fo=5, routed)           1.558     3.654    ADC_clk4_OBUF
    V13                  OBUF (Prop_obuf_I_O)         2.597     6.251 r  ADC_clk3_OBUF_inst/O
                         net (fo=0)                   0.000     6.251    ADC_clk3
    V13                                                               r  ADC_clk3 (OUT)
  -------------------------------------------------------------------    -------------------





Min Delay Paths
--------------------------------------------------------------------------------------
Slack:                    inf
  Source:                 clk_div_inst/clk_out_reg_reg/C
                            (rising edge-triggered cell FDRE clocked by SPI_clk_2x_clk_wiz_0  {rise@0.000ns fall@83.333ns period=166.667ns})
  Destination:            ADC_clk3
                            (output port)
  Path Group:             (none)
  Path Type:              Min at Fast Process Corner
  Data Path Delay:        1.566ns  (logic 1.255ns (80.136%)  route 0.311ns (19.864%))
  Logic Levels:           1  (OBUF=1)
  Clock Uncertainty:      0.605ns  ((TSJ^2 + DJ^2)^1/2) / 2 + PE
    Total System Jitter     (TSJ):    0.050ns
    Discrete Jitter          (DJ):    0.551ns
    Phase Error              (PE):    0.328ns

    Location             Delay type                Incr(ns)  Path(ns)    Netlist Resource(s)
  -------------------------------------------------------------------    -------------------
                         (clock SPI_clk_2x_clk_wiz_0 rise edge)
                                                      0.000     0.000 r  
    BUFGCTRL_X0Y0        BUFG                         0.000     0.000 r  clk_IBUF_BUFG_inst/O
                         net (fo=11692, routed)       0.549     0.549    clk_wiz_inst/inst/clk_in1
    MMCME2_ADV_X1Y0      MMCME2_ADV (Prop_mmcme2_adv_CLKIN1_CLKOUT1)
                                                     -1.061    -0.512 r  clk_wiz_inst/inst/mmcm_adv_inst/CLKOUT1
                         net (fo=1, routed)           0.486    -0.026    clk_wiz_inst/inst/SPI_clk_2x_clk_wiz_0
    BUFGCTRL_X0Y2        BUFG (Prop_bufg_I_O)         0.026     0.000 r  clk_wiz_inst/inst/clkout2_buf/O
                         net (fo=2, routed)           0.596     0.596    clk_div_inst/SPI_clk_2x
    SLICE_X0Y2           FDRE                                         r  clk_div_inst/clk_out_reg_reg/C
  -------------------------------------------------------------------    -------------------
    SLICE_X0Y2           FDRE (Prop_fdre_C_Q)         0.141     0.737 r  clk_div_inst/clk_out_reg_reg/Q
                         net (fo=5, routed)           0.311     1.048    ADC_clk4_OBUF
    V13                  OBUF (Prop_obuf_I_O)         1.114     2.162 r  ADC_clk3_OBUF_inst/O
                         net (fo=0)                   0.000     2.162    ADC_clk3
    V13                                                               r  ADC_clk3 (OUT)
  -------------------------------------------------------------------    -------------------

Slack:                    inf
  Source:                 clk_div_inst/clk_out_reg_reg/C
                            (rising edge-triggered cell FDRE clocked by SPI_clk_2x_clk_wiz_0  {rise@0.000ns fall@83.333ns period=166.667ns})
  Destination:            ADC_clk4
                            (output port)
  Path Group:             (none)
  Path Type:              Min at Fast Process Corner
  Data Path Delay:        1.625ns  (logic 1.256ns (77.263%)  route 0.370ns (22.737%))
  Logic Levels:           1  (OBUF=1)
  Clock Uncertainty:      0.605ns  ((TSJ^2 + DJ^2)^1/2) / 2 + PE
    Total System Jitter     (TSJ):    0.050ns
    Discrete Jitter          (DJ):    0.551ns
    Phase Error              (PE):    0.328ns

    Location             Delay type                Incr(ns)  Path(ns)    Netlist Resource(s)
  -------------------------------------------------------------------    -------------------
                         (clock SPI_clk_2x_clk_wiz_0 rise edge)
                                                      0.000     0.000 r  
    BUFGCTRL_X0Y0        BUFG                         0.000     0.000 r  clk_IBUF_BUFG_inst/O
                         net (fo=11692, routed)       0.549     0.549    clk_wiz_inst/inst/clk_in1
    MMCME2_ADV_X1Y0      MMCME2_ADV (Prop_mmcme2_adv_CLKIN1_CLKOUT1)
                                                     -1.061    -0.512 r  clk_wiz_inst/inst/mmcm_adv_inst/CLKOUT1
                         net (fo=1, routed)           0.486    -0.026    clk_wiz_inst/inst/SPI_clk_2x_clk_wiz_0
    BUFGCTRL_X0Y2        BUFG (Prop_bufg_I_O)         0.026     0.000 r  clk_wiz_inst/inst/clkout2_buf/O
                         net (fo=2, routed)           0.596     0.596    clk_div_inst/SPI_clk_2x
    SLICE_X0Y2           FDRE                                         r  clk_div_inst/clk_out_reg_reg/C
  -------------------------------------------------------------------    -------------------
    SLICE_X0Y2           FDRE (Prop_fdre_C_Q)         0.141     0.737 r  clk_div_inst/clk_out_reg_reg/Q
                         net (fo=5, routed)           0.370     1.106    ADC_clk4_OBUF
    U16                  OBUF (Prop_obuf_I_O)         1.115     2.221 r  ADC_clk4_OBUF_inst/O
                         net (fo=0)                   0.000     2.221    ADC_clk4
    U16                                                               r  ADC_clk4 (OUT)
  -------------------------------------------------------------------    -------------------

Slack:                    inf
  Source:                 clk_div_inst/clk_out_reg_reg/C
                            (rising edge-triggered cell FDRE clocked by SPI_clk_2x_clk_wiz_0  {rise@0.000ns fall@83.333ns period=166.667ns})
  Destination:            ADC_clk2
                            (output port)
  Path Group:             (none)
  Path Type:              Min at Fast Process Corner
  Data Path Delay:        1.738ns  (logic 1.252ns (72.019%)  route 0.486ns (27.981%))
  Logic Levels:           1  (OBUF=1)
  Clock Uncertainty:      0.605ns  ((TSJ^2 + DJ^2)^1/2) / 2 + PE
    Total System Jitter     (TSJ):    0.050ns
    Discrete Jitter          (DJ):    0.551ns
    Phase Error              (PE):    0.328ns

    Location             Delay type                Incr(ns)  Path(ns)    Netlist Resource(s)
  -------------------------------------------------------------------    -------------------
                         (clock SPI_clk_2x_clk_wiz_0 rise edge)
                                                      0.000     0.000 r  
    BUFGCTRL_X0Y0        BUFG                         0.000     0.000 r  clk_IBUF_BUFG_inst/O
                         net (fo=11692, routed)       0.549     0.549    clk_wiz_inst/inst/clk_in1
    MMCME2_ADV_X1Y0      MMCME2_ADV (Prop_mmcme2_adv_CLKIN1_CLKOUT1)
                                                     -1.061    -0.512 r  clk_wiz_inst/inst/mmcm_adv_inst/CLKOUT1
                         net (fo=1, routed)           0.486    -0.026    clk_wiz_inst/inst/SPI_clk_2x_clk_wiz_0
    BUFGCTRL_X0Y2        BUFG (Prop_bufg_I_O)         0.026     0.000 r  clk_wiz_inst/inst/clkout2_buf/O
                         net (fo=2, routed)           0.596     0.596    clk_div_inst/SPI_clk_2x
    SLICE_X0Y2           FDRE                                         r  clk_div_inst/clk_out_reg_reg/C
  -------------------------------------------------------------------    -------------------
    SLICE_X0Y2           FDRE (Prop_fdre_C_Q)         0.141     0.737 r  clk_div_inst/clk_out_reg_reg/Q
                         net (fo=5, routed)           0.486     1.223    ADC_clk4_OBUF
    V14                  OBUF (Prop_obuf_I_O)         1.111     2.334 r  ADC_clk2_OBUF_inst/O
                         net (fo=0)                   0.000     2.334    ADC_clk2
    V14                                                               r  ADC_clk2 (OUT)
  -------------------------------------------------------------------    -------------------

Slack:                    inf
  Source:                 clk_div_inst/clk_out_reg_reg/C
                            (rising edge-triggered cell FDRE clocked by SPI_clk_2x_clk_wiz_0  {rise@0.000ns fall@83.333ns period=166.667ns})
  Destination:            ADC_clk1
                            (output port)
  Path Group:             (none)
  Path Type:              Min at Fast Process Corner
  Data Path Delay:        1.797ns  (logic 1.257ns (69.978%)  route 0.539ns (30.022%))
  Logic Levels:           1  (OBUF=1)
  Clock Uncertainty:      0.605ns  ((TSJ^2 + DJ^2)^1/2) / 2 + PE
    Total System Jitter     (TSJ):    0.050ns
    Discrete Jitter          (DJ):    0.551ns
    Phase Error              (PE):    0.328ns

    Location             Delay type                Incr(ns)  Path(ns)    Netlist Resource(s)
  -------------------------------------------------------------------    -------------------
                         (clock SPI_clk_2x_clk_wiz_0 rise edge)
                                                      0.000     0.000 r  
    BUFGCTRL_X0Y0        BUFG                         0.000     0.000 r  clk_IBUF_BUFG_inst/O
                         net (fo=11692, routed)       0.549     0.549    clk_wiz_inst/inst/clk_in1
    MMCME2_ADV_X1Y0      MMCME2_ADV (Prop_mmcme2_adv_CLKIN1_CLKOUT1)
                                                     -1.061    -0.512 r  clk_wiz_inst/inst/mmcm_adv_inst/CLKOUT1
                         net (fo=1, routed)           0.486    -0.026    clk_wiz_inst/inst/SPI_clk_2x_clk_wiz_0
    BUFGCTRL_X0Y2        BUFG (Prop_bufg_I_O)         0.026     0.000 r  clk_wiz_inst/inst/clkout2_buf/O
                         net (fo=2, routed)           0.596     0.596    clk_div_inst/SPI_clk_2x
    SLICE_X0Y2           FDRE                                         r  clk_div_inst/clk_out_reg_reg/C
  -------------------------------------------------------------------    -------------------
    SLICE_X0Y2           FDRE (Prop_fdre_C_Q)         0.141     0.737 r  clk_div_inst/clk_out_reg_reg/Q
                         net (fo=5, routed)           0.539     1.276    ADC_clk4_OBUF
    U14                  OBUF (Prop_obuf_I_O)         1.116     2.392 r  ADC_clk1_OBUF_inst/O
                         net (fo=0)                   0.000     2.392    ADC_clk1
    U14                                                               r  ADC_clk1 (OUT)
  -------------------------------------------------------------------    -------------------





--------------------------------------------------------------------------------------
Path Group:  (none)
From Clock:  UART_clk_clk_wiz_0
  To Clock:  

Max Delay             1 Endpoint
Min Delay             1 Endpoint
--------------------------------------------------------------------------------------


Max Delay Paths
--------------------------------------------------------------------------------------
Slack:                    inf
  Source:                 UART_inst/UART_TX_inst/UART_TX_CONTROLLER_inst/FSM_onehot_current_state_reg[5]/C
                            (rising edge-triggered cell FDCE clocked by UART_clk_clk_wiz_0  {rise@0.000ns fall@86.806ns period=173.611ns})
  Destination:            UART_tx
                            (output port)
  Path Group:             (none)
  Path Type:              Max at Slow Process Corner
  Data Path Delay:        9.628ns  (logic 3.670ns (38.117%)  route 5.958ns (61.883%))
  Logic Levels:           4  (LUT3=1 LUT5=1 LUT6=1 OBUF=1)
  Clock Uncertainty:      0.607ns  ((TSJ^2 + DJ^2)^1/2) / 2 + PE
    Total System Jitter     (TSJ):    0.050ns
    Discrete Jitter          (DJ):    0.555ns
    Phase Error              (PE):    0.328ns

    Location             Delay type                Incr(ns)  Path(ns)    Netlist Resource(s)
  -------------------------------------------------------------------    -------------------
                         (clock UART_clk_clk_wiz_0 rise edge)
                                                      0.000     0.000 r  
    BUFGCTRL_X0Y0        BUFG                         0.000     0.000 r  clk_IBUF_BUFG_inst/O
                         net (fo=11692, routed)       1.575     1.575    clk_wiz_inst/inst/clk_in1
    MMCME2_ADV_X1Y0      MMCME2_ADV (Prop_mmcme2_adv_CLKIN1_CLKOUT0)
                                                     -3.333    -1.757 r  clk_wiz_inst/inst/mmcm_adv_inst/CLKOUT0
                         net (fo=1, routed)           1.661    -0.096    clk_wiz_inst/inst/UART_clk_clk_wiz_0
    BUFGCTRL_X0Y1        BUFG (Prop_bufg_I_O)         0.096    -0.000 r  clk_wiz_inst/inst/clkout1_buf/O
                         net (fo=83, routed)          1.618     1.618    UART_inst/UART_TX_inst/UART_TX_CONTROLLER_inst/UART_clk
    SLICE_X5Y63          FDCE                                         r  UART_inst/UART_TX_inst/UART_TX_CONTROLLER_inst/FSM_onehot_current_state_reg[5]/C
  -------------------------------------------------------------------    -------------------
    SLICE_X5Y63          FDCE (Prop_fdce_C_Q)         0.456     2.074 r  UART_inst/UART_TX_inst/UART_TX_CONTROLLER_inst/FSM_onehot_current_state_reg[5]/Q
                         net (fo=6, routed)           1.068     3.142    UART_inst/UART_TX_inst/UART_TX_CONTROLLER_inst/FSM_onehot_current_state_reg[5]_0
    SLICE_X5Y63          LUT3 (Prop_lut3_I1_O)        0.150     3.292 r  UART_inst/UART_TX_inst/UART_TX_CONTROLLER_inst/UART_tx_OBUF_inst_i_13/O
                         net (fo=1, routed)           0.605     3.897    UART_inst/UART_TX_inst/UART_TX_CONTROLLER_inst/UART_tx_OBUF_inst_i_13_n_0
    SLICE_X5Y62          LUT6 (Prop_lut6_I0_O)        0.326     4.223 r  UART_inst/UART_TX_inst/UART_TX_CONTROLLER_inst/UART_tx_OBUF_inst_i_6/O
                         net (fo=1, routed)           0.722     4.945    UART_inst/UART_TX_inst/UART_TX_CONTROLLER_inst/UART_tx_OBUF_inst_i_6_n_0
    SLICE_X3Y62          LUT5 (Prop_lut5_I4_O)        0.124     5.069 r  UART_inst/UART_TX_inst/UART_TX_CONTROLLER_inst/UART_tx_OBUF_inst_i_1/O
                         net (fo=1, routed)           3.563     8.632    UART_tx_OBUF
    V15                  OBUF (Prop_obuf_I_O)         2.614    11.246 r  UART_tx_OBUF_inst/O
                         net (fo=0)                   0.000    11.246    UART_tx
    V15                                                               r  UART_tx (OUT)
  -------------------------------------------------------------------    -------------------





Min Delay Paths
--------------------------------------------------------------------------------------
Slack:                    inf
  Source:                 UART_inst/UART_TX_inst/UART_TX_DATAPATH_inst/tx_bits_register_reg[8]/C
                            (rising edge-triggered cell FDPE clocked by UART_clk_clk_wiz_0  {rise@0.000ns fall@86.806ns period=173.611ns})
  Destination:            UART_tx
                            (output port)
  Path Group:             (none)
  Path Type:              Min at Fast Process Corner
  Data Path Delay:        2.709ns  (logic 1.362ns (50.273%)  route 1.347ns (49.727%))
  Logic Levels:           3  (LUT5=1 LUT6=1 OBUF=1)
  Clock Uncertainty:      0.607ns  ((TSJ^2 + DJ^2)^1/2) / 2 + PE
    Total System Jitter     (TSJ):    0.050ns
    Discrete Jitter          (DJ):    0.555ns
    Phase Error              (PE):    0.328ns

    Location             Delay type                Incr(ns)  Path(ns)    Netlist Resource(s)
  -------------------------------------------------------------------    -------------------
                         (clock UART_clk_clk_wiz_0 rise edge)
                                                      0.000     0.000 r  
    BUFGCTRL_X0Y0        BUFG                         0.000     0.000 r  clk_IBUF_BUFG_inst/O
                         net (fo=11692, routed)       0.549     0.549    clk_wiz_inst/inst/clk_in1
    MMCME2_ADV_X1Y0      MMCME2_ADV (Prop_mmcme2_adv_CLKIN1_CLKOUT0)
                                                     -1.061    -0.512 r  clk_wiz_inst/inst/mmcm_adv_inst/CLKOUT0
                         net (fo=1, routed)           0.486    -0.026    clk_wiz_inst/inst/UART_clk_clk_wiz_0
    BUFGCTRL_X0Y1        BUFG (Prop_bufg_I_O)         0.026     0.000 r  clk_wiz_inst/inst/clkout1_buf/O
                         net (fo=83, routed)          0.588     0.588    UART_inst/UART_TX_inst/UART_TX_DATAPATH_inst/UART_clk
    SLICE_X5Y62          FDPE                                         r  UART_inst/UART_TX_inst/UART_TX_DATAPATH_inst/tx_bits_register_reg[8]/C
  -------------------------------------------------------------------    -------------------
    SLICE_X5Y62          FDPE (Prop_fdpe_C_Q)         0.141     0.729 r  UART_inst/UART_TX_inst/UART_TX_DATAPATH_inst/tx_bits_register_reg[8]/Q
                         net (fo=1, routed)           0.111     0.839    UART_inst/UART_TX_inst/UART_TX_CONTROLLER_inst/Q[5]
    SLICE_X3Y62          LUT6 (Prop_lut6_I2_O)        0.045     0.884 r  UART_inst/UART_TX_inst/UART_TX_CONTROLLER_inst/UART_tx_OBUF_inst_i_4/O
                         net (fo=1, routed)           0.082     0.967    UART_inst/UART_TX_inst/UART_TX_CONTROLLER_inst/UART_tx_OBUF_inst_i_4_n_0
    SLICE_X3Y62          LUT5 (Prop_lut5_I2_O)        0.045     1.012 r  UART_inst/UART_TX_inst/UART_TX_CONTROLLER_inst/UART_tx_OBUF_inst_i_1/O
                         net (fo=1, routed)           1.154     2.166    UART_tx_OBUF
    V15                  OBUF (Prop_obuf_I_O)         1.131     3.297 r  UART_tx_OBUF_inst/O
                         net (fo=0)                   0.000     3.297    UART_tx
    V15                                                               r  UART_tx (OUT)
  -------------------------------------------------------------------    -------------------





--------------------------------------------------------------------------------------
Path Group:  (none)
From Clock:  clkfbout_clk_wiz_0
  To Clock:  

Max Delay             1 Endpoint
Min Delay             1 Endpoint
--------------------------------------------------------------------------------------


Max Delay Paths
--------------------------------------------------------------------------------------
Slack:                    inf
  Source:                 clk_wiz_inst/inst/mmcm_adv_inst/CLKFBOUT
                            (clock source 'clkfbout_clk_wiz_0'  {rise@0.000ns fall@25.000ns period=50.000ns})
  Destination:            clk_wiz_inst/inst/mmcm_adv_inst/CLKFBIN
  Path Group:             (none)
  Path Type:              Max at Slow Process Corner
  Data Path Delay:        3.333ns  (logic 0.096ns (2.880%)  route 3.237ns (97.120%))
  Logic Levels:           1  (BUFG=1)
  Clock Uncertainty:      0.450ns  ((TSJ^2 + DJ^2)^1/2) / 2 + PE
    Total System Jitter     (TSJ):    0.050ns
    Discrete Jitter          (DJ):    0.238ns
    Phase Error              (PE):    0.328ns

    Location             Delay type                Incr(ns)  Path(ns)    Netlist Resource(s)
  -------------------------------------------------------------------    -------------------
                         (clock clkfbout_clk_wiz_0 fall edge)
                                                     25.000    25.000 f  
    BUFGCTRL_X0Y0        BUFG                         0.000    25.000 f  clk_IBUF_BUFG_inst/O
                         net (fo=11692, routed)       1.575    26.575    clk_wiz_inst/inst/clk_in1
  -------------------------------------------------------------------    -------------------
    MMCME2_ADV_X1Y0      MMCME2_ADV (Prop_mmcme2_adv_CLKIN1_CLKFBOUT)
                                                     -3.333    23.243 f  clk_wiz_inst/inst/mmcm_adv_inst/CLKFBOUT
                         net (fo=1, routed)           1.661    24.904    clk_wiz_inst/inst/clkfbout_clk_wiz_0
    BUFGCTRL_X0Y3        BUFG (Prop_bufg_I_O)         0.096    25.000 f  clk_wiz_inst/inst/clkf_buf/O
                         net (fo=1, routed)           1.575    26.575    clk_wiz_inst/inst/clkfbout_buf_clk_wiz_0
    MMCME2_ADV_X1Y0      MMCME2_ADV                                   f  clk_wiz_inst/inst/mmcm_adv_inst/CLKFBIN
  -------------------------------------------------------------------    -------------------





Min Delay Paths
--------------------------------------------------------------------------------------
Slack:                    inf
  Source:                 clk_wiz_inst/inst/mmcm_adv_inst/CLKFBOUT
                            (clock source 'clkfbout_clk_wiz_0'  {rise@0.000ns fall@25.000ns period=50.000ns})
  Destination:            clk_wiz_inst/inst/mmcm_adv_inst/CLKFBIN
  Path Group:             (none)
  Path Type:              Min at Fast Process Corner
  Data Path Delay:        1.061ns  (logic 0.026ns (2.452%)  route 1.035ns (97.548%))
  Logic Levels:           1  (BUFG=1)
  Clock Uncertainty:      0.450ns  ((TSJ^2 + DJ^2)^1/2) / 2 + PE
    Total System Jitter     (TSJ):    0.050ns
    Discrete Jitter          (DJ):    0.238ns
    Phase Error              (PE):    0.328ns

    Location             Delay type                Incr(ns)  Path(ns)    Netlist Resource(s)
  -------------------------------------------------------------------    -------------------
                         (clock clkfbout_clk_wiz_0 rise edge)
                                                      0.000     0.000 r  
    BUFGCTRL_X0Y0        BUFG                         0.000     0.000 r  clk_IBUF_BUFG_inst/O
                         net (fo=11692, routed)       0.549     0.549    clk_wiz_inst/inst/clk_in1
  -------------------------------------------------------------------    -------------------
    MMCME2_ADV_X1Y0      MMCME2_ADV (Prop_mmcme2_adv_CLKIN1_CLKFBOUT)
                                                     -1.061    -0.512 r  clk_wiz_inst/inst/mmcm_adv_inst/CLKFBOUT
                         net (fo=1, routed)           0.486    -0.026    clk_wiz_inst/inst/clkfbout_clk_wiz_0
    BUFGCTRL_X0Y3        BUFG (Prop_bufg_I_O)         0.026     0.000 r  clk_wiz_inst/inst/clkf_buf/O
                         net (fo=1, routed)           0.549     0.549    clk_wiz_inst/inst/clkfbout_buf_clk_wiz_0
    MMCME2_ADV_X1Y0      MMCME2_ADV                                   r  clk_wiz_inst/inst/mmcm_adv_inst/CLKFBIN
  -------------------------------------------------------------------    -------------------





--------------------------------------------------------------------------------------
Path Group:  (none)
From Clock:  
  To Clock:  SPI_clk_2x_clk_wiz_0

Max Delay             2 Endpoints
Min Delay             2 Endpoints
--------------------------------------------------------------------------------------


Max Delay Paths
--------------------------------------------------------------------------------------
Slack:                    inf
  Source:                 reset_b
                            (input port)
  Destination:            clk_div_inst/count_reg[0]/D
                            (rising edge-triggered cell FDRE clocked by SPI_clk_2x_clk_wiz_0  {rise@0.000ns fall@83.333ns period=166.667ns})
  Path Group:             (none)
  Path Type:              Setup (Max at Slow Process Corner)
  Data Path Delay:        2.722ns  (logic 1.089ns (39.998%)  route 1.633ns (60.002%))
  Logic Levels:           2  (IBUF=1 LUT2=1)
  Clock Path Skew:        1.520ns (DCD - SCD + CPR)
    Destination Clock Delay (DCD):    1.520ns
    Source Clock Delay      (SCD):    0.000ns
    Clock Pessimism Removal (CPR):    0.000ns
  Clock Uncertainty:      0.605ns  ((TSJ^2 + DJ^2)^1/2) / 2 + PE
    Total System Jitter     (TSJ):    0.050ns
    Discrete Jitter          (DJ):    0.551ns
    Phase Error              (PE):    0.328ns

    Location             Delay type                Incr(ns)  Path(ns)    Netlist Resource(s)
  -------------------------------------------------------------------    -------------------
    W18                                               0.000     0.000 r  reset_b (IN)
                         net (fo=0)                   0.000     0.000    reset_b
    W18                  IBUF (Prop_ibuf_I_O)         0.939     0.939 r  reset_b_IBUF_inst/O
                         net (fo=19, routed)          1.633     2.572    clk_div_inst/reset_b_IBUF
    SLICE_X0Y2           LUT2 (Prop_lut2_I1_O)        0.150     2.722 r  clk_div_inst/count[0]_i_1/O
                         net (fo=1, routed)           0.000     2.722    clk_div_inst/count[0]_i_1_n_0
    SLICE_X0Y2           FDRE                                         r  clk_div_inst/count_reg[0]/D
  -------------------------------------------------------------------    -------------------

                         (clock SPI_clk_2x_clk_wiz_0 rise edge)
                                                      0.000     0.000 r  
    BUFGCTRL_X0Y0        BUFG                         0.000     0.000 r  clk_IBUF_BUFG_inst/O
                         net (fo=11692, routed)       1.457     1.457    clk_wiz_inst/inst/clk_in1
    MMCME2_ADV_X1Y0      MMCME2_ADV (Prop_mmcme2_adv_CLKIN1_CLKOUT1)
                                                     -3.129    -1.672 r  clk_wiz_inst/inst/mmcm_adv_inst/CLKOUT1
                         net (fo=1, routed)           1.581    -0.091    clk_wiz_inst/inst/SPI_clk_2x_clk_wiz_0
    BUFGCTRL_X0Y2        BUFG (Prop_bufg_I_O)         0.091     0.000 r  clk_wiz_inst/inst/clkout2_buf/O
                         net (fo=2, routed)           1.520     1.520    clk_div_inst/SPI_clk_2x
    SLICE_X0Y2           FDRE                                         r  clk_div_inst/count_reg[0]/C

Slack:                    inf
  Source:                 reset_b
                            (input port)
  Destination:            clk_div_inst/clk_out_reg_reg/D
                            (rising edge-triggered cell FDRE clocked by SPI_clk_2x_clk_wiz_0  {rise@0.000ns fall@83.333ns period=166.667ns})
  Path Group:             (none)
  Path Type:              Setup (Max at Slow Process Corner)
  Data Path Delay:        2.696ns  (logic 1.063ns (39.419%)  route 1.633ns (60.581%))
  Logic Levels:           2  (IBUF=1 LUT3=1)
  Clock Path Skew:        1.520ns (DCD - SCD + CPR)
    Destination Clock Delay (DCD):    1.520ns
    Source Clock Delay      (SCD):    0.000ns
    Clock Pessimism Removal (CPR):    0.000ns
  Clock Uncertainty:      0.605ns  ((TSJ^2 + DJ^2)^1/2) / 2 + PE
    Total System Jitter     (TSJ):    0.050ns
    Discrete Jitter          (DJ):    0.551ns
    Phase Error              (PE):    0.328ns

    Location             Delay type                Incr(ns)  Path(ns)    Netlist Resource(s)
  -------------------------------------------------------------------    -------------------
    W18                                               0.000     0.000 r  reset_b (IN)
                         net (fo=0)                   0.000     0.000    reset_b
    W18                  IBUF (Prop_ibuf_I_O)         0.939     0.939 r  reset_b_IBUF_inst/O
                         net (fo=19, routed)          1.633     2.572    clk_div_inst/reset_b_IBUF
    SLICE_X0Y2           LUT3 (Prop_lut3_I2_O)        0.124     2.696 r  clk_div_inst/clk_out_reg_i_1/O
                         net (fo=1, routed)           0.000     2.696    clk_div_inst/clk_out_reg_i_1_n_0
    SLICE_X0Y2           FDRE                                         r  clk_div_inst/clk_out_reg_reg/D
  -------------------------------------------------------------------    -------------------

                         (clock SPI_clk_2x_clk_wiz_0 rise edge)
                                                      0.000     0.000 r  
    BUFGCTRL_X0Y0        BUFG                         0.000     0.000 r  clk_IBUF_BUFG_inst/O
                         net (fo=11692, routed)       1.457     1.457    clk_wiz_inst/inst/clk_in1
    MMCME2_ADV_X1Y0      MMCME2_ADV (Prop_mmcme2_adv_CLKIN1_CLKOUT1)
                                                     -3.129    -1.672 r  clk_wiz_inst/inst/mmcm_adv_inst/CLKOUT1
                         net (fo=1, routed)           1.581    -0.091    clk_wiz_inst/inst/SPI_clk_2x_clk_wiz_0
    BUFGCTRL_X0Y2        BUFG (Prop_bufg_I_O)         0.091     0.000 r  clk_wiz_inst/inst/clkout2_buf/O
                         net (fo=2, routed)           1.520     1.520    clk_div_inst/SPI_clk_2x
    SLICE_X0Y2           FDRE                                         r  clk_div_inst/clk_out_reg_reg/C





Min Delay Paths
--------------------------------------------------------------------------------------
Slack:                    inf
  Source:                 reset_b
                            (input port)
  Destination:            clk_div_inst/clk_out_reg_reg/D
                            (rising edge-triggered cell FDRE clocked by SPI_clk_2x_clk_wiz_0  {rise@0.000ns fall@83.333ns period=166.667ns})
  Path Group:             (none)
  Path Type:              Hold (Min at Fast Process Corner)
  Data Path Delay:        0.872ns  (logic 0.213ns (24.408%)  route 0.659ns (75.592%))
  Logic Levels:           2  (IBUF=1 LUT3=1)
  Clock Path Skew:        0.867ns (DCD - SCD - CPR)
    Destination Clock Delay (DCD):    0.867ns
    Source Clock Delay      (SCD):    0.000ns
    Clock Pessimism Removal (CPR):    -0.000ns

    Location             Delay type                Incr(ns)  Path(ns)    Netlist Resource(s)
  -------------------------------------------------------------------    -------------------
    W18                                               0.000     0.000 r  reset_b (IN)
                         net (fo=0)                   0.000     0.000    reset_b
    W18                  IBUF (Prop_ibuf_I_O)         0.168     0.168 r  reset_b_IBUF_inst/O
                         net (fo=19, routed)          0.659     0.827    clk_div_inst/reset_b_IBUF
    SLICE_X0Y2           LUT3 (Prop_lut3_I2_O)        0.045     0.872 r  clk_div_inst/clk_out_reg_i_1/O
                         net (fo=1, routed)           0.000     0.872    clk_div_inst/clk_out_reg_i_1_n_0
    SLICE_X0Y2           FDRE                                         r  clk_div_inst/clk_out_reg_reg/D
  -------------------------------------------------------------------    -------------------

                         (clock SPI_clk_2x_clk_wiz_0 rise edge)
                                                      0.000     0.000 r  
    BUFGCTRL_X0Y0        BUFG                         0.000     0.000 r  clk_IBUF_BUFG_inst/O
                         net (fo=11692, routed)       0.817     0.817    clk_wiz_inst/inst/clk_in1
    MMCME2_ADV_X1Y0      MMCME2_ADV (Prop_mmcme2_adv_CLKIN1_CLKOUT1)
                                                     -1.375    -0.559 r  clk_wiz_inst/inst/mmcm_adv_inst/CLKOUT1
                         net (fo=1, routed)           0.530    -0.029    clk_wiz_inst/inst/SPI_clk_2x_clk_wiz_0
    BUFGCTRL_X0Y2        BUFG (Prop_bufg_I_O)         0.029     0.000 r  clk_wiz_inst/inst/clkout2_buf/O
                         net (fo=2, routed)           0.867     0.867    clk_div_inst/SPI_clk_2x
    SLICE_X0Y2           FDRE                                         r  clk_div_inst/clk_out_reg_reg/C

Slack:                    inf
  Source:                 reset_b
                            (input port)
  Destination:            clk_div_inst/count_reg[0]/D
                            (rising edge-triggered cell FDRE clocked by SPI_clk_2x_clk_wiz_0  {rise@0.000ns fall@83.333ns period=166.667ns})
  Path Group:             (none)
  Path Type:              Hold (Min at Fast Process Corner)
  Data Path Delay:        0.873ns  (logic 0.214ns (24.494%)  route 0.659ns (75.506%))
  Logic Levels:           2  (IBUF=1 LUT2=1)
  Clock Path Skew:        0.867ns (DCD - SCD - CPR)
    Destination Clock Delay (DCD):    0.867ns
    Source Clock Delay      (SCD):    0.000ns
    Clock Pessimism Removal (CPR):    -0.000ns

    Location             Delay type                Incr(ns)  Path(ns)    Netlist Resource(s)
  -------------------------------------------------------------------    -------------------
    W18                                               0.000     0.000 r  reset_b (IN)
                         net (fo=0)                   0.000     0.000    reset_b
    W18                  IBUF (Prop_ibuf_I_O)         0.168     0.168 r  reset_b_IBUF_inst/O
                         net (fo=19, routed)          0.659     0.827    clk_div_inst/reset_b_IBUF
    SLICE_X0Y2           LUT2 (Prop_lut2_I1_O)        0.046     0.873 r  clk_div_inst/count[0]_i_1/O
                         net (fo=1, routed)           0.000     0.873    clk_div_inst/count[0]_i_1_n_0
    SLICE_X0Y2           FDRE                                         r  clk_div_inst/count_reg[0]/D
  -------------------------------------------------------------------    -------------------

                         (clock SPI_clk_2x_clk_wiz_0 rise edge)
                                                      0.000     0.000 r  
    BUFGCTRL_X0Y0        BUFG                         0.000     0.000 r  clk_IBUF_BUFG_inst/O
                         net (fo=11692, routed)       0.817     0.817    clk_wiz_inst/inst/clk_in1
    MMCME2_ADV_X1Y0      MMCME2_ADV (Prop_mmcme2_adv_CLKIN1_CLKOUT1)
                                                     -1.375    -0.559 r  clk_wiz_inst/inst/mmcm_adv_inst/CLKOUT1
                         net (fo=1, routed)           0.530    -0.029    clk_wiz_inst/inst/SPI_clk_2x_clk_wiz_0
    BUFGCTRL_X0Y2        BUFG (Prop_bufg_I_O)         0.029     0.000 r  clk_wiz_inst/inst/clkout2_buf/O
                         net (fo=2, routed)           0.867     0.867    clk_div_inst/SPI_clk_2x
    SLICE_X0Y2           FDRE                                         r  clk_div_inst/count_reg[0]/C





--------------------------------------------------------------------------------------
Path Group:  (none)
From Clock:  
  To Clock:  UART_clk_clk_wiz_0

Max Delay            28 Endpoints
Min Delay            28 Endpoints
--------------------------------------------------------------------------------------


Max Delay Paths
--------------------------------------------------------------------------------------
Slack:                    inf
  Source:                 reset_b
                            (input port)
  Destination:            UART_inst/UART_TX_inst/UART_TX_DATAPATH_inst/count_val_register_reg[0]/CLR
                            (recovery check against rising-edge clock UART_clk_clk_wiz_0  {rise@0.000ns fall@86.806ns period=173.611ns})
  Path Group:             (none)
  Path Type:              Recovery (Max at Slow Process Corner)
  Data Path Delay:        7.869ns  (logic 1.089ns (13.837%)  route 6.780ns (86.163%))
  Logic Levels:           2  (IBUF=1 LUT1=1)
  Clock Path Skew:        1.505ns (DCD - SCD + CPR)
    Destination Clock Delay (DCD):    1.505ns
    Source Clock Delay      (SCD):    0.000ns
    Clock Pessimism Removal (CPR):    0.000ns
  Clock Uncertainty:      0.607ns  ((TSJ^2 + DJ^2)^1/2) / 2 + PE
    Total System Jitter     (TSJ):    0.050ns
    Discrete Jitter          (DJ):    0.555ns
    Phase Error              (PE):    0.328ns

    Location             Delay type                Incr(ns)  Path(ns)    Netlist Resource(s)
  -------------------------------------------------------------------    -------------------
    W18                                               0.000     0.000 r  reset_b (IN)
                         net (fo=0)                   0.000     0.000    reset_b
    W18                  IBUF (Prop_ibuf_I_O)         0.939     0.939 r  reset_b_IBUF_inst/O
                         net (fo=19, routed)          3.438     4.377    bartlett_inst/bartlett_time_domain_inst/p_theta_inst/real_accumulator_inst/reset_b_IBUF
    SLICE_X28Y68         LUT1 (Prop_lut1_I0_O)        0.150     4.527 f  bartlett_inst/bartlett_time_domain_inst/p_theta_inst/real_accumulator_inst/MASTER_TO_UART_i_1/O
                         net (fo=2003, routed)        3.342     7.869    UART_inst/UART_TX_inst/UART_TX_DATAPATH_inst/tx_bits_register_reg[0]_0
    SLICE_X1Y62          FDCE                                         f  UART_inst/UART_TX_inst/UART_TX_DATAPATH_inst/count_val_register_reg[0]/CLR
  -------------------------------------------------------------------    -------------------

                         (clock UART_clk_clk_wiz_0 rise edge)
                                                      0.000     0.000 r  
    BUFGCTRL_X0Y0        BUFG                         0.000     0.000 r  clk_IBUF_BUFG_inst/O
                         net (fo=11692, routed)       1.457     1.457    clk_wiz_inst/inst/clk_in1
    MMCME2_ADV_X1Y0      MMCME2_ADV (Prop_mmcme2_adv_CLKIN1_CLKOUT0)
                                                     -3.129    -1.672 r  clk_wiz_inst/inst/mmcm_adv_inst/CLKOUT0
                         net (fo=1, routed)           1.581    -0.091    clk_wiz_inst/inst/UART_clk_clk_wiz_0
    BUFGCTRL_X0Y1        BUFG (Prop_bufg_I_O)         0.091     0.000 r  clk_wiz_inst/inst/clkout1_buf/O
                         net (fo=83, routed)          1.505     1.505    UART_inst/UART_TX_inst/UART_TX_DATAPATH_inst/UART_clk
    SLICE_X1Y62          FDCE                                         r  UART_inst/UART_TX_inst/UART_TX_DATAPATH_inst/count_val_register_reg[0]/C

Slack:                    inf
  Source:                 reset_b
                            (input port)
  Destination:            UART_inst/UART_TX_inst/UART_TX_DATAPATH_inst/count_val_register_reg[2]/CLR
                            (recovery check against rising-edge clock UART_clk_clk_wiz_0  {rise@0.000ns fall@86.806ns period=173.611ns})
  Path Group:             (none)
  Path Type:              Recovery (Max at Slow Process Corner)
  Data Path Delay:        7.869ns  (logic 1.089ns (13.837%)  route 6.780ns (86.163%))
  Logic Levels:           2  (IBUF=1 LUT1=1)
  Clock Path Skew:        1.505ns (DCD - SCD + CPR)
    Destination Clock Delay (DCD):    1.505ns
    Source Clock Delay      (SCD):    0.000ns
    Clock Pessimism Removal (CPR):    0.000ns
  Clock Uncertainty:      0.607ns  ((TSJ^2 + DJ^2)^1/2) / 2 + PE
    Total System Jitter     (TSJ):    0.050ns
    Discrete Jitter          (DJ):    0.555ns
    Phase Error              (PE):    0.328ns

    Location             Delay type                Incr(ns)  Path(ns)    Netlist Resource(s)
  -------------------------------------------------------------------    -------------------
    W18                                               0.000     0.000 r  reset_b (IN)
                         net (fo=0)                   0.000     0.000    reset_b
    W18                  IBUF (Prop_ibuf_I_O)         0.939     0.939 r  reset_b_IBUF_inst/O
                         net (fo=19, routed)          3.438     4.377    bartlett_inst/bartlett_time_domain_inst/p_theta_inst/real_accumulator_inst/reset_b_IBUF
    SLICE_X28Y68         LUT1 (Prop_lut1_I0_O)        0.150     4.527 f  bartlett_inst/bartlett_time_domain_inst/p_theta_inst/real_accumulator_inst/MASTER_TO_UART_i_1/O
                         net (fo=2003, routed)        3.342     7.869    UART_inst/UART_TX_inst/UART_TX_DATAPATH_inst/tx_bits_register_reg[0]_0
    SLICE_X1Y62          FDCE                                         f  UART_inst/UART_TX_inst/UART_TX_DATAPATH_inst/count_val_register_reg[2]/CLR
  -------------------------------------------------------------------    -------------------

                         (clock UART_clk_clk_wiz_0 rise edge)
                                                      0.000     0.000 r  
    BUFGCTRL_X0Y0        BUFG                         0.000     0.000 r  clk_IBUF_BUFG_inst/O
                         net (fo=11692, routed)       1.457     1.457    clk_wiz_inst/inst/clk_in1
    MMCME2_ADV_X1Y0      MMCME2_ADV (Prop_mmcme2_adv_CLKIN1_CLKOUT0)
                                                     -3.129    -1.672 r  clk_wiz_inst/inst/mmcm_adv_inst/CLKOUT0
                         net (fo=1, routed)           1.581    -0.091    clk_wiz_inst/inst/UART_clk_clk_wiz_0
    BUFGCTRL_X0Y1        BUFG (Prop_bufg_I_O)         0.091     0.000 r  clk_wiz_inst/inst/clkout1_buf/O
                         net (fo=83, routed)          1.505     1.505    UART_inst/UART_TX_inst/UART_TX_DATAPATH_inst/UART_clk
    SLICE_X1Y62          FDCE                                         r  UART_inst/UART_TX_inst/UART_TX_DATAPATH_inst/count_val_register_reg[2]/C

Slack:                    inf
  Source:                 reset_b
                            (input port)
  Destination:            UART_inst/UART_TX_inst/UART_TX_CONTROLLER_inst/FSM_onehot_current_state_reg[0]/PRE
                            (recovery check against rising-edge clock UART_clk_clk_wiz_0  {rise@0.000ns fall@86.806ns period=173.611ns})
  Path Group:             (none)
  Path Type:              Recovery (Max at Slow Process Corner)
  Data Path Delay:        7.735ns  (logic 1.089ns (14.076%)  route 6.646ns (85.924%))
  Logic Levels:           2  (IBUF=1 LUT1=1)
  Clock Path Skew:        1.505ns (DCD - SCD + CPR)
    Destination Clock Delay (DCD):    1.505ns
    Source Clock Delay      (SCD):    0.000ns
    Clock Pessimism Removal (CPR):    0.000ns
  Clock Uncertainty:      0.607ns  ((TSJ^2 + DJ^2)^1/2) / 2 + PE
    Total System Jitter     (TSJ):    0.050ns
    Discrete Jitter          (DJ):    0.555ns
    Phase Error              (PE):    0.328ns

    Location             Delay type                Incr(ns)  Path(ns)    Netlist Resource(s)
  -------------------------------------------------------------------    -------------------
    W18                                               0.000     0.000 r  reset_b (IN)
                         net (fo=0)                   0.000     0.000    reset_b
    W18                  IBUF (Prop_ibuf_I_O)         0.939     0.939 r  reset_b_IBUF_inst/O
                         net (fo=19, routed)          3.438     4.377    bartlett_inst/bartlett_time_domain_inst/p_theta_inst/real_accumulator_inst/reset_b_IBUF
    SLICE_X28Y68         LUT1 (Prop_lut1_I0_O)        0.150     4.527 f  bartlett_inst/bartlett_time_domain_inst/p_theta_inst/real_accumulator_inst/MASTER_TO_UART_i_1/O
                         net (fo=2003, routed)        3.208     7.735    UART_inst/UART_TX_inst/UART_TX_CONTROLLER_inst/FSM_onehot_current_state_reg[0]_1
    SLICE_X2Y62          FDPE                                         f  UART_inst/UART_TX_inst/UART_TX_CONTROLLER_inst/FSM_onehot_current_state_reg[0]/PRE
  -------------------------------------------------------------------    -------------------

                         (clock UART_clk_clk_wiz_0 rise edge)
                                                      0.000     0.000 r  
    BUFGCTRL_X0Y0        BUFG                         0.000     0.000 r  clk_IBUF_BUFG_inst/O
                         net (fo=11692, routed)       1.457     1.457    clk_wiz_inst/inst/clk_in1
    MMCME2_ADV_X1Y0      MMCME2_ADV (Prop_mmcme2_adv_CLKIN1_CLKOUT0)
                                                     -3.129    -1.672 r  clk_wiz_inst/inst/mmcm_adv_inst/CLKOUT0
                         net (fo=1, routed)           1.581    -0.091    clk_wiz_inst/inst/UART_clk_clk_wiz_0
    BUFGCTRL_X0Y1        BUFG (Prop_bufg_I_O)         0.091     0.000 r  clk_wiz_inst/inst/clkout1_buf/O
                         net (fo=83, routed)          1.505     1.505    UART_inst/UART_TX_inst/UART_TX_CONTROLLER_inst/UART_clk
    SLICE_X2Y62          FDPE                                         r  UART_inst/UART_TX_inst/UART_TX_CONTROLLER_inst/FSM_onehot_current_state_reg[0]/C

Slack:                    inf
  Source:                 reset_b
                            (input port)
  Destination:            UART_inst/UART_TX_inst/UART_TX_CONTROLLER_inst/FSM_onehot_current_state_reg[12]/CLR
                            (recovery check against rising-edge clock UART_clk_clk_wiz_0  {rise@0.000ns fall@86.806ns period=173.611ns})
  Path Group:             (none)
  Path Type:              Recovery (Max at Slow Process Corner)
  Data Path Delay:        7.735ns  (logic 1.089ns (14.076%)  route 6.646ns (85.924%))
  Logic Levels:           2  (IBUF=1 LUT1=1)
  Clock Path Skew:        1.505ns (DCD - SCD + CPR)
    Destination Clock Delay (DCD):    1.505ns
    Source Clock Delay      (SCD):    0.000ns
    Clock Pessimism Removal (CPR):    0.000ns
  Clock Uncertainty:      0.607ns  ((TSJ^2 + DJ^2)^1/2) / 2 + PE
    Total System Jitter     (TSJ):    0.050ns
    Discrete Jitter          (DJ):    0.555ns
    Phase Error              (PE):    0.328ns

    Location             Delay type                Incr(ns)  Path(ns)    Netlist Resource(s)
  -------------------------------------------------------------------    -------------------
    W18                                               0.000     0.000 r  reset_b (IN)
                         net (fo=0)                   0.000     0.000    reset_b
    W18                  IBUF (Prop_ibuf_I_O)         0.939     0.939 r  reset_b_IBUF_inst/O
                         net (fo=19, routed)          3.438     4.377    bartlett_inst/bartlett_time_domain_inst/p_theta_inst/real_accumulator_inst/reset_b_IBUF
    SLICE_X28Y68         LUT1 (Prop_lut1_I0_O)        0.150     4.527 f  bartlett_inst/bartlett_time_domain_inst/p_theta_inst/real_accumulator_inst/MASTER_TO_UART_i_1/O
                         net (fo=2003, routed)        3.208     7.735    UART_inst/UART_TX_inst/UART_TX_CONTROLLER_inst/FSM_onehot_current_state_reg[0]_1
    SLICE_X3Y62          FDCE                                         f  UART_inst/UART_TX_inst/UART_TX_CONTROLLER_inst/FSM_onehot_current_state_reg[12]/CLR
  -------------------------------------------------------------------    -------------------

                         (clock UART_clk_clk_wiz_0 rise edge)
                                                      0.000     0.000 r  
    BUFGCTRL_X0Y0        BUFG                         0.000     0.000 r  clk_IBUF_BUFG_inst/O
                         net (fo=11692, routed)       1.457     1.457    clk_wiz_inst/inst/clk_in1
    MMCME2_ADV_X1Y0      MMCME2_ADV (Prop_mmcme2_adv_CLKIN1_CLKOUT0)
                                                     -3.129    -1.672 r  clk_wiz_inst/inst/mmcm_adv_inst/CLKOUT0
                         net (fo=1, routed)           1.581    -0.091    clk_wiz_inst/inst/UART_clk_clk_wiz_0
    BUFGCTRL_X0Y1        BUFG (Prop_bufg_I_O)         0.091     0.000 r  clk_wiz_inst/inst/clkout1_buf/O
                         net (fo=83, routed)          1.505     1.505    UART_inst/UART_TX_inst/UART_TX_CONTROLLER_inst/UART_clk
    SLICE_X3Y62          FDCE                                         r  UART_inst/UART_TX_inst/UART_TX_CONTROLLER_inst/FSM_onehot_current_state_reg[12]/C

Slack:                    inf
  Source:                 reset_b
                            (input port)
  Destination:            UART_inst/UART_TX_inst/UART_TX_CONTROLLER_inst/FSM_onehot_current_state_reg[1]/CLR
                            (recovery check against rising-edge clock UART_clk_clk_wiz_0  {rise@0.000ns fall@86.806ns period=173.611ns})
  Path Group:             (none)
  Path Type:              Recovery (Max at Slow Process Corner)
  Data Path Delay:        7.735ns  (logic 1.089ns (14.076%)  route 6.646ns (85.924%))
  Logic Levels:           2  (IBUF=1 LUT1=1)
  Clock Path Skew:        1.505ns (DCD - SCD + CPR)
    Destination Clock Delay (DCD):    1.505ns
    Source Clock Delay      (SCD):    0.000ns
    Clock Pessimism Removal (CPR):    0.000ns
  Clock Uncertainty:      0.607ns  ((TSJ^2 + DJ^2)^1/2) / 2 + PE
    Total System Jitter     (TSJ):    0.050ns
    Discrete Jitter          (DJ):    0.555ns
    Phase Error              (PE):    0.328ns

    Location             Delay type                Incr(ns)  Path(ns)    Netlist Resource(s)
  -------------------------------------------------------------------    -------------------
    W18                                               0.000     0.000 r  reset_b (IN)
                         net (fo=0)                   0.000     0.000    reset_b
    W18                  IBUF (Prop_ibuf_I_O)         0.939     0.939 r  reset_b_IBUF_inst/O
                         net (fo=19, routed)          3.438     4.377    bartlett_inst/bartlett_time_domain_inst/p_theta_inst/real_accumulator_inst/reset_b_IBUF
    SLICE_X28Y68         LUT1 (Prop_lut1_I0_O)        0.150     4.527 f  bartlett_inst/bartlett_time_domain_inst/p_theta_inst/real_accumulator_inst/MASTER_TO_UART_i_1/O
                         net (fo=2003, routed)        3.208     7.735    UART_inst/UART_TX_inst/UART_TX_CONTROLLER_inst/FSM_onehot_current_state_reg[0]_1
    SLICE_X2Y62          FDCE                                         f  UART_inst/UART_TX_inst/UART_TX_CONTROLLER_inst/FSM_onehot_current_state_reg[1]/CLR
  -------------------------------------------------------------------    -------------------

                         (clock UART_clk_clk_wiz_0 rise edge)
                                                      0.000     0.000 r  
    BUFGCTRL_X0Y0        BUFG                         0.000     0.000 r  clk_IBUF_BUFG_inst/O
                         net (fo=11692, routed)       1.457     1.457    clk_wiz_inst/inst/clk_in1
    MMCME2_ADV_X1Y0      MMCME2_ADV (Prop_mmcme2_adv_CLKIN1_CLKOUT0)
                                                     -3.129    -1.672 r  clk_wiz_inst/inst/mmcm_adv_inst/CLKOUT0
                         net (fo=1, routed)           1.581    -0.091    clk_wiz_inst/inst/UART_clk_clk_wiz_0
    BUFGCTRL_X0Y1        BUFG (Prop_bufg_I_O)         0.091     0.000 r  clk_wiz_inst/inst/clkout1_buf/O
                         net (fo=83, routed)          1.505     1.505    UART_inst/UART_TX_inst/UART_TX_CONTROLLER_inst/UART_clk
    SLICE_X2Y62          FDCE                                         r  UART_inst/UART_TX_inst/UART_TX_CONTROLLER_inst/FSM_onehot_current_state_reg[1]/C

Slack:                    inf
  Source:                 reset_b
                            (input port)
  Destination:            UART_inst/UART_TX_inst/UART_TX_CONTROLLER_inst/FSM_onehot_current_state_reg[2]/CLR
                            (recovery check against rising-edge clock UART_clk_clk_wiz_0  {rise@0.000ns fall@86.806ns period=173.611ns})
  Path Group:             (none)
  Path Type:              Recovery (Max at Slow Process Corner)
  Data Path Delay:        7.735ns  (logic 1.089ns (14.076%)  route 6.646ns (85.924%))
  Logic Levels:           2  (IBUF=1 LUT1=1)
  Clock Path Skew:        1.505ns (DCD - SCD + CPR)
    Destination Clock Delay (DCD):    1.505ns
    Source Clock Delay      (SCD):    0.000ns
    Clock Pessimism Removal (CPR):    0.000ns
  Clock Uncertainty:      0.607ns  ((TSJ^2 + DJ^2)^1/2) / 2 + PE
    Total System Jitter     (TSJ):    0.050ns
    Discrete Jitter          (DJ):    0.555ns
    Phase Error              (PE):    0.328ns

    Location             Delay type                Incr(ns)  Path(ns)    Netlist Resource(s)
  -------------------------------------------------------------------    -------------------
    W18                                               0.000     0.000 r  reset_b (IN)
                         net (fo=0)                   0.000     0.000    reset_b
    W18                  IBUF (Prop_ibuf_I_O)         0.939     0.939 r  reset_b_IBUF_inst/O
                         net (fo=19, routed)          3.438     4.377    bartlett_inst/bartlett_time_domain_inst/p_theta_inst/real_accumulator_inst/reset_b_IBUF
    SLICE_X28Y68         LUT1 (Prop_lut1_I0_O)        0.150     4.527 f  bartlett_inst/bartlett_time_domain_inst/p_theta_inst/real_accumulator_inst/MASTER_TO_UART_i_1/O
                         net (fo=2003, routed)        3.208     7.735    UART_inst/UART_TX_inst/UART_TX_CONTROLLER_inst/FSM_onehot_current_state_reg[0]_1
    SLICE_X2Y62          FDCE                                         f  UART_inst/UART_TX_inst/UART_TX_CONTROLLER_inst/FSM_onehot_current_state_reg[2]/CLR
  -------------------------------------------------------------------    -------------------

                         (clock UART_clk_clk_wiz_0 rise edge)
                                                      0.000     0.000 r  
    BUFGCTRL_X0Y0        BUFG                         0.000     0.000 r  clk_IBUF_BUFG_inst/O
                         net (fo=11692, routed)       1.457     1.457    clk_wiz_inst/inst/clk_in1
    MMCME2_ADV_X1Y0      MMCME2_ADV (Prop_mmcme2_adv_CLKIN1_CLKOUT0)
                                                     -3.129    -1.672 r  clk_wiz_inst/inst/mmcm_adv_inst/CLKOUT0
                         net (fo=1, routed)           1.581    -0.091    clk_wiz_inst/inst/UART_clk_clk_wiz_0
    BUFGCTRL_X0Y1        BUFG (Prop_bufg_I_O)         0.091     0.000 r  clk_wiz_inst/inst/clkout1_buf/O
                         net (fo=83, routed)          1.505     1.505    UART_inst/UART_TX_inst/UART_TX_CONTROLLER_inst/UART_clk
    SLICE_X2Y62          FDCE                                         r  UART_inst/UART_TX_inst/UART_TX_CONTROLLER_inst/FSM_onehot_current_state_reg[2]/C

Slack:                    inf
  Source:                 reset_b
                            (input port)
  Destination:            UART_inst/UART_TX_inst/UART_TX_CONTROLLER_inst/FSM_onehot_current_state_reg[3]/CLR
                            (recovery check against rising-edge clock UART_clk_clk_wiz_0  {rise@0.000ns fall@86.806ns period=173.611ns})
  Path Group:             (none)
  Path Type:              Recovery (Max at Slow Process Corner)
  Data Path Delay:        7.735ns  (logic 1.089ns (14.076%)  route 6.646ns (85.924%))
  Logic Levels:           2  (IBUF=1 LUT1=1)
  Clock Path Skew:        1.505ns (DCD - SCD + CPR)
    Destination Clock Delay (DCD):    1.505ns
    Source Clock Delay      (SCD):    0.000ns
    Clock Pessimism Removal (CPR):    0.000ns
  Clock Uncertainty:      0.607ns  ((TSJ^2 + DJ^2)^1/2) / 2 + PE
    Total System Jitter     (TSJ):    0.050ns
    Discrete Jitter          (DJ):    0.555ns
    Phase Error              (PE):    0.328ns

    Location             Delay type                Incr(ns)  Path(ns)    Netlist Resource(s)
  -------------------------------------------------------------------    -------------------
    W18                                               0.000     0.000 r  reset_b (IN)
                         net (fo=0)                   0.000     0.000    reset_b
    W18                  IBUF (Prop_ibuf_I_O)         0.939     0.939 r  reset_b_IBUF_inst/O
                         net (fo=19, routed)          3.438     4.377    bartlett_inst/bartlett_time_domain_inst/p_theta_inst/real_accumulator_inst/reset_b_IBUF
    SLICE_X28Y68         LUT1 (Prop_lut1_I0_O)        0.150     4.527 f  bartlett_inst/bartlett_time_domain_inst/p_theta_inst/real_accumulator_inst/MASTER_TO_UART_i_1/O
                         net (fo=2003, routed)        3.208     7.735    UART_inst/UART_TX_inst/UART_TX_CONTROLLER_inst/FSM_onehot_current_state_reg[0]_1
    SLICE_X2Y62          FDCE                                         f  UART_inst/UART_TX_inst/UART_TX_CONTROLLER_inst/FSM_onehot_current_state_reg[3]/CLR
  -------------------------------------------------------------------    -------------------

                         (clock UART_clk_clk_wiz_0 rise edge)
                                                      0.000     0.000 r  
    BUFGCTRL_X0Y0        BUFG                         0.000     0.000 r  clk_IBUF_BUFG_inst/O
                         net (fo=11692, routed)       1.457     1.457    clk_wiz_inst/inst/clk_in1
    MMCME2_ADV_X1Y0      MMCME2_ADV (Prop_mmcme2_adv_CLKIN1_CLKOUT0)
                                                     -3.129    -1.672 r  clk_wiz_inst/inst/mmcm_adv_inst/CLKOUT0
                         net (fo=1, routed)           1.581    -0.091    clk_wiz_inst/inst/UART_clk_clk_wiz_0
    BUFGCTRL_X0Y1        BUFG (Prop_bufg_I_O)         0.091     0.000 r  clk_wiz_inst/inst/clkout1_buf/O
                         net (fo=83, routed)          1.505     1.505    UART_inst/UART_TX_inst/UART_TX_CONTROLLER_inst/UART_clk
    SLICE_X2Y62          FDCE                                         r  UART_inst/UART_TX_inst/UART_TX_CONTROLLER_inst/FSM_onehot_current_state_reg[3]/C

Slack:                    inf
  Source:                 reset_b
                            (input port)
  Destination:            UART_inst/UART_TX_inst/UART_TX_CONTROLLER_inst/FSM_onehot_current_state_reg[4]/CLR
                            (recovery check against rising-edge clock UART_clk_clk_wiz_0  {rise@0.000ns fall@86.806ns period=173.611ns})
  Path Group:             (none)
  Path Type:              Recovery (Max at Slow Process Corner)
  Data Path Delay:        7.735ns  (logic 1.089ns (14.076%)  route 6.646ns (85.924%))
  Logic Levels:           2  (IBUF=1 LUT1=1)
  Clock Path Skew:        1.505ns (DCD - SCD + CPR)
    Destination Clock Delay (DCD):    1.505ns
    Source Clock Delay      (SCD):    0.000ns
    Clock Pessimism Removal (CPR):    0.000ns
  Clock Uncertainty:      0.607ns  ((TSJ^2 + DJ^2)^1/2) / 2 + PE
    Total System Jitter     (TSJ):    0.050ns
    Discrete Jitter          (DJ):    0.555ns
    Phase Error              (PE):    0.328ns

    Location             Delay type                Incr(ns)  Path(ns)    Netlist Resource(s)
  -------------------------------------------------------------------    -------------------
    W18                                               0.000     0.000 r  reset_b (IN)
                         net (fo=0)                   0.000     0.000    reset_b
    W18                  IBUF (Prop_ibuf_I_O)         0.939     0.939 r  reset_b_IBUF_inst/O
                         net (fo=19, routed)          3.438     4.377    bartlett_inst/bartlett_time_domain_inst/p_theta_inst/real_accumulator_inst/reset_b_IBUF
    SLICE_X28Y68         LUT1 (Prop_lut1_I0_O)        0.150     4.527 f  bartlett_inst/bartlett_time_domain_inst/p_theta_inst/real_accumulator_inst/MASTER_TO_UART_i_1/O
                         net (fo=2003, routed)        3.208     7.735    UART_inst/UART_TX_inst/UART_TX_CONTROLLER_inst/FSM_onehot_current_state_reg[0]_1
    SLICE_X3Y62          FDCE                                         f  UART_inst/UART_TX_inst/UART_TX_CONTROLLER_inst/FSM_onehot_current_state_reg[4]/CLR
  -------------------------------------------------------------------    -------------------

                         (clock UART_clk_clk_wiz_0 rise edge)
                                                      0.000     0.000 r  
    BUFGCTRL_X0Y0        BUFG                         0.000     0.000 r  clk_IBUF_BUFG_inst/O
                         net (fo=11692, routed)       1.457     1.457    clk_wiz_inst/inst/clk_in1
    MMCME2_ADV_X1Y0      MMCME2_ADV (Prop_mmcme2_adv_CLKIN1_CLKOUT0)
                                                     -3.129    -1.672 r  clk_wiz_inst/inst/mmcm_adv_inst/CLKOUT0
                         net (fo=1, routed)           1.581    -0.091    clk_wiz_inst/inst/UART_clk_clk_wiz_0
    BUFGCTRL_X0Y1        BUFG (Prop_bufg_I_O)         0.091     0.000 r  clk_wiz_inst/inst/clkout1_buf/O
                         net (fo=83, routed)          1.505     1.505    UART_inst/UART_TX_inst/UART_TX_CONTROLLER_inst/UART_clk
    SLICE_X3Y62          FDCE                                         r  UART_inst/UART_TX_inst/UART_TX_CONTROLLER_inst/FSM_onehot_current_state_reg[4]/C

Slack:                    inf
  Source:                 reset_b
                            (input port)
  Destination:            UART_inst/UART_TX_inst/UART_TX_CONTROLLER_inst/FSM_onehot_current_state_reg[8]/CLR
                            (recovery check against rising-edge clock UART_clk_clk_wiz_0  {rise@0.000ns fall@86.806ns period=173.611ns})
  Path Group:             (none)
  Path Type:              Recovery (Max at Slow Process Corner)
  Data Path Delay:        7.735ns  (logic 1.089ns (14.076%)  route 6.646ns (85.924%))
  Logic Levels:           2  (IBUF=1 LUT1=1)
  Clock Path Skew:        1.505ns (DCD - SCD + CPR)
    Destination Clock Delay (DCD):    1.505ns
    Source Clock Delay      (SCD):    0.000ns
    Clock Pessimism Removal (CPR):    0.000ns
  Clock Uncertainty:      0.607ns  ((TSJ^2 + DJ^2)^1/2) / 2 + PE
    Total System Jitter     (TSJ):    0.050ns
    Discrete Jitter          (DJ):    0.555ns
    Phase Error              (PE):    0.328ns

    Location             Delay type                Incr(ns)  Path(ns)    Netlist Resource(s)
  -------------------------------------------------------------------    -------------------
    W18                                               0.000     0.000 r  reset_b (IN)
                         net (fo=0)                   0.000     0.000    reset_b
    W18                  IBUF (Prop_ibuf_I_O)         0.939     0.939 r  reset_b_IBUF_inst/O
                         net (fo=19, routed)          3.438     4.377    bartlett_inst/bartlett_time_domain_inst/p_theta_inst/real_accumulator_inst/reset_b_IBUF
    SLICE_X28Y68         LUT1 (Prop_lut1_I0_O)        0.150     4.527 f  bartlett_inst/bartlett_time_domain_inst/p_theta_inst/real_accumulator_inst/MASTER_TO_UART_i_1/O
                         net (fo=2003, routed)        3.208     7.735    UART_inst/UART_TX_inst/UART_TX_CONTROLLER_inst/FSM_onehot_current_state_reg[0]_1
    SLICE_X3Y62          FDCE                                         f  UART_inst/UART_TX_inst/UART_TX_CONTROLLER_inst/FSM_onehot_current_state_reg[8]/CLR
  -------------------------------------------------------------------    -------------------

                         (clock UART_clk_clk_wiz_0 rise edge)
                                                      0.000     0.000 r  
    BUFGCTRL_X0Y0        BUFG                         0.000     0.000 r  clk_IBUF_BUFG_inst/O
                         net (fo=11692, routed)       1.457     1.457    clk_wiz_inst/inst/clk_in1
    MMCME2_ADV_X1Y0      MMCME2_ADV (Prop_mmcme2_adv_CLKIN1_CLKOUT0)
                                                     -3.129    -1.672 r  clk_wiz_inst/inst/mmcm_adv_inst/CLKOUT0
                         net (fo=1, routed)           1.581    -0.091    clk_wiz_inst/inst/UART_clk_clk_wiz_0
    BUFGCTRL_X0Y1        BUFG (Prop_bufg_I_O)         0.091     0.000 r  clk_wiz_inst/inst/clkout1_buf/O
                         net (fo=83, routed)          1.505     1.505    UART_inst/UART_TX_inst/UART_TX_CONTROLLER_inst/UART_clk
    SLICE_X3Y62          FDCE                                         r  UART_inst/UART_TX_inst/UART_TX_CONTROLLER_inst/FSM_onehot_current_state_reg[8]/C

Slack:                    inf
  Source:                 reset_b
                            (input port)
  Destination:            UART_inst/UART_TX_inst/UART_TX_DATAPATH_inst/count_val_register_reg[3]/CLR
                            (recovery check against rising-edge clock UART_clk_clk_wiz_0  {rise@0.000ns fall@86.806ns period=173.611ns})
  Path Group:             (none)
  Path Type:              Recovery (Max at Slow Process Corner)
  Data Path Delay:        7.726ns  (logic 1.089ns (14.093%)  route 6.637ns (85.907%))
  Logic Levels:           2  (IBUF=1 LUT1=1)
  Clock Path Skew:        1.504ns (DCD - SCD + CPR)
    Destination Clock Delay (DCD):    1.504ns
    Source Clock Delay      (SCD):    0.000ns
    Clock Pessimism Removal (CPR):    0.000ns
  Clock Uncertainty:      0.607ns  ((TSJ^2 + DJ^2)^1/2) / 2 + PE
    Total System Jitter     (TSJ):    0.050ns
    Discrete Jitter          (DJ):    0.555ns
    Phase Error              (PE):    0.328ns

    Location             Delay type                Incr(ns)  Path(ns)    Netlist Resource(s)
  -------------------------------------------------------------------    -------------------
    W18                                               0.000     0.000 r  reset_b (IN)
                         net (fo=0)                   0.000     0.000    reset_b
    W18                  IBUF (Prop_ibuf_I_O)         0.939     0.939 r  reset_b_IBUF_inst/O
                         net (fo=19, routed)          3.438     4.377    bartlett_inst/bartlett_time_domain_inst/p_theta_inst/real_accumulator_inst/reset_b_IBUF
    SLICE_X28Y68         LUT1 (Prop_lut1_I0_O)        0.150     4.527 f  bartlett_inst/bartlett_time_domain_inst/p_theta_inst/real_accumulator_inst/MASTER_TO_UART_i_1/O
                         net (fo=2003, routed)        3.199     7.726    UART_inst/UART_TX_inst/UART_TX_DATAPATH_inst/tx_bits_register_reg[0]_0
    SLICE_X0Y63          FDCE                                         f  UART_inst/UART_TX_inst/UART_TX_DATAPATH_inst/count_val_register_reg[3]/CLR
  -------------------------------------------------------------------    -------------------

                         (clock UART_clk_clk_wiz_0 rise edge)
                                                      0.000     0.000 r  
    BUFGCTRL_X0Y0        BUFG                         0.000     0.000 r  clk_IBUF_BUFG_inst/O
                         net (fo=11692, routed)       1.457     1.457    clk_wiz_inst/inst/clk_in1
    MMCME2_ADV_X1Y0      MMCME2_ADV (Prop_mmcme2_adv_CLKIN1_CLKOUT0)
                                                     -3.129    -1.672 r  clk_wiz_inst/inst/mmcm_adv_inst/CLKOUT0
                         net (fo=1, routed)           1.581    -0.091    clk_wiz_inst/inst/UART_clk_clk_wiz_0
    BUFGCTRL_X0Y1        BUFG (Prop_bufg_I_O)         0.091     0.000 r  clk_wiz_inst/inst/clkout1_buf/O
                         net (fo=83, routed)          1.504     1.504    UART_inst/UART_TX_inst/UART_TX_DATAPATH_inst/UART_clk
    SLICE_X0Y63          FDCE                                         r  UART_inst/UART_TX_inst/UART_TX_DATAPATH_inst/count_val_register_reg[3]/C





Min Delay Paths
--------------------------------------------------------------------------------------
Slack:                    inf
  Source:                 reset_b
                            (input port)
  Destination:            UART_inst/UART_TX_inst/UART_TX_CONTROLLER_inst/FSM_onehot_current_state_reg[10]/CLR
                            (removal check against rising-edge clock UART_clk_clk_wiz_0  {rise@0.000ns fall@86.806ns period=173.611ns})
  Path Group:             (none)
  Path Type:              Removal (Min at Fast Process Corner)
  Data Path Delay:        3.112ns  (logic 0.214ns (6.873%)  route 2.898ns (93.127%))
  Logic Levels:           2  (IBUF=1 LUT1=1)
  Clock Path Skew:        0.857ns (DCD - SCD - CPR)
    Destination Clock Delay (DCD):    0.857ns
    Source Clock Delay      (SCD):    0.000ns
    Clock Pessimism Removal (CPR):    -0.000ns

    Location             Delay type                Incr(ns)  Path(ns)    Netlist Resource(s)
  -------------------------------------------------------------------    -------------------
    W18                                               0.000     0.000 r  reset_b (IN)
                         net (fo=0)                   0.000     0.000    reset_b
    W18                  IBUF (Prop_ibuf_I_O)         0.168     0.168 r  reset_b_IBUF_inst/O
                         net (fo=19, routed)          1.571     1.739    bartlett_inst/bartlett_time_domain_inst/p_theta_inst/real_accumulator_inst/reset_b_IBUF
    SLICE_X28Y68         LUT1 (Prop_lut1_I0_O)        0.046     1.785 f  bartlett_inst/bartlett_time_domain_inst/p_theta_inst/real_accumulator_inst/MASTER_TO_UART_i_1/O
                         net (fo=2003, routed)        1.327     3.112    UART_inst/UART_TX_inst/UART_TX_CONTROLLER_inst/FSM_onehot_current_state_reg[0]_1
    SLICE_X5Y63          FDCE                                         f  UART_inst/UART_TX_inst/UART_TX_CONTROLLER_inst/FSM_onehot_current_state_reg[10]/CLR
  -------------------------------------------------------------------    -------------------

                         (clock UART_clk_clk_wiz_0 rise edge)
                                                      0.000     0.000 r  
    BUFGCTRL_X0Y0        BUFG                         0.000     0.000 r  clk_IBUF_BUFG_inst/O
                         net (fo=11692, routed)       0.817     0.817    clk_wiz_inst/inst/clk_in1
    MMCME2_ADV_X1Y0      MMCME2_ADV (Prop_mmcme2_adv_CLKIN1_CLKOUT0)
                                                     -1.375    -0.559 r  clk_wiz_inst/inst/mmcm_adv_inst/CLKOUT0
                         net (fo=1, routed)           0.530    -0.029    clk_wiz_inst/inst/UART_clk_clk_wiz_0
    BUFGCTRL_X0Y1        BUFG (Prop_bufg_I_O)         0.029     0.000 r  clk_wiz_inst/inst/clkout1_buf/O
                         net (fo=83, routed)          0.856     0.856    UART_inst/UART_TX_inst/UART_TX_CONTROLLER_inst/UART_clk
    SLICE_X5Y63          FDCE                                         r  UART_inst/UART_TX_inst/UART_TX_CONTROLLER_inst/FSM_onehot_current_state_reg[10]/C

Slack:                    inf
  Source:                 reset_b
                            (input port)
  Destination:            UART_inst/UART_TX_inst/UART_TX_CONTROLLER_inst/FSM_onehot_current_state_reg[11]/CLR
                            (removal check against rising-edge clock UART_clk_clk_wiz_0  {rise@0.000ns fall@86.806ns period=173.611ns})
  Path Group:             (none)
  Path Type:              Removal (Min at Fast Process Corner)
  Data Path Delay:        3.112ns  (logic 0.214ns (6.873%)  route 2.898ns (93.127%))
  Logic Levels:           2  (IBUF=1 LUT1=1)
  Clock Path Skew:        0.857ns (DCD - SCD - CPR)
    Destination Clock Delay (DCD):    0.857ns
    Source Clock Delay      (SCD):    0.000ns
    Clock Pessimism Removal (CPR):    -0.000ns

    Location             Delay type                Incr(ns)  Path(ns)    Netlist Resource(s)
  -------------------------------------------------------------------    -------------------
    W18                                               0.000     0.000 r  reset_b (IN)
                         net (fo=0)                   0.000     0.000    reset_b
    W18                  IBUF (Prop_ibuf_I_O)         0.168     0.168 r  reset_b_IBUF_inst/O
                         net (fo=19, routed)          1.571     1.739    bartlett_inst/bartlett_time_domain_inst/p_theta_inst/real_accumulator_inst/reset_b_IBUF
    SLICE_X28Y68         LUT1 (Prop_lut1_I0_O)        0.046     1.785 f  bartlett_inst/bartlett_time_domain_inst/p_theta_inst/real_accumulator_inst/MASTER_TO_UART_i_1/O
                         net (fo=2003, routed)        1.327     3.112    UART_inst/UART_TX_inst/UART_TX_CONTROLLER_inst/FSM_onehot_current_state_reg[0]_1
    SLICE_X5Y63          FDCE                                         f  UART_inst/UART_TX_inst/UART_TX_CONTROLLER_inst/FSM_onehot_current_state_reg[11]/CLR
  -------------------------------------------------------------------    -------------------

                         (clock UART_clk_clk_wiz_0 rise edge)
                                                      0.000     0.000 r  
    BUFGCTRL_X0Y0        BUFG                         0.000     0.000 r  clk_IBUF_BUFG_inst/O
                         net (fo=11692, routed)       0.817     0.817    clk_wiz_inst/inst/clk_in1
    MMCME2_ADV_X1Y0      MMCME2_ADV (Prop_mmcme2_adv_CLKIN1_CLKOUT0)
                                                     -1.375    -0.559 r  clk_wiz_inst/inst/mmcm_adv_inst/CLKOUT0
                         net (fo=1, routed)           0.530    -0.029    clk_wiz_inst/inst/UART_clk_clk_wiz_0
    BUFGCTRL_X0Y1        BUFG (Prop_bufg_I_O)         0.029     0.000 r  clk_wiz_inst/inst/clkout1_buf/O
                         net (fo=83, routed)          0.856     0.856    UART_inst/UART_TX_inst/UART_TX_CONTROLLER_inst/UART_clk
    SLICE_X5Y63          FDCE                                         r  UART_inst/UART_TX_inst/UART_TX_CONTROLLER_inst/FSM_onehot_current_state_reg[11]/C

Slack:                    inf
  Source:                 reset_b
                            (input port)
  Destination:            UART_inst/UART_TX_inst/UART_TX_CONTROLLER_inst/FSM_onehot_current_state_reg[5]/CLR
                            (removal check against rising-edge clock UART_clk_clk_wiz_0  {rise@0.000ns fall@86.806ns period=173.611ns})
  Path Group:             (none)
  Path Type:              Removal (Min at Fast Process Corner)
  Data Path Delay:        3.112ns  (logic 0.214ns (6.873%)  route 2.898ns (93.127%))
  Logic Levels:           2  (IBUF=1 LUT1=1)
  Clock Path Skew:        0.857ns (DCD - SCD - CPR)
    Destination Clock Delay (DCD):    0.857ns
    Source Clock Delay      (SCD):    0.000ns
    Clock Pessimism Removal (CPR):    -0.000ns

    Location             Delay type                Incr(ns)  Path(ns)    Netlist Resource(s)
  -------------------------------------------------------------------    -------------------
    W18                                               0.000     0.000 r  reset_b (IN)
                         net (fo=0)                   0.000     0.000    reset_b
    W18                  IBUF (Prop_ibuf_I_O)         0.168     0.168 r  reset_b_IBUF_inst/O
                         net (fo=19, routed)          1.571     1.739    bartlett_inst/bartlett_time_domain_inst/p_theta_inst/real_accumulator_inst/reset_b_IBUF
    SLICE_X28Y68         LUT1 (Prop_lut1_I0_O)        0.046     1.785 f  bartlett_inst/bartlett_time_domain_inst/p_theta_inst/real_accumulator_inst/MASTER_TO_UART_i_1/O
                         net (fo=2003, routed)        1.327     3.112    UART_inst/UART_TX_inst/UART_TX_CONTROLLER_inst/FSM_onehot_current_state_reg[0]_1
    SLICE_X5Y63          FDCE                                         f  UART_inst/UART_TX_inst/UART_TX_CONTROLLER_inst/FSM_onehot_current_state_reg[5]/CLR
  -------------------------------------------------------------------    -------------------

                         (clock UART_clk_clk_wiz_0 rise edge)
                                                      0.000     0.000 r  
    BUFGCTRL_X0Y0        BUFG                         0.000     0.000 r  clk_IBUF_BUFG_inst/O
                         net (fo=11692, routed)       0.817     0.817    clk_wiz_inst/inst/clk_in1
    MMCME2_ADV_X1Y0      MMCME2_ADV (Prop_mmcme2_adv_CLKIN1_CLKOUT0)
                                                     -1.375    -0.559 r  clk_wiz_inst/inst/mmcm_adv_inst/CLKOUT0
                         net (fo=1, routed)           0.530    -0.029    clk_wiz_inst/inst/UART_clk_clk_wiz_0
    BUFGCTRL_X0Y1        BUFG (Prop_bufg_I_O)         0.029     0.000 r  clk_wiz_inst/inst/clkout1_buf/O
                         net (fo=83, routed)          0.856     0.856    UART_inst/UART_TX_inst/UART_TX_CONTROLLER_inst/UART_clk
    SLICE_X5Y63          FDCE                                         r  UART_inst/UART_TX_inst/UART_TX_CONTROLLER_inst/FSM_onehot_current_state_reg[5]/C

Slack:                    inf
  Source:                 reset_b
                            (input port)
  Destination:            UART_inst/UART_TX_inst/UART_TX_CONTROLLER_inst/FSM_onehot_current_state_reg[6]/CLR
                            (removal check against rising-edge clock UART_clk_clk_wiz_0  {rise@0.000ns fall@86.806ns period=173.611ns})
  Path Group:             (none)
  Path Type:              Removal (Min at Fast Process Corner)
  Data Path Delay:        3.112ns  (logic 0.214ns (6.873%)  route 2.898ns (93.127%))
  Logic Levels:           2  (IBUF=1 LUT1=1)
  Clock Path Skew:        0.857ns (DCD - SCD - CPR)
    Destination Clock Delay (DCD):    0.857ns
    Source Clock Delay      (SCD):    0.000ns
    Clock Pessimism Removal (CPR):    -0.000ns

    Location             Delay type                Incr(ns)  Path(ns)    Netlist Resource(s)
  -------------------------------------------------------------------    -------------------
    W18                                               0.000     0.000 r  reset_b (IN)
                         net (fo=0)                   0.000     0.000    reset_b
    W18                  IBUF (Prop_ibuf_I_O)         0.168     0.168 r  reset_b_IBUF_inst/O
                         net (fo=19, routed)          1.571     1.739    bartlett_inst/bartlett_time_domain_inst/p_theta_inst/real_accumulator_inst/reset_b_IBUF
    SLICE_X28Y68         LUT1 (Prop_lut1_I0_O)        0.046     1.785 f  bartlett_inst/bartlett_time_domain_inst/p_theta_inst/real_accumulator_inst/MASTER_TO_UART_i_1/O
                         net (fo=2003, routed)        1.327     3.112    UART_inst/UART_TX_inst/UART_TX_CONTROLLER_inst/FSM_onehot_current_state_reg[0]_1
    SLICE_X5Y63          FDCE                                         f  UART_inst/UART_TX_inst/UART_TX_CONTROLLER_inst/FSM_onehot_current_state_reg[6]/CLR
  -------------------------------------------------------------------    -------------------

                         (clock UART_clk_clk_wiz_0 rise edge)
                                                      0.000     0.000 r  
    BUFGCTRL_X0Y0        BUFG                         0.000     0.000 r  clk_IBUF_BUFG_inst/O
                         net (fo=11692, routed)       0.817     0.817    clk_wiz_inst/inst/clk_in1
    MMCME2_ADV_X1Y0      MMCME2_ADV (Prop_mmcme2_adv_CLKIN1_CLKOUT0)
                                                     -1.375    -0.559 r  clk_wiz_inst/inst/mmcm_adv_inst/CLKOUT0
                         net (fo=1, routed)           0.530    -0.029    clk_wiz_inst/inst/UART_clk_clk_wiz_0
    BUFGCTRL_X0Y1        BUFG (Prop_bufg_I_O)         0.029     0.000 r  clk_wiz_inst/inst/clkout1_buf/O
                         net (fo=83, routed)          0.856     0.856    UART_inst/UART_TX_inst/UART_TX_CONTROLLER_inst/UART_clk
    SLICE_X5Y63          FDCE                                         r  UART_inst/UART_TX_inst/UART_TX_CONTROLLER_inst/FSM_onehot_current_state_reg[6]/C

Slack:                    inf
  Source:                 reset_b
                            (input port)
  Destination:            UART_inst/UART_TX_inst/UART_TX_CONTROLLER_inst/FSM_onehot_current_state_reg[7]/CLR
                            (removal check against rising-edge clock UART_clk_clk_wiz_0  {rise@0.000ns fall@86.806ns period=173.611ns})
  Path Group:             (none)
  Path Type:              Removal (Min at Fast Process Corner)
  Data Path Delay:        3.112ns  (logic 0.214ns (6.873%)  route 2.898ns (93.127%))
  Logic Levels:           2  (IBUF=1 LUT1=1)
  Clock Path Skew:        0.857ns (DCD - SCD - CPR)
    Destination Clock Delay (DCD):    0.857ns
    Source Clock Delay      (SCD):    0.000ns
    Clock Pessimism Removal (CPR):    -0.000ns

    Location             Delay type                Incr(ns)  Path(ns)    Netlist Resource(s)
  -------------------------------------------------------------------    -------------------
    W18                                               0.000     0.000 r  reset_b (IN)
                         net (fo=0)                   0.000     0.000    reset_b
    W18                  IBUF (Prop_ibuf_I_O)         0.168     0.168 r  reset_b_IBUF_inst/O
                         net (fo=19, routed)          1.571     1.739    bartlett_inst/bartlett_time_domain_inst/p_theta_inst/real_accumulator_inst/reset_b_IBUF
    SLICE_X28Y68         LUT1 (Prop_lut1_I0_O)        0.046     1.785 f  bartlett_inst/bartlett_time_domain_inst/p_theta_inst/real_accumulator_inst/MASTER_TO_UART_i_1/O
                         net (fo=2003, routed)        1.327     3.112    UART_inst/UART_TX_inst/UART_TX_CONTROLLER_inst/FSM_onehot_current_state_reg[0]_1
    SLICE_X5Y63          FDCE                                         f  UART_inst/UART_TX_inst/UART_TX_CONTROLLER_inst/FSM_onehot_current_state_reg[7]/CLR
  -------------------------------------------------------------------    -------------------

                         (clock UART_clk_clk_wiz_0 rise edge)
                                                      0.000     0.000 r  
    BUFGCTRL_X0Y0        BUFG                         0.000     0.000 r  clk_IBUF_BUFG_inst/O
                         net (fo=11692, routed)       0.817     0.817    clk_wiz_inst/inst/clk_in1
    MMCME2_ADV_X1Y0      MMCME2_ADV (Prop_mmcme2_adv_CLKIN1_CLKOUT0)
                                                     -1.375    -0.559 r  clk_wiz_inst/inst/mmcm_adv_inst/CLKOUT0
                         net (fo=1, routed)           0.530    -0.029    clk_wiz_inst/inst/UART_clk_clk_wiz_0
    BUFGCTRL_X0Y1        BUFG (Prop_bufg_I_O)         0.029     0.000 r  clk_wiz_inst/inst/clkout1_buf/O
                         net (fo=83, routed)          0.856     0.856    UART_inst/UART_TX_inst/UART_TX_CONTROLLER_inst/UART_clk
    SLICE_X5Y63          FDCE                                         r  UART_inst/UART_TX_inst/UART_TX_CONTROLLER_inst/FSM_onehot_current_state_reg[7]/C

Slack:                    inf
  Source:                 reset_b
                            (input port)
  Destination:            UART_inst/UART_TX_inst/UART_TX_CONTROLLER_inst/FSM_onehot_current_state_reg[9]/CLR
                            (removal check against rising-edge clock UART_clk_clk_wiz_0  {rise@0.000ns fall@86.806ns period=173.611ns})
  Path Group:             (none)
  Path Type:              Removal (Min at Fast Process Corner)
  Data Path Delay:        3.112ns  (logic 0.214ns (6.873%)  route 2.898ns (93.127%))
  Logic Levels:           2  (IBUF=1 LUT1=1)
  Clock Path Skew:        0.857ns (DCD - SCD - CPR)
    Destination Clock Delay (DCD):    0.857ns
    Source Clock Delay      (SCD):    0.000ns
    Clock Pessimism Removal (CPR):    -0.000ns

    Location             Delay type                Incr(ns)  Path(ns)    Netlist Resource(s)
  -------------------------------------------------------------------    -------------------
    W18                                               0.000     0.000 r  reset_b (IN)
                         net (fo=0)                   0.000     0.000    reset_b
    W18                  IBUF (Prop_ibuf_I_O)         0.168     0.168 r  reset_b_IBUF_inst/O
                         net (fo=19, routed)          1.571     1.739    bartlett_inst/bartlett_time_domain_inst/p_theta_inst/real_accumulator_inst/reset_b_IBUF
    SLICE_X28Y68         LUT1 (Prop_lut1_I0_O)        0.046     1.785 f  bartlett_inst/bartlett_time_domain_inst/p_theta_inst/real_accumulator_inst/MASTER_TO_UART_i_1/O
                         net (fo=2003, routed)        1.327     3.112    UART_inst/UART_TX_inst/UART_TX_CONTROLLER_inst/FSM_onehot_current_state_reg[0]_1
    SLICE_X5Y63          FDCE                                         f  UART_inst/UART_TX_inst/UART_TX_CONTROLLER_inst/FSM_onehot_current_state_reg[9]/CLR
  -------------------------------------------------------------------    -------------------

                         (clock UART_clk_clk_wiz_0 rise edge)
                                                      0.000     0.000 r  
    BUFGCTRL_X0Y0        BUFG                         0.000     0.000 r  clk_IBUF_BUFG_inst/O
                         net (fo=11692, routed)       0.817     0.817    clk_wiz_inst/inst/clk_in1
    MMCME2_ADV_X1Y0      MMCME2_ADV (Prop_mmcme2_adv_CLKIN1_CLKOUT0)
                                                     -1.375    -0.559 r  clk_wiz_inst/inst/mmcm_adv_inst/CLKOUT0
                         net (fo=1, routed)           0.530    -0.029    clk_wiz_inst/inst/UART_clk_clk_wiz_0
    BUFGCTRL_X0Y1        BUFG (Prop_bufg_I_O)         0.029     0.000 r  clk_wiz_inst/inst/clkout1_buf/O
                         net (fo=83, routed)          0.856     0.856    UART_inst/UART_TX_inst/UART_TX_CONTROLLER_inst/UART_clk
    SLICE_X5Y63          FDCE                                         r  UART_inst/UART_TX_inst/UART_TX_CONTROLLER_inst/FSM_onehot_current_state_reg[9]/C

Slack:                    inf
  Source:                 reset_b
                            (input port)
  Destination:            UART_inst/UART_TX_inst/UART_TX_DATAPATH_inst/tx_bits_register_reg[3]/PRE
                            (removal check against rising-edge clock UART_clk_clk_wiz_0  {rise@0.000ns fall@86.806ns period=173.611ns})
  Path Group:             (none)
  Path Type:              Removal (Min at Fast Process Corner)
  Data Path Delay:        3.151ns  (logic 0.214ns (6.788%)  route 2.937ns (93.212%))
  Logic Levels:           2  (IBUF=1 LUT1=1)
  Clock Path Skew:        0.858ns (DCD - SCD - CPR)
    Destination Clock Delay (DCD):    0.858ns
    Source Clock Delay      (SCD):    0.000ns
    Clock Pessimism Removal (CPR):    -0.000ns

    Location             Delay type                Incr(ns)  Path(ns)    Netlist Resource(s)
  -------------------------------------------------------------------    -------------------
    W18                                               0.000     0.000 r  reset_b (IN)
                         net (fo=0)                   0.000     0.000    reset_b
    W18                  IBUF (Prop_ibuf_I_O)         0.168     0.168 r  reset_b_IBUF_inst/O
                         net (fo=19, routed)          1.571     1.739    bartlett_inst/bartlett_time_domain_inst/p_theta_inst/real_accumulator_inst/reset_b_IBUF
    SLICE_X28Y68         LUT1 (Prop_lut1_I0_O)        0.046     1.785 f  bartlett_inst/bartlett_time_domain_inst/p_theta_inst/real_accumulator_inst/MASTER_TO_UART_i_1/O
                         net (fo=2003, routed)        1.366     3.151    UART_inst/UART_TX_inst/UART_TX_DATAPATH_inst/tx_bits_register_reg[0]_0
    SLICE_X6Y62          FDPE                                         f  UART_inst/UART_TX_inst/UART_TX_DATAPATH_inst/tx_bits_register_reg[3]/PRE
  -------------------------------------------------------------------    -------------------

                         (clock UART_clk_clk_wiz_0 rise edge)
                                                      0.000     0.000 r  
    BUFGCTRL_X0Y0        BUFG                         0.000     0.000 r  clk_IBUF_BUFG_inst/O
                         net (fo=11692, routed)       0.817     0.817    clk_wiz_inst/inst/clk_in1
    MMCME2_ADV_X1Y0      MMCME2_ADV (Prop_mmcme2_adv_CLKIN1_CLKOUT0)
                                                     -1.375    -0.559 r  clk_wiz_inst/inst/mmcm_adv_inst/CLKOUT0
                         net (fo=1, routed)           0.530    -0.029    clk_wiz_inst/inst/UART_clk_clk_wiz_0
    BUFGCTRL_X0Y1        BUFG (Prop_bufg_I_O)         0.029     0.000 r  clk_wiz_inst/inst/clkout1_buf/O
                         net (fo=83, routed)          0.858     0.858    UART_inst/UART_TX_inst/UART_TX_DATAPATH_inst/UART_clk
    SLICE_X6Y62          FDPE                                         r  UART_inst/UART_TX_inst/UART_TX_DATAPATH_inst/tx_bits_register_reg[3]/C

Slack:                    inf
  Source:                 reset_b
                            (input port)
  Destination:            UART_inst/UART_TX_inst/UART_TX_DATAPATH_inst/tx_bits_register_reg[1]/PRE
                            (removal check against rising-edge clock UART_clk_clk_wiz_0  {rise@0.000ns fall@86.806ns period=173.611ns})
  Path Group:             (none)
  Path Type:              Removal (Min at Fast Process Corner)
  Data Path Delay:        3.173ns  (logic 0.214ns (6.740%)  route 2.959ns (93.260%))
  Logic Levels:           2  (IBUF=1 LUT1=1)
  Clock Path Skew:        0.858ns (DCD - SCD - CPR)
    Destination Clock Delay (DCD):    0.858ns
    Source Clock Delay      (SCD):    0.000ns
    Clock Pessimism Removal (CPR):    -0.000ns

    Location             Delay type                Incr(ns)  Path(ns)    Netlist Resource(s)
  -------------------------------------------------------------------    -------------------
    W18                                               0.000     0.000 r  reset_b (IN)
                         net (fo=0)                   0.000     0.000    reset_b
    W18                  IBUF (Prop_ibuf_I_O)         0.168     0.168 r  reset_b_IBUF_inst/O
                         net (fo=19, routed)          1.571     1.739    bartlett_inst/bartlett_time_domain_inst/p_theta_inst/real_accumulator_inst/reset_b_IBUF
    SLICE_X28Y68         LUT1 (Prop_lut1_I0_O)        0.046     1.785 f  bartlett_inst/bartlett_time_domain_inst/p_theta_inst/real_accumulator_inst/MASTER_TO_UART_i_1/O
                         net (fo=2003, routed)        1.388     3.173    UART_inst/UART_TX_inst/UART_TX_DATAPATH_inst/tx_bits_register_reg[0]_0
    SLICE_X5Y62          FDPE                                         f  UART_inst/UART_TX_inst/UART_TX_DATAPATH_inst/tx_bits_register_reg[1]/PRE
  -------------------------------------------------------------------    -------------------

                         (clock UART_clk_clk_wiz_0 rise edge)
                                                      0.000     0.000 r  
    BUFGCTRL_X0Y0        BUFG                         0.000     0.000 r  clk_IBUF_BUFG_inst/O
                         net (fo=11692, routed)       0.817     0.817    clk_wiz_inst/inst/clk_in1
    MMCME2_ADV_X1Y0      MMCME2_ADV (Prop_mmcme2_adv_CLKIN1_CLKOUT0)
                                                     -1.375    -0.559 r  clk_wiz_inst/inst/mmcm_adv_inst/CLKOUT0
                         net (fo=1, routed)           0.530    -0.029    clk_wiz_inst/inst/UART_clk_clk_wiz_0
    BUFGCTRL_X0Y1        BUFG (Prop_bufg_I_O)         0.029     0.000 r  clk_wiz_inst/inst/clkout1_buf/O
                         net (fo=83, routed)          0.858     0.858    UART_inst/UART_TX_inst/UART_TX_DATAPATH_inst/UART_clk
    SLICE_X5Y62          FDPE                                         r  UART_inst/UART_TX_inst/UART_TX_DATAPATH_inst/tx_bits_register_reg[1]/C

Slack:                    inf
  Source:                 reset_b
                            (input port)
  Destination:            UART_inst/UART_TX_inst/UART_TX_DATAPATH_inst/tx_bits_register_reg[6]/PRE
                            (removal check against rising-edge clock UART_clk_clk_wiz_0  {rise@0.000ns fall@86.806ns period=173.611ns})
  Path Group:             (none)
  Path Type:              Removal (Min at Fast Process Corner)
  Data Path Delay:        3.173ns  (logic 0.214ns (6.740%)  route 2.959ns (93.260%))
  Logic Levels:           2  (IBUF=1 LUT1=1)
  Clock Path Skew:        0.858ns (DCD - SCD - CPR)
    Destination Clock Delay (DCD):    0.858ns
    Source Clock Delay      (SCD):    0.000ns
    Clock Pessimism Removal (CPR):    -0.000ns

    Location             Delay type                Incr(ns)  Path(ns)    Netlist Resource(s)
  -------------------------------------------------------------------    -------------------
    W18                                               0.000     0.000 r  reset_b (IN)
                         net (fo=0)                   0.000     0.000    reset_b
    W18                  IBUF (Prop_ibuf_I_O)         0.168     0.168 r  reset_b_IBUF_inst/O
                         net (fo=19, routed)          1.571     1.739    bartlett_inst/bartlett_time_domain_inst/p_theta_inst/real_accumulator_inst/reset_b_IBUF
    SLICE_X28Y68         LUT1 (Prop_lut1_I0_O)        0.046     1.785 f  bartlett_inst/bartlett_time_domain_inst/p_theta_inst/real_accumulator_inst/MASTER_TO_UART_i_1/O
                         net (fo=2003, routed)        1.388     3.173    UART_inst/UART_TX_inst/UART_TX_DATAPATH_inst/tx_bits_register_reg[0]_0
    SLICE_X5Y62          FDPE                                         f  UART_inst/UART_TX_inst/UART_TX_DATAPATH_inst/tx_bits_register_reg[6]/PRE
  -------------------------------------------------------------------    -------------------

                         (clock UART_clk_clk_wiz_0 rise edge)
                                                      0.000     0.000 r  
    BUFGCTRL_X0Y0        BUFG                         0.000     0.000 r  clk_IBUF_BUFG_inst/O
                         net (fo=11692, routed)       0.817     0.817    clk_wiz_inst/inst/clk_in1
    MMCME2_ADV_X1Y0      MMCME2_ADV (Prop_mmcme2_adv_CLKIN1_CLKOUT0)
                                                     -1.375    -0.559 r  clk_wiz_inst/inst/mmcm_adv_inst/CLKOUT0
                         net (fo=1, routed)           0.530    -0.029    clk_wiz_inst/inst/UART_clk_clk_wiz_0
    BUFGCTRL_X0Y1        BUFG (Prop_bufg_I_O)         0.029     0.000 r  clk_wiz_inst/inst/clkout1_buf/O
                         net (fo=83, routed)          0.858     0.858    UART_inst/UART_TX_inst/UART_TX_DATAPATH_inst/UART_clk
    SLICE_X5Y62          FDPE                                         r  UART_inst/UART_TX_inst/UART_TX_DATAPATH_inst/tx_bits_register_reg[6]/C

Slack:                    inf
  Source:                 reset_b
                            (input port)
  Destination:            UART_inst/UART_TX_inst/UART_TX_DATAPATH_inst/tx_bits_register_reg[7]/PRE
                            (removal check against rising-edge clock UART_clk_clk_wiz_0  {rise@0.000ns fall@86.806ns period=173.611ns})
  Path Group:             (none)
  Path Type:              Removal (Min at Fast Process Corner)
  Data Path Delay:        3.173ns  (logic 0.214ns (6.740%)  route 2.959ns (93.260%))
  Logic Levels:           2  (IBUF=1 LUT1=1)
  Clock Path Skew:        0.858ns (DCD - SCD - CPR)
    Destination Clock Delay (DCD):    0.858ns
    Source Clock Delay      (SCD):    0.000ns
    Clock Pessimism Removal (CPR):    -0.000ns

    Location             Delay type                Incr(ns)  Path(ns)    Netlist Resource(s)
  -------------------------------------------------------------------    -------------------
    W18                                               0.000     0.000 r  reset_b (IN)
                         net (fo=0)                   0.000     0.000    reset_b
    W18                  IBUF (Prop_ibuf_I_O)         0.168     0.168 r  reset_b_IBUF_inst/O
                         net (fo=19, routed)          1.571     1.739    bartlett_inst/bartlett_time_domain_inst/p_theta_inst/real_accumulator_inst/reset_b_IBUF
    SLICE_X28Y68         LUT1 (Prop_lut1_I0_O)        0.046     1.785 f  bartlett_inst/bartlett_time_domain_inst/p_theta_inst/real_accumulator_inst/MASTER_TO_UART_i_1/O
                         net (fo=2003, routed)        1.388     3.173    UART_inst/UART_TX_inst/UART_TX_DATAPATH_inst/tx_bits_register_reg[0]_0
    SLICE_X5Y62          FDPE                                         f  UART_inst/UART_TX_inst/UART_TX_DATAPATH_inst/tx_bits_register_reg[7]/PRE
  -------------------------------------------------------------------    -------------------

                         (clock UART_clk_clk_wiz_0 rise edge)
                                                      0.000     0.000 r  
    BUFGCTRL_X0Y0        BUFG                         0.000     0.000 r  clk_IBUF_BUFG_inst/O
                         net (fo=11692, routed)       0.817     0.817    clk_wiz_inst/inst/clk_in1
    MMCME2_ADV_X1Y0      MMCME2_ADV (Prop_mmcme2_adv_CLKIN1_CLKOUT0)
                                                     -1.375    -0.559 r  clk_wiz_inst/inst/mmcm_adv_inst/CLKOUT0
                         net (fo=1, routed)           0.530    -0.029    clk_wiz_inst/inst/UART_clk_clk_wiz_0
    BUFGCTRL_X0Y1        BUFG (Prop_bufg_I_O)         0.029     0.000 r  clk_wiz_inst/inst/clkout1_buf/O
                         net (fo=83, routed)          0.858     0.858    UART_inst/UART_TX_inst/UART_TX_DATAPATH_inst/UART_clk
    SLICE_X5Y62          FDPE                                         r  UART_inst/UART_TX_inst/UART_TX_DATAPATH_inst/tx_bits_register_reg[7]/C





